N,rho_ent,P_ent,w_ent,conservation_residual
-1.5000000000e+01,8.2015748478e-01,-3.2057930452e-01,-3.9087530196e-01,2.2823152920e-03
-1.4990000000e+01,8.0532462632e-01,-3.1600633262e-01,-3.9239621178e-01,-1.8987624137e-06
-1.4980000000e+01,7.9079606171e-01,-3.1150510533e-01,-3.9391332407e-01,-1.8940214659e-06
-1.4970000000e+01,7.7656490073e-01,-3.0707445589e-01,-3.9542664832e-01,-1.8892923455e-06
-1.4960000000e+01,7.6262442254e-01,-3.0271323572e-01,-3.9693619398e-01,-1.8845751344e-06
-1.4950000000e+01,7.4896807128e-01,-2.9842031415e-01,-3.9844197049e-01,-1.8798695647e-06
-1.4940000000e+01,7.3558945170e-01,-2.9419457830e-01,-3.9994398726e-01,-1.8751756188e-06
-1.4930000000e+01,7.2248232490e-01,-2.9003493275e-01,-4.0144225368e-01,-1.8704935707e-06
-1.4920000000e+01,7.0964060427e-01,-2.8594029941e-01,-4.0293677911e-01,-1.8658231136e-06
-1.4910000000e+01,6.9705835148e-01,-2.8190961725e-01,-4.0442757289e-01,-1.8611644013e-06
-1.4900000000e+01,6.8472977259e-01,-2.7794184211e-01,-4.0591464435e-01,-1.8565173476e-06
-1.4890000000e+01,6.7264921428e-01,-2.7403594646e-01,-4.0739800276e-01,-1.8518818181e-06
-1.4880000000e+01,6.6081116020e-01,-2.7019091918e-01,-4.0887765742e-01,-1.8472580434e-06
-1.4870000000e+01,6.4921022738e-01,-2.6640576536e-01,-4.1035361756e-01,-1.8426456729e-06
-1.4860000000e+01,6.3784116278e-01,-2.6267950607e-01,-4.1182589240e-01,-1.8380447064e-06
-1.4850000000e+01,6.2669883991e-01,-2.5901117815e-01,-4.1329449116e-01,-1.8334553193e-06
-1.4840000000e+01,6.1577825556e-01,-2.5539983397e-01,-4.1475942300e-01,-1.8288773178e-06
-1.4830000000e+01,6.0507452661e-01,-2.5184454126e-01,-4.1622069709e-01,-1.8243109017e-06
-1.4820000000e+01,5.9458288692e-01,-2.4834438283e-01,-4.1767832256e-01,-1.8197558227e-06
-1.4810000000e+01,5.8429868435e-01,-2.4489845643e-01,-4.1913230851e-01,-1.8152120640e-06
-1.4800000000e+01,5.7421737776e-01,-2.4150587448e-01,-4.2058266404e-01,-1.8106799182e-06
-1.4790000000e+01,5.6433453426e-01,-2.3816576388e-01,-4.2202939821e-01,-1.8061588527e-06
-1.4780000000e+01,5.5464582634e-01,-2.3487726582e-01,-4.2347252006e-01,-1.8016489169e-06
-1.4770000000e+01,5.4514702923e-01,-2.3163953553e-01,-4.2491203861e-01,-1.7971504325e-06
-1.4760000000e+01,5.3583401825e-01,-2.2845174211e-01,-4.2634796286e-01,-1.7926632101e-06
-1.4750000000e+01,5.2670276629e-01,-2.2531306832e-01,-4.2778030178e-01,-1.7881871477e-06
-1.4740000000e+01,5.1774934129e-01,-2.2222271033e-01,-4.2920906433e-01,-1.7837221677e-06
-1.4730000000e+01,5.0896990384e-01,-2.1917987761e-01,-4.3063425943e-01,-1.7792684956e-06
-1.4720000000e+01,5.0036070483e-01,-2.1618379265e-01,-4.3205589600e-01,-1.7748259236e-06
-1.4710000000e+01,4.9191808319e-01,-2.1323369079e-01,-4.3347398291e-01,-1.7703944952e-06
-1.4700000000e+01,4.8363846360e-01,-2.1032882002e-01,-4.3488852904e-01,-1.7659740463e-06
-1.4690000000e+01,4.7551835441e-01,-2.0746844082e-01,-4.3629954321e-01,-1.7615644954e-06
-1.4680000000e+01,4.6755434545e-01,-2.0465182590e-01,-4.3770703426e-01,-1.7571660853e-06
-1.4670000000e+01,4.5974310605e-01,-2.0187826008e-01,-4.3911101097e-01,-1.7527786531e-06
-1.4660000000e+01,4.5208138301e-01,-1.9914704007e-01,-4.4051148212e-01,-1.7484021770e-06
-1.4650000000e+01,4.4456599865e-01,-1.9645747426e-01,-4.4190845647e-01,-1.7440365718e-06
-1.4640000000e+01,4.3719384896e-01,-1.9380888260e-01,-4.4330194275e-01,-1.7396819829e-06
-1.4630000000e+01,4.2996190172e-01,-1.9120059635e-01,-4.4469194966e-01,-1.7353383761e-06
-1.4620000000e+01,4.2286719473e-01,-1.8863195796e-01,-4.4607848589e-01,-1.7310053428e-06
-1.4610000000e+01,4.1590683408e-01,-1.8610232084e-01,-4.4746156011e-01,-1.7266831225e-06
-1.4600000000e+01,4.0907799242e-01,-1.8361104923e-01,-4.4884118097e-01,-1.7223718547e-06
-1.4590000000e+01,4.0237790735e-01,-1.8115751799e-01,-4.5021735708e-01,-1.7180713028e-06
-1.4580000000e+01,3.9580387976e-01,-1.7874111247e-01,-4.5159009705e-01,-1.7137815447e-06
-1.4570000000e+01,3.8935327234e-01,-1.7636122831e-01,-4.5295940945e-01,-1.7095023634e-06
-1.4560000000e+01,3.8302350798e-01,-1.7401727126e-01,-4.5432530285e-01,-1.7052339163e-06
-1.4550000000e+01,3.7681206833e-01,-1.7170865707e-01,-4.5568778578e-01,-1.7009763555e-06
-1.4540000000e+01,3.7071649236e-01,-1.6943481129e-01,-4.5704686675e-01,-1.6967292507e-06
-1.4530000000e+01,3.6473437493e-01,-1.6719516910e-01,-4.5840255427e-01,-1.6924925732e-06
-1.4520000000e+01,3.5886336543e-01,-1.6498917519e-01,-4.5975485680e-01,-1.6882665650e-06
-1.4510000000e+01,3.5310116645e-01,-1.6281628356e-01,-4.6110378280e-01,-1.6840511952e-06
-1.4500000000e+01,3.4744553248e-01,-1.6067595742e-01,-4.6244934070e-01,-1.6798463600e-06
-1.4490000000e+01,3.4189426864e-01,-1.5856766899e-01,-4.6379153890e-01,-1.6756519532e-06
-1.4480000000e+01,3.3644522945e-01,-1.5649089937e-01,-4.6513038579e-01,-1.6714680129e-06
-1.4470000000e+01,3.3109631766e-01,-1.5444513841e-01,-4.6646588975e-01,-1.6672946233e-06
-1.4460000000e+01,3.2584548301e-01,-1.5242988453e-01,-4.6779805912e-01,-1.6631317490e-06
-1.4450000000e+01,3.2069072117e-01,-1.5044464460e-01,-4.6912690223e-01,-1.6589790941e-06
-1.4440000000e+01,3.1563007259e-01,-1.4848893380e-01,-4.7045242738e-01,-1.6548366644e-06
-1.4430000000e+01,3.1066162141e-01,-1.4656227549e-01,-4.7177464285e-01,-1.6507047280e-06
-1.4420000000e+01,3.0578349444e-01,-1.4466420103e-01,-4.7309355692e-01,-1.6465831918e-06
-1.4410000000e+01,3.0099386012e-01,-1.4279424970e-01,-4.7440917781e-01,-1.6424718561e-06
-1.4400000000e+01,2.9629092751e-01,-1.4095196855e-01,-4.7572151376e-01,-1.6383707682e-06
-1.4390000000e+01,2.9167294533e-01,-1.3913691223e-01,-4.7703057297e-01,-1.6342799791e-06
-1.4380000000e+01,2.8713820102e-01,-1.3734864294e-01,-4.7833636362e-01,-1.6301995620e-06
-1.4370000000e+01,2.8268501979e-01,-1.3558673021e-01,-4.7963889387e-01,-1.6261291353e-06
-1.4360000000e+01,2.7831176374e-01,-1.3385075086e-01,-4.8093817186e-01,-1.6220686758e-06
-1.4350000000e+01,2.7401683097e-01,-1.3214028884e-01,-4.8223420572e-01,-1.6180185811e-06
-1.4340000000e+01,2.6979865474e-01,-1.3045493508e-01,-4.8352700353e-01,-1.6139786250e-06
-1.4330000000e+01,2.6565570262e-01,-1.2879428745e-01,-4.8481657339e-01,-1.6099487365e-06
-1.4320000000e+01,2.6158647569e-01,-1.2715795054e-01,-4.8610292335e-01,-1.6059288932e-06
-1.4310000000e+01,2.5758950775e-01,-1.2554553565e-01,-4.8738606145e-01,-1.6019190299e-06
-1.4300000000e+01,2.5366336453e-01,-1.2395666060e-01,-4.8866599571e-01,-1.5979193420e-06
-1.4290000000e+01,2.4980664295e-01,-1.2239094965e-01,-4.8994273413e-01,-1.5939296309e-06
-1.4280000000e+01,2.4601797039e-01,-1.2084803339e-01,-4.9121628470e-01,-1.5899496473e-06
-1.4270000000e+01,2.4229600399e-01,-1.1932754861e-01,-4.9248665536e-01,-1.5859796876e-06
-1.4260000000e+01,2.3863942990e-01,-1.1782913824e-01,-4.9375385406e-01,-1.5820196806e-06
-1.4250000000e+01,2.3504696266e-01,-1.1635245121e-01,-4.9501788873e-01,-1.5780695528e-06
-1.4240000000e+01,2.3151734451e-01,-1.1489714233e-01,-4.9627876725e-01,-1.5741293258e-06
-1.4230000000e+01,2.2804934474e-01,-1.1346287224e-01,-4.9753649751e-01,-1.5701989506e-06
-1.4220000000e+01,2.2464175908e-01,-1.1204930728e-01,-4.9879108738e-01,-1.5662783683e-06
-1.4210000000e+01,2.2129340905e-01,-1.1065611939e-01,-5.0004254469e-01,-1.5623677017e-06
-1.4200000000e+01,2.1800314142e-01,-1.0928298601e-01,-5.0129087726e-01,-1.5584666022e-06
-1.4190000000e+01,2.1476982757e-01,-1.0792959002e-01,-5.0253609290e-01,-1.5545751944e-06
-1.4180000000e+01,2.1159236294e-01,-1.0659561961e-01,-5.0377819939e-01,-1.5506936513e-06
-1.4170000000e+01,2.0846966649e-01,-1.0528076819e-01,-5.0501720449e-01,-1.5468217096e-06
-1.4160000000e+01,2.0540068012e-01,-1.0398473433e-01,-5.0625311594e-01,-1.5429594888e-06
-1.4150000000e+01,2.0238436821e-01,-1.0270722164e-01,-5.0748594148e-01,-1.5391069219e-06
-1.4140000000e+01,1.9941971703e-01,-1.0144793871e-01,-5.0871568880e-01,-1.5352639460e-06
-1.4130000000e+01,1.9650573426e-01,-1.0020659898e-01,-5.0994236559e-01,-1.5314306905e-06
-1.4120000000e+01,1.9364144856e-01,-9.8982920728e-02,-5.1116597952e-01,-1.5276069123e-06
-1.4110000000e+01,1.9082590898e-01,-9.7776626911e-02,-5.1238653824e-01,-1.5237925348e-06
-1.4100000000e+01,1.8805818461e-01,-9.6587445132e-02,-5.1360404937e-01,-1.5199878425e-06
-1.4090000000e+01,1.8533736402e-01,-9.5415107545e-02,-5.1481852053e-01,-1.5161926419e-06
-1.4080000000e+01,1.8266255492e-01,-9.4259350778e-02,-5.1602995930e-01,-1.5124068489e-06
-1.4070000000e+01,1.8003288362e-01,-9.3119915856e-02,-5.1723837325e-01,-1.5086305003e-06
-1.4060000000e+01,1.7744749470e-01,-9.1996548121e-02,-5.1844376994e-01,-1.5048637168e-06
-1.4050000000e+01,1.7490555055e-01,-9.0888997165e-02,-5.1964615691e-01,-1.5011063983e-06
-1.4040000000e+01,1.7240623096e-01,-8.9797016752e-02,-5.2084554166e-01,-1.4973582365e-06
-1.4030000000e+01,1.6994873277e-01,-8.8720364746e-02,-5.2204193170e-01,-1.4936193833e-06
-1.4020000000e+01,1.6753226944e-01,-8.7658803039e-02,-5.2323533449e-01,-1.4898900196e-06
-1.4010000000e+01,1.6515607071e-01,-8.6612097488e-02,-5.2442575751e-01,-1.4861700031e-06
-1.4000000000e+01,1.6281938221e-01,-8.5580017837e-02,-5.2561320818e-01,-1.4824592316e-06
-1.3990000000e+01,1.6052146513e-01,-8.4562337657e-02,-5.2679769394e-01,-1.4787576594e-06
-1.3980000000e+01,1.5826159585e-01,-8.3558834279e-02,-5.2797922218e-01,-1.4750653836e-06
-1.3970000000e+01,1.5603906563e-01,-8.2569288725e-02,-5.2915780029e-01,-1.4713823462e-06
-1.3960000000e+01,1.5385318022e-01,-8.1593485648e-02,-5.3033343563e-01,-1.4677085534e-06
-1.3950000000e+01,1.5170325961e-01,-8.0631213268e-02,-5.3150613555e-01,-1.4640438895e-06
-1.3940000000e+01,1.4958863768e-01,-7.9682263311e-02,-5.3267590739e-01,-1.4603882672e-06
-1.3930000000e+01,1.4750866187e-01,-7.8746430948e-02,-5.3384275845e-01,-1.4567418420e-06
-1.3920000000e+01,1.4546269292e-01,-7.7823514734e-02,-5.3500669603e-01,-1.4531045398e-06
-1.3910000000e+01,1.4345010456e-01,-7.6913316554e-02,-5.3616772739e-01,-1.4494763256e-06
-1.3900000000e+01,1.4147028321e-01,-7.6015641560e-02,-5.3732585980e-01,-1.4458571176e-06
-1.3890000000e+01,1.3952262772e-01,-7.5130298118e-02,-5.3848110050e-01,-1.4422471466e-06
-1.3880000000e+01,1.3760654909e-01,-7.4257097753e-02,-5.3963345671e-01,-1.4386460265e-06
-1.3870000000e+01,1.3572147022e-01,-7.3395855092e-02,-5.4078293562e-01,-1.4350537840e-06
-1.3860000000e+01,1.3386682560e-01,-7.2546387811e-02,-5.4192954442e-01,-1.4314706687e-06
-1.3850000000e+01,1.3204206111e-01,-7.1708516585e-02,-5.4307329028e-01,-1.4278964038e-06
-1.3840000000e+01,1.3024663376e-01,-7.0882065033e-02,-5.4421418035e-01,-1.4243311008e-06
-1.3830000000e+01,1.2848001141e-01,-7.0066859671e-02,-5.4535222175e-01,-1.4207747154e-06
-1.3820000000e+01,1.2674167258e-01,-6.9262729856e-02,-5.4648742161e-01,-1.4172272047e-06
-1.3810000000e+01,1.2503110620e-01,-6.8469507745e-02,-5.4761978701e-01,-1.4136886026e-06
-1.3800000000e+01,1.2334781138e-01,-6.7687028239e-02,-5.4874932503e-01,-1.4101590002e-06
-1.3790000000e+01,1.2169129721e-01,-6.6915128943e-02,-5.4987604273e-01,-1.4066379439e-06
-1.3780000000e+01,1.2006108250e-01,-6.6153650112e-02,-5.5099994716e-01,-1.4031255875e-06
-1.3770000000e+01,1.1845669562e-01,-6.5402434613e-02,-5.5212104533e-01,-1.3996221861e-06
-1.3760000000e+01,1.1687767427e-01,-6.4661327874e-02,-5.5323934427e-01,-1.3961274450e-06
-1.3750000000e+01,1.1532356528e-01,-6.3930177842e-02,-5.5435485094e-01,-1.3926415188e-06
-1.3740000000e+01,1.1379392442e-01,-6.3208834942e-02,-5.5546757233e-01,-1.3891642785e-06
-1.3730000000e+01,1.1228831619e-01,-6.2497152032e-02,-5.5657751539e-01,-1.3856957040e-06
-1.3720000000e+01,1.1080631367e-01,-6.1794984361e-02,-5.5768468706e-01,-1.3822358209e-06
-1.3710000000e+01,1.0934749829e-01,-6.1102189529e-02,-5.5878909426e-01,-1.3787846249e-06
-1.3700000000e+01,1.0791145970e-01,-6.0418627447e-02,-5.5989074389e-01,-1.3753419501e-06
-1.3690000000e+01,1.0649779556e-01,-5.9744160295e-02,-5.6098964283e-01,-1.3719077694e-06
-1.3680000000e+01,1.0510611138e-01,-5.9078652487e-02,-5.6208579796e-01,-1.3684822873e-06
-1.3670000000e+01,1.0373602036e-01,-5.8421970629e-02,-5.6317921613e-01,-1.3650653747e-06
-1.3660000000e+01,1.0238714321e-01,-5.7773983485e-02,-5.6426990416e-01,-1.3616570107e-06
-1.3650000000e+01,1.0105910801e-01,-5.7134561936e-02,-5.6535786887e-01,-1.3582570983e-06
-1.3640000000e+01,9.9751550058e-02,-5.6503578948e-02,-5.6644311708e-01,-1.3548658151e-06
-1.3630000000e+01,9.8464111687e-02,-5.5880909533e-02,-5.6752565555e-01,-1.3514828983e-06
-1.3620000000e+01,9.7196442148e-02,-5.5266430716e-02,-5.6860549105e-01,-1.3481082120e-06
-1.3610000000e+01,9.5948197450e-02,-5.4660021500e-02,-5.6968263034e-01,-1.3447421672e-06
-1.3600000000e+01,9.4719040223e-02,-5.4061562832e-02,-5.7075708014e-01,-1.3413846029e-06
-1.3590000000e+01,9.3508639577e-02,-5.3470937570e-02,-5.7182884717e-01,-1.3380352681e-06
-1.3580000000e+01,9.2316670965e-02,-5.2888030452e-02,-5.7289793814e-01,-1.3346943237e-06
-1.3570000000e+01,9.1142816057e-02,-5.2312728060e-02,-5.7396435971e-01,-1.3313618263e-06
-1.3560000000e+01,8.9986762604e-02,-5.1744918795e-02,-5.7502811856e-01,-1.3280375630e-06
-1.3550000000e+01,8.8848204312e-02,-5.1184492838e-02,-5.7608922133e-01,-1.3247216439e-06
-1.3540000000e+01,8.7726840722e-02,-5.0631342128e-02,-5.7714767466e-01,-1.3214140280e-06
-1.3530000000e+01,8.6622377087e-02,-5.0085360324e-02,-5.7820348516e-01,-1.3181145546e-06
-1.3520000000e+01,8.5534524252e-02,-4.9546442784e-02,-5.7925665943e-01,-1.3148233398e-06
-1.3510000000e+01,8.4462998542e-02,-4.9014486530e-02,-5.8030720405e-01,-1.3115403847e-06
-1.3500000000e+01,8.3407521644e-02,-4.8489390221e-02,-5.8135512559e-01,-1.3082656343e-06
-1.3490000000e+01,8.2367820502e-02,-4.7971054128e-02,-5.8240043060e-01,-1.3049990566e-06
-1.3480000000e+01,8.1343627205e-02,-4.7459380105e-02,-5.8344312562e-01,-1.3017406533e-06
-1.3470000000e+01,8.0334678882e-02,-4.6954271561e-02,-5.8448321715e-01,-1.2984903819e-06
-1.3460000000e+01,7.9340717601e-02,-4.6455633436e-02,-5.8552071169e-01,-1.2952483022e-06
-1.3450000000e+01,7.8361490263e-02,-4.5963372172e-02,-5.8655561575e-01,-1.2920141865e-06
-1.3440000000e+01,7.7396748508e-02,-4.5477395691e-02,-5.8758793577e-01,-1.2887880836e-06
-1.3430000000e+01,7.6446248618e-02,-4.4997613370e-02,-5.8861767821e-01,-1.2855701983e-06
-1.3420000000e+01,7.5509751417e-02,-4.4523936012e-02,-5.8964484952e-01,-1.2823602789e-06
-1.3410000000e+01,7.4587022186e-02,-4.4056275827e-02,-5.9066945610e-01,-1.2791582917e-06
-1.3400000000e+01,7.3677830568e-02,-4.3594546408e-02,-5.9169150437e-01,-1.2759644101e-06
-1.3390000000e+01,7.2781950480e-02,-4.3138662702e-02,-5.9271100071e-01,-1.2727786229e-06
-1.3380000000e+01,7.1899160026e-02,-4.2688540996e-02,-5.9372795149e-01,-1.2696006770e-06
-1.3370000000e+01,7.1029241416e-02,-4.2244098887e-02,-5.9474236307e-01,-1.2664305269e-06
-1.3360000000e+01,7.0171980879e-02,-4.1805255263e-02,-5.9575424178e-01,-1.2632683710e-06
-1.3350000000e+01,6.9327168584e-02,-4.1371930284e-02,-5.9676359396e-01,-1.2601141659e-06
-1.3340000000e+01,6.8494598560e-02,-4.0944045354e-02,-5.9777042592e-01,-1.2569678363e-06
-1.3330000000e+01,6.7674068619e-02,-4.0521523108e-02,-5.9877474393e-01,-1.2538293022e-06
-1.3320000000e+01,6.6865380279e-02,-4.0104287385e-02,-5.9977655429e-01,-1.2506986664e-06
-1.3310000000e+01,6.6068338694e-02,-3.9692263212e-02,-6.0077586324e-01,-1.2475758868e-06
-1.3300000000e+01,6.5282752574e-02,-3.9285376781e-02,-6.0177267705e-01,-1.2444608706e-06
-1.3290000000e+01,6.4508434121e-02,-3.8883555434e-02,-6.0276700193e-01,-1.2413535708e-06
-1.3280000000e+01,6.3745198956e-02,-3.8486727639e-02,-6.0375884411e-01,-1.2382540344e-06
-1.3270000000e+01,6.2992866051e-02,-3.8094822973e-02,-6.0474820977e-01,-1.2351622329e-06
-1.3260000000e+01,6.2251257665e-02,-3.7707772105e-02,-6.0573510512e-01,-1.2320781551e-06
-1.3250000000e+01,6.1520199274e-02,-3.7325506777e-02,-6.0671953630e-01,-1.2290018541e-06
-1.3240000000e+01,6.0799519513e-02,-3.6947959784e-02,-6.0770150948e-01,-1.2259331468e-06
-1.3230000000e+01,6.0089050109e-02,-3.6575064960e-02,-6.0868103080e-01,-1.2228721225e-06
-1.3220000000e+01,5.9388625824e-02,-3.6206757159e-02,-6.0965810637e-01,-1.2198188180e-06
-1.3210000000e+01,5.8698084390e-02,-3.5842972239e-02,-6.1063274230e-01,-1.2167731533e-06
-1.3200000000e+01,5.8017266457e-02,-3.5483647042e-02,-6.1160494468e-01,-1.2137349805e-06
-1.3190000000e+01,5.7346015531e-02,-3.5128719384e-02,-6.1257471960e-01,-1.2107043952e-06
-1.3180000000e+01,5.6684177919e-02,-3.4778128033e-02,-6.1354207310e-01,-1.2076814544e-06
-1.3170000000e+01,5.6031602675e-02,-3.4431812695e-02,-6.1450701125e-01,-1.2046659987e-06
-1.3160000000e+01,5.5388141546e-02,-3.4089714002e-02,-6.1546954006e-01,-1.2016580568e-06
-1.3150000000e+01,5.4753648920e-02,-3.3751773491e-02,-6.1642966555e-01,-1.1986576440e-06
-1.3140000000e+01,5.4127981772e-02,-3.3417933594e-02,-6.1738739373e-01,-1.1956648571e-06
-1.3130000000e+01,5.3510999619e-02,-3.3088137620e-02,-6.1834273057e-01,-1.1926794519e-06
-1.3120000000e+01,5.2902564464e-02,-3.2762329742e-02,-6.1929568206e-01,-1.1897013532e-06
-1.3110000000e+01,5.2302540753e-02,-3.2440454984e-02,-6.2024625415e-01,-1.1867308367e-06
-1.3100000000e+01,5.1710795325e-02,-3.2122459204e-02,-6.2119445277e-01,-1.1837677290e-06
-1.3090000000e+01,5.1127197368e-02,-3.1808289083e-02,-6.2214028385e-01,-1.1808119635e-06
-1.3080000000e+01,5.0551618371e-02,-3.1497892111e-02,-6.2308375332e-01,-1.1778636233e-06
-1.3070000000e+01,4.9983932080e-02,-3.1191216571e-02,-6.2402486705e-01,-1.1749226541e-06
-1.3060000000e+01,4.9424014459e-02,-3.0888211532e-02,-6.2496363094e-01,-1.1719890407e-06
-1.3050000000e+01,4.8871743640e-02,-3.0588826830e-02,-6.2590005085e-01,-1.1690628283e-06
-1.3040000000e+01,4.8326999889e-02,-3.0293013058e-02,-6.2683413263e-01,-1.1661437671e-06
-1.3030000000e+01,4.7789665559e-02,-3.0000721557e-02,-6.2776588213e-01,-1.1632319532e-06
-1.3020000000e+01,4.7259625055e-02,-2.9711904396e-02,-6.2869530516e-01,-1.1603275403e-06
-1.3010000000e+01,4.6736764789e-02,-2.9426514367e-02,-6.2962240754e-01,-1.1574303376e-06
-1.3000000000e+01,4.6220973150e-02,-2.9144504972e-02,-6.3054719505e-01,-1.1545404055e-06
-1.2990000000e+01,4.5712140458e-02,-2.8865830409e-02,-6.3146967349e-01,-1.1516576350e-06
-1.2980000000e+01,4.5210158933e-02,-2.8590445563e-02,-6.3238984861e-01,-1.1487821412e-06
-1.2970000000e+01,4.4714922656e-02,-2.8318305993e-02,-6.3330772616e-01,-1.1459137510e-06
-1.2960000000e+01,4.4226327537e-02,-2.8049367923e-02,-6.3422331188e-01,-1.1430525095e-06
-1.2950000000e+01,4.3744271275e-02,-2.7783588230e-02,-6.3513661150e-01,-1.1401985265e-06
-1.2940000000e+01,4.3268653330e-02,-2.7520924435e-02,-6.3604763073e-01,-1.1373514972e-06
-1.2930000000e+01,4.2799374887e-02,-2.7261334691e-02,-6.3695637525e-01,-1.1345116611e-06
-1.2920000000e+01,4.2336338823e-02,-2.7004777772e-02,-6.3786285074e-01,-1.1316789932e-06
-1.2910000000e+01,4.1879449677e-02,-2.6751213065e-02,-6.3876706288e-01,-1.1288533153e-06
-1.2900000000e+01,4.1428613618e-02,-2.6500600562e-02,-6.3966901731e-01,-1.1260346411e-06
-1.2890000000e+01,4.0983738414e-02,-2.6252900843e-02,-6.4056871967e-01,-1.1232231980e-06
-1.2880000000e+01,4.0544733402e-02,-2.6008075075e-02,-6.4146617558e-01,-1.1204185748e-06
-1.2870000000e+01,4.0111509461e-02,-2.5766084998e-02,-6.4236139066e-01,-1.1176210051e-06
-1.2860000000e+01,3.9683978980e-02,-2.5526892917e-02,-6.4325437049e-01,-1.1148304970e-06
-1.2850000000e+01,3.9262055832e-02,-2.5290461692e-02,-6.4414512066e-01,-1.1120468013e-06
-1.2840000000e+01,3.8845655348e-02,-2.5056754729e-02,-6.4503364674e-01,-1.1092702530e-06
-1.2830000000e+01,3.8434694283e-02,-2.4825735974e-02,-6.4591995428e-01,-1.1065005179e-06
-1.2820000000e+01,3.8029090800e-02,-2.4597369902e-02,-6.4680404881e-01,-1.1037376526e-06
-1.2810000000e+01,3.7628764435e-02,-2.4371621509e-02,-6.4768593587e-01,-1.1009818097e-06
-1.2800000000e+01,3.7233636077e-02,-2.4148456303e-02,-6.4856562097e-01,-1.0982329188e-06
-1.2790000000e+01,3.6843627939e-02,-2.3927840298e-02,-6.4944310960e-01,-1.0954907002e-06
-1.2780000000e+01,3.6458663538e-02,-2.3709740003e-02,-6.5031840725e-01,-1.0927553009e-06
-1.2770000000e+01,3.6078667669e-02,-2.3494122417e-02,-6.5119151939e-01,-1.0900268221e-06
-1.2760000000e+01,3.5703566380e-02,-2.3280955020e-02,-6.5206245147e-01,-1.0873051759e-06
-1.2750000000e+01,3.5333286950e-02,-2.3070205764e-02,-6.5293120894e-01,-1.0845903440e-06
-1.2740000000e+01,3.4967757871e-02,-2.2861843070e-02,-6.5379779723e-01,-1.0818821894e-06
-1.2730000000e+01,3.4606908817e-02,-2.2655835814e-02,-6.5466222176e-01,-1.0791809810e-06
-1.2720000000e+01,3.4250670630e-02,-2.2452153326e-02,-6.5552448792e-01,-1.0764863425e-06
-1.2710000000e+01,3.3898975296e-02,-2.2250765377e-02,-6.5638460111e-01,-1.0737984375e-06
-1.2700000000e+01,3.3551755923e-02,-2.2051642180e-02,-6.5724256671e-01,-1.0711173875e-06
-1.2690000000e+01,3.3208946723e-02,-2.1854754374e-02,-6.5809839006e-01,-1.0684428555e-06
-1.2680000000e+01,3.2870482992e-02,-2.1660073024e-02,-6.5895207654e-01,-1.0657751082e-06
-1.2670000000e+01,3.2536301087e-02,-2.1467569611e-02,-6.5980363146e-01,-1.0631139793e-06
-1.2660000000e+01,3.2206338410e-02,-2.1277216027e-02,-6.6065306015e-01,-1.0604595042e-06
-1.2650000000e+01,3.1880533389e-02,-2.1088984566e-02,-6.6150036792e-01,-1.0578117073e-06
-1.2640000000e+01,3.1558825458e-02,-2.0902847923e-02,-6.6234556007e-01,-1.0551705709e-06
-1.2630000000e+01,3.1241155041e-02,-2.0718779182e-02,-6.6318864188e-01,-1.0525358223e-06
-1.2620000000e+01,3.0927463531e-02,-2.0536751813e-02,-6.6402961862e-01,-1.0499077414e-06
-1.2610000000e+01,3.0617693277e-02,-2.0356739666e-02,-6.6486849554e-01,-1.0472863761e-06
-1.2600000000e+01,3.0311787564e-02,-2.0178716963e-02,-6.6570527789e-01,-1.0446713248e-06
-1.2590000000e+01,3.0009690594e-02,-2.0002658295e-02,-6.6653997089e-01,-1.0420629257e-06
-1.2580000000e+01,2.9711347477e-02,-1.9828538614e-02,-6.6737257977e-01,-1.0394610456e-06
-1.2570000000e+01,2.9416704207e-02,-1.9656333229e-02,-6.6820310972e-01,-1.0368655737e-06
-1.2560000000e+01,2.9125707651e-02,-1.9486017799e-02,-6.6903156595e-01,-1.0342766786e-06
-1.2550000000e+01,2.8838305532e-02,-1.9317568329e-02,-6.6985795362e-01,-1.0316943255e-06
-1.2540000000e+01,2.8554446412e-02,-1.9150961164e-02,-6.7068227790e-01,-1.0291182875e-06
-1.2530000000e+01,2.8274079683e-02,-1.8986172983e-02,-6.7150454394e-01,-1.0265485920e-06
-1.2520000000e+01,2.7997155544e-02,-1.8823180795e-02,-6.7232475689e-01,-1.0239854245e-06
-1.2510000000e+01,2.7723624995e-02,-1.8661961934e-02,-6.7314292187e-01,-1.0214287320e-06
-1.2500000000e+01,2.7453439817e-02,-1.8502494053e-02,-6.7395904398e-01,-1.0188783215e-06
-1.2490000000e+01,2.7186552560e-02,-1.8344755120e-02,-6.7477312834e-01,-1.0163342632e-06
-1.2480000000e+01,2.6922916531e-02,-1.8188723411e-02,-6.7558518004e-01,-1.0137967239e-06
-1.2470000000e+01,2.6662485778e-02,-1.8034377511e-02,-6.7639520413e-01,-1.0112653277e-06
-1.2460000000e+01,2.6405215081e-02,-1.7881696300e-02,-6.7720320570e-01,-1.0087402709e-06
-1.2450000000e+01,2.6151059935e-02,-1.7730658958e-02,-6.7800918979e-01,-1.0062216885e-06
-1.2440000000e+01,2.5899976539e-02,-1.7581244955e-02,-6.7881316143e-01,-1.0037091897e-06
-1.2430000000e+01,2.5651921784e-02,-1.7433434047e-02,-6.7961512565e-01,-1.0012030190e-06
-1.2420000000e+01,2.5406853244e-02,-1.7287206272e-02,-6.8041508747e-01,-9.9870319814e-07
-1.2410000000e+01,2.5164729156e-02,-1.7142541948e-02,-6.8121305188e-01,-9.9620952843e-07
-1.2400000000e+01,2.4925508418e-02,-1.6999421666e-02,-6.8200902387e-01,-9.9372208429e-07
-1.2390000000e+01,2.4689150571e-02,-1.6857826285e-02,-6.8280300842e-01,-9.9124097641e-07
-1.2380000000e+01,2.4455615791e-02,-1.6717736933e-02,-6.8359501048e-01,-9.8876590926e-07
-1.2370000000e+01,2.4224864875e-02,-1.6579134996e-02,-6.8438503501e-01,-9.8629707357e-07
-1.2360000000e+01,2.3996859236e-02,-1.6442002120e-02,-6.8517308695e-01,-9.8383448777e-07
-1.2350000000e+01,2.3771560885e-02,-1.6306320203e-02,-6.8595917122e-01,-9.8137790749e-07
-1.2340000000e+01,2.3548932427e-02,-1.6172071395e-02,-6.8674329273e-01,-9.7892752149e-07
-1.2330000000e+01,2.3328937048e-02,-1.6039238091e-02,-6.8752545638e-01,-9.7648326625e-07
-1.2320000000e+01,2.3111538503e-02,-1.5907802926e-02,-6.8830566707e-01,-9.7404511501e-07
-1.2310000000e+01,2.2896701112e-02,-1.5777748779e-02,-6.8908392967e-01,-9.7161303880e-07
-1.2300000000e+01,2.2684389744e-02,-1.5649058758e-02,-6.8986024904e-01,-9.6918712023e-07
-1.2290000000e+01,2.2474569813e-02,-1.5521716208e-02,-6.9063463004e-01,-9.6676715411e-07
-1.2280000000e+01,2.2267207265e-02,-1.5395704699e-02,-6.9140707751e-01,-9.6435318309e-07
-1.2270000000e+01,2.2062268569e-02,-1.5271008026e-02,-6.9217759626e-01,-9.6194530264e-07
-1.2260000000e+01,2.1859720712e-02,-1.5147610207e-02,-6.9294619113e-01,-9.5954341350e-07
-1.2250000000e+01,2.1659531186e-02,-1.5025495475e-02,-6.9371286691e-01,-9.5714758319e-07
-1.2240000000e+01,2.1461667982e-02,-1.4904648281e-02,-6.9447762839e-01,-9.5475775530e-07
-1.2230000000e+01,2.1266099578e-02,-1.4785053286e-02,-6.9524048036e-01,-9.5237390796e-07
-1.2220000000e+01,2.1072794937e-02,-1.4666695359e-02,-6.9600142757e-01,-9.4999580902e-07
-1.2210000000e+01,2.0881723493e-02,-1.4549559576e-02,-6.9676047480e-01,-9.4762379366e-07
-1.2200000000e+01,2.0692855146e-02,-1.4433631213e-02,-6.9751762678e-01,-9.4525779137e-07
-1.2190000000e+01,2.0506160252e-02,-1.4318895746e-02,-6.9827288824e-01,-9.4289751917e-07
-1.2180000000e+01,2.0321609619e-02,-1.4205338848e-02,-6.9902626391e-01,-9.4054319866e-07
-1.2170000000e+01,2.0139174495e-02,-1.4092946386e-02,-6.9977775849e-01,-9.3819477487e-07
-1.2160000000e+01,1.9958826565e-02,-1.3981704415e-02,-7.0052737668e-01,-9.3585224958e-07
-1.2150000000e+01,1.9780537940e-02,-1.3871599180e-02,-7.0127512317e-01,-9.3351556996e-07
-1.2140000000e+01,1.9604281153e-02,-1.3762617111e-02,-7.0202100262e-01,-9.3118473887e-07
-1.2130000000e+01,1.9430029148e-02,-1.3654744817e-02,-7.0276501971e-01,-9.2885956748e-07
-1.2120000000e+01,1.9257755277e-02,-1.3547969090e-02,-7.0350717907e-01,-9.2654036432e-07
-1.2110000000e+01,1.9087433293e-02,-1.3442276899e-02,-7.0424748535e-01,-9.2422702425e-07
-1.2100000000e+01,1.8919037340e-02,-1.3337655383e-02,-7.0498594318e-01,-9.2191919943e-07
-1.2090000000e+01,1.8752541950e-02,-1.3234091859e-02,-7.0572255717e-01,-9.1961723492e-07
-1.2080000000e+01,1.8587922035e-02,-1.3131573807e-02,-7.0645733193e-01,-9.1732112084e-07
-1.2070000000e+01,1.8425152880e-02,-1.3030088878e-02,-7.0719027204e-01,-9.1503073407e-07
-1.2060000000e+01,1.8264210140e-02,-1.2929624885e-02,-7.0792138210e-01,-9.1274599034e-07
-1.2050000000e+01,1.8105069830e-02,-1.2830169805e-02,-7.0865066665e-01,-9.1046702055e-07
-1.2040000000e+01,1.7947708321e-02,-1.2731711772e-02,-7.0937813028e-01,-9.0819370002e-07
-1.2030000000e+01,1.7792102335e-02,-1.2634239078e-02,-7.1010377752e-01,-9.0592597790e-07
-1.2020000000e+01,1.7638228938e-02,-1.2537740172e-02,-7.1082761290e-01,-9.0366400907e-07
-1.2010000000e+01,1.7486065533e-02,-1.2442203652e-02,-7.1154964096e-01,-9.0140763653e-07
-1.2000000000e+01,1.7335589859e-02,-1.2347618269e-02,-7.1226986620e-01,-8.9915692281e-07
-1.1990000000e+01,1.7186779980e-02,-1.2253972922e-02,-7.1298829313e-01,-8.9691187843e-07
-1.1980000000e+01,1.7039614284e-02,-1.2161256656e-02,-7.1370492623e-01,-8.9467245767e-07
-1.1970000000e+01,1.6894071476e-02,-1.2069458658e-02,-7.1441976999e-01,-8.9243846424e-07
-1.1960000000e+01,1.6750130572e-02,-1.1978568260e-02,-7.1513282887e-01,-8.9021021243e-07
-1.1950000000e+01,1.6607770896e-02,-1.1888574932e-02,-7.1584410733e-01,-8.8798754949e-07
-1.1940000000e+01,1.6466972073e-02,-1.1799468281e-02,-7.1655360981e-01,-8.8577024138e-07
-1.1930000000e+01,1.6327714025e-02,-1.1711238053e-02,-7.1726134075e-01,-8.8355859795e-07
-1.1920000000e+01,1.6189976968e-02,-1.1623874125e-02,-7.1796730458e-01,-8.8135244058e-07
-1.1910000000e+01,1.6053741403e-02,-1.1537366506e-02,-7.1867150570e-01,-8.7915180869e-07
-1.1900000000e+01,1.5918988116e-02,-1.1451705337e-02,-7.1937394852e-01,-8.7695668594e-07
-1.1890000000e+01,1.5785698170e-02,-1.1366880886e-02,-7.2007463742e-01,-8.7476708488e-07
-1.1880000000e+01,1.5653852903e-02,-1.1282883547e-02,-7.2077357679e-01,-8.7258281634e-07
-1.1870000000e+01,1.5523433922e-02,-1.1199703840e-02,-7.2147077099e-01,-8.7040414853e-07
-1.1860000000e+01,1.5394423099e-02,-1.1117332406e-02,-7.2216622438e-01,-8.6823091694e-07
-1.1850000000e+01,1.5266802568e-02,-1.1035760008e-02,-7.2285994131e-01,-8.6606290761e-07
-1.1840000000e+01,1.5140554718e-02,-1.0954977529e-02,-7.2355192612e-01,-8.6390052545e-07
-1.1830000000e+01,1.5015662192e-02,-1.0874975967e-02,-7.2424218312e-01,-8.6174349379e-07
-1.1820000000e+01,1.4892107883e-02,-1.0795746440e-02,-7.2493071664e-01,-8.5959177931e-07
-1.1810000000e+01,1.4769874925e-02,-1.0717280176e-02,-7.2561753097e-01,-8.5744545220e-07
-1.1800000000e+01,1.4648946697e-02,-1.0639568519e-02,-7.2630263041e-01,-8.5530458960e-07
-1.1790000000e+01,1.4529306812e-02,-1.0562602921e-02,-7.2698601925e-01,-8.5316904375e-07
-1.1780000000e+01,1.4410939118e-02,-1.0486374948e-02,-7.2766770174e-01,-8.5103870018e-07
-1.1770000000e+01,1.4293827692e-02,-1.0410876268e-02,-7.2834768216e-01,-8.4891373653e-07
-1.1760000000e+01,1.4177956837e-02,-1.0336098661e-02,-7.2902596474e-01,-8.4679412438e-07
-1.1750000000e+01,1.4063311080e-02,-1.0262034009e-02,-7.2970255374e-01,-8.4467979788e-07
-1.1740000000e+01,1.3949875164e-02,-1.0188674297e-02,-7.3037745338e-01,-8.4257073274e-07
-1.1730000000e+01,1.3837634050e-02,-1.0116011614e-02,-7.3105066788e-01,-8.4046698168e-07
-1.1720000000e+01,1.3726572910e-02,-1.0044038148e-02,-7.3172220144e-01,-8.3836839881e-07
-1.1710000000e+01,1.3616677126e-02,-9.9727461870e-03,-7.3239205827e-01,-8.3627511560e-07
-1.1700000000e+01,1.3507932283e-02,-9.9021281160e-03,-7.3306024255e-01,-8.3418704677e-07
-1.1690000000e+01,1.3400324172e-02,-9.8321764171e-03,-7.3372675845e-01,-8.3210409674e-07
-1.1680000000e+01,1.3293838781e-02,-9.7628836670e-03,-7.3439161014e-01,-8.3002646478e-07
-1.1670000000e+01,1.3188462293e-02,-9.6942425363e-03,-7.3505480178e-01,-8.2795400969e-07
-1.1660000000e+01,1.3084181086e-02,-9.6262457881e-03,-7.3571633751e-01,-8.2588672767e-07
-1.1650000000e+01,1.2980981729e-02,-9.5588862763e-03,-7.3637622147e-01,-8.2382460931e-07
-1.1640000000e+01,1.2878850975e-02,-9.4921569450e-03,-7.3703445778e-01,-8.2176762650e-07
-1.1630000000e+01,1.2777775764e-02,-9.4260508268e-03,-7.3769105055e-01,-8.1971567811e-07
-1.1620000000e+01,1.2677743215e-02,-9.3605610414e-03,-7.3834600389e-01,-8.1766902105e-07
-1.1610000000e+01,1.2578740629e-02,-9.2956807951e-03,-7.3899932189e-01,-8.1562746135e-07
-1.1600000000e+01,1.2480755479e-02,-9.2314033789e-03,-7.3965100864e-01,-8.1359082715e-07
-1.1590000000e+01,1.2383775414e-02,-9.1677221675e-03,-7.4030106821e-01,-8.1155940357e-07
-1.1580000000e+01,1.2287788252e-02,-9.1046306187e-03,-7.4094950465e-01,-8.0953307469e-07
-1.1570000000e+01,1.2192781979e-02,-9.0421222712e-03,-7.4159632203e-01,-8.0751175580e-07
-1.1560000000e+01,1.2098744747e-02,-8.9801907445e-03,-7.4224152439e-01,-8.0549546921e-07
-1.1550000000e+01,1.2005664871e-02,-8.9188297373e-03,-7.4288511575e-01,-8.0348433162e-07
-1.1540000000e+01,1.1913530824e-02,-8.8580330262e-03,-7.4352710015e-01,-8.0147814041e-07
-1.1530000000e+01,1.1822331240e-02,-8.7977944653e-03,-7.4416748159e-01,-7.9947684861e-07
-1.1520000000e+01,1.1732054906e-02,-8.7381079844e-03,-7.4480626407e-01,-7.9748068560e-07
-1.1510000000e+01,1.1642690764e-02,-8.6789675886e-03,-7.4544345160e-01,-7.9548947773e-07
-1.1500000000e+01,1.1554227904e-02,-8.6203673569e-03,-7.4607904814e-01,-7.9350320881e-07
-1.1490000000e+01,1.1466655569e-02,-8.5623014410e-03,-7.4671305768e-01,-7.9152196475e-07
-1.1480000000e+01,1.1379963143e-02,-8.5047640649e-03,-7.4734548417e-01,-7.8954565064e-07
-1.1470000000e+01,1.1294140158e-02,-8.4477495236e-03,-7.4797633157e-01,-7.8757419952e-07
-1.1460000000e+01,1.1209176286e-02,-8.3912521818e-03,-7.4860560383e-01,-7.8560777894e-07
-1.1450000000e+01,1.1125061339e-02,-8.3352664737e-03,-7.4923330486e-01,-7.8364624367e-07
-1.1440000000e+01,1.1041785267e-02,-8.2797869012e-03,-7.4985943861e-01,-7.8168947537e-07
-1.1430000000e+01,1.0959338154e-02,-8.2248080338e-03,-7.5048400897e-01,-7.7973767909e-07
-1.1420000000e+01,1.0877710221e-02,-8.1703245070e-03,-7.5110701986e-01,-7.7779078911e-07
-1.1410000000e+01,1.0796891817e-02,-8.1163310219e-03,-7.5172847517e-01,-7.7584881031e-07
-1.1400000000e+01,1.0716873421e-02,-8.0628223441e-03,-7.5234837878e-01,-7.7391157893e-07
-1.1390000000e+01,1.0637645642e-02,-8.0097933027e-03,-7.5296673457e-01,-7.7197923520e-07
-1.1380000000e+01,1.0559199213e-02,-7.9572387898e-03,-7.5358354639e-01,-7.7005167587e-07
-1.1370000000e+01,1.0481524990e-02,-7.9051537593e-03,-7.5419881812e-01,-7.6812893468e-07
-1.1360000000e+01,1.0404613952e-02,-7.8535332262e-03,-7.5481255358e-01,-7.6621103562e-07
-1.1350000000e+01,1.0328457199e-02,-7.8023722659e-03,-7.5542475663e-01,-7.6429788487e-07
-1.1340000000e+01,1.0253045948e-02,-7.7516660132e-03,-7.5603543107e-01,-7.6238956681e-07
-1.1330000000e+01,1.0178371534e-02,-7.7014096616e-03,-7.5664458074e-01,-7.6048588138e-07
-1.1320000000e+01,1.0104425404e-02,-7.6515984626e-03,-7.5725220944e-01,-7.5858703774e-07
-1.1310000000e+01,1.0031199123e-02,-7.6022277247e-03,-7.5785832096e-01,-7.5669301591e-07
-1.1300000000e+01,9.9586843636e-03,-7.5532928128e-03,-7.5846291909e-01,-7.5480368167e-07
-1.1290000000e+01,9.8868729096e-03,-7.5047891473e-03,-7.5906600762e-01,-7.5291903501e-07
-1.1280000000e+01,9.8157566532e-03,-7.4567122038e-03,-7.5966759031e-01,-7.5103901431e-07
-1.1270000000e+01,9.7453275932e-03,-7.4090575116e-03,-7.6026767092e-01,-7.4916374659e-07
-1.1260000000e+01,9.6755778336e-03,-7.3618206539e-03,-7.6086625321e-01,-7.4729321575e-07
-1.1250000000e+01,9.6064995820e-03,-7.3149972661e-03,-7.6146334090e-01,-7.4542728978e-07
-1.1240000000e+01,9.5380851481e-03,-7.2685830360e-03,-7.6205893774e-01,-7.4356605817e-07
-1.1230000000e+01,9.4703269420e-03,-7.2225737027e-03,-7.6265304745e-01,-7.4170950015e-07
-1.1220000000e+01,9.4032174732e-03,-7.1769650557e-03,-7.6324567374e-01,-7.3985746718e-07
-1.1210000000e+01,9.3367493488e-03,-7.1317529347e-03,-7.6383682032e-01,-7.3801019596e-07
-1.1200000000e+01,9.2709152721e-03,-7.0869332286e-03,-7.6442649087e-01,-7.3616753560e-07
-1.1190000000e+01,9.2057080413e-03,-7.0425018750e-03,-7.6501468909e-01,-7.3432932479e-07
-1.1180000000e+01,9.1411205481e-03,-6.9984548597e-03,-7.6560141865e-01,-7.3249577459e-07
-1.1170000000e+01,9.0771457765e-03,-6.9547882155e-03,-7.6618668322e-01,-7.3066687056e-07
-1.1160000000e+01,9.0137768010e-03,-6.9114980225e-03,-7.6677048645e-01,-7.2884248481e-07
-1.1150000000e+01,8.9510067859e-03,-6.8685804064e-03,-7.6735283200e-01,-7.2702257814e-07
-1.1140000000e+01,8.8888289836e-03,-6.8260315390e-03,-7.6793372350e-01,-7.2520740357e-07
-1.1130000000e+01,8.8272367334e-03,-6.7838476366e-03,-7.6851316459e-01,-7.2339659496e-07
-1.1120000000e+01,8.7662234603e-03,-6.7420249601e-03,-7.6909115889e-01,-7.2159034581e-07
-1.1110000000e+01,8.7057826738e-03,-6.7005598143e-03,-7.6966771000e-01,-7.1978868088e-07
-1.1100000000e+01,8.6459079667e-03,-6.6594485470e-03,-7.7024282153e-01,-7.1799138557e-07
-1.1090000000e+01,8.5865930138e-03,-6.6186875488e-03,-7.7081649709e-01,-7.1619869957e-07
-1.1080000000e+01,8.5278315708e-03,-6.5782732524e-03,-7.7138874024e-01,-7.1441040483e-07
-1.1070000000e+01,8.4696174730e-03,-6.5382021319e-03,-7.7195955458e-01,-7.1262660439e-07
-1.1060000000e+01,8.4119446346e-03,-6.4984707027e-03,-7.7252894366e-01,-7.1084730080e-07
-1.1050000000e+01,8.3548070471e-03,-6.4590755205e-03,-7.7309691104e-01,-7.0907241800e-07
-1.1040000000e+01,8.2981987783e-03,-6.4200131809e-03,-7.7366346028e-01,-7.0730195778e-07
-1.1030000000e+01,8.2421139714e-03,-6.3812803193e-03,-7.7422859492e-01,-7.0553588771e-07
-1.1020000000e+01,8.1865468439e-03,-6.3428736096e-03,-7.7479231849e-01,-7.0377425287e-07
-1.1010000000e+01,8.1314916863e-03,-6.3047897644e-03,-7.7535463450e-01,-7.0201701940e-07
-1.1000000000e+01,8.0769428614e-03,-6.2670255342e-03,-7.7591554648e-01,-7.0026409671e-07
-1.0990000000e+01,8.0228948031e-03,-6.2295777070e-03,-7.7647505794e-01,-6.9851562445e-07
-1.0980000000e+01,7.9693420152e-03,-6.1924431077e-03,-7.7703317236e-01,-6.9677164016e-07
-1.0970000000e+01,7.9162790711e-03,-6.1556185977e-03,-7.7758989324e-01,-6.9503183231e-07
-1.0960000000e+01,7.8637006119e-03,-6.1191010745e-03,-7.7814522405e-01,-6.9329640562e-07
-1.0950000000e+01,7.8116013461e-03,-6.0828874711e-03,-7.7869916827e-01,-6.9156534765e-07
-1.0940000000e+01,7.7599760486e-03,-6.0469747557e-03,-7.7925172936e-01,-6.8983853718e-07
-1.0930000000e+01,7.7088195594e-03,-6.0113599310e-03,-7.7980291077e-01,-6.8811612131e-07
-1.0920000000e+01,7.6581267830e-03,-5.9760400343e-03,-7.8035271595e-01,-6.8639800122e-07
-1.0910000000e+01,7.6078926876e-03,-5.9410121362e-03,-7.8090114834e-01,-6.8468412029e-07
-1.0900000000e+01,7.5581123039e-03,-5.9062733411e-03,-7.8144821135e-01,-6.8297452749e-07
-1.0890000000e+01,7.5087807242e-03,-5.8718207860e-03,-7.8199390842e-01,-6.8126930974e-07
-1.0880000000e+01,7.4598931021e-03,-5.8376516407e-03,-7.8253824295e-01,-6.7956821048e-07
-1.0870000000e+01,7.4114446510e-03,-5.8037631069e-03,-7.8308121834e-01,-6.7787140379e-07
-1.0860000000e+01,7.3634306435e-03,-5.7701524182e-03,-7.8362283798e-01,-6.7617889554e-07
-1.0850000000e+01,7.3158464108e-03,-5.7368168392e-03,-7.8416310527e-01,-6.7449049290e-07
-1.0840000000e+01,7.2686873416e-03,-5.7037536658e-03,-7.8470202358e-01,-6.7280640514e-07
-1.0830000000e+01,7.2219488815e-03,-5.6709602240e-03,-7.8523959628e-01,-6.7112650592e-07
-1.0820000000e+01,7.1756265320e-03,-5.6384338704e-03,-7.8577582672e-01,-6.6945079491e-07
-1.0810000000e+01,7.1297158499e-03,-5.6061719909e-03,-7.8631071826e-01,-6.6777919694e-07
-1.0800000000e+01,7.0842124465e-03,-5.5741720011e-03,-7.8684427424e-01,-6.6611184468e-07
-1.0790000000e+01,7.0391119871e-03,-5.5424313454e-03,-7.8737649800e-01,-6.6444865410e-07
-1.0780000000e+01,6.9944101895e-03,-5.5109474970e-03,-7.8790739286e-01,-6.6278960809e-07
-1.0770000000e+01,6.9501028243e-03,-5.4797179573e-03,-7.8843696214e-01,-6.6113477604e-07
-1.0760000000e+01,6.9061857133e-03,-5.4487402557e-03,-7.8896520915e-01,-6.5948392947e-07
-1.0750000000e+01,6.8626547295e-03,-5.4180119492e-03,-7.8949213719e-01,-6.5783722714e-07
-1.0740000000e+01,6.8195057958e-03,-5.3875306219e-03,-7.9001774956e-01,-6.5619474554e-07
-1.0730000000e+01,6.7767348848e-03,-5.3572938850e-03,-7.9054204954e-01,-6.5455636056e-07
-1.0720000000e+01,6.7343380177e-03,-5.3272993760e-03,-7.9106504040e-01,-6.5292194362e-07
-1.0710000000e+01,6.6923112641e-03,-5.2975447590e-03,-7.9158672542e-01,-6.5129173288e-07
-1.0700000000e+01,6.6506507409e-03,-5.2680277238e-03,-7.9210710786e-01,-6.4966555335e-07
-1.0690000000e+01,6.6093526121e-03,-5.2387459857e-03,-7.9262619097e-01,-6.4804336208e-07
-1.0680000000e+01,6.5684130877e-03,-5.2096972854e-03,-7.9314397799e-01,-6.4642526998e-07
-1.0670000000e+01,6.5278284234e-03,-5.1808793886e-03,-7.9366047216e-01,-6.4481119877e-07
-1.0660000000e+01,6.4875949199e-03,-5.1522900857e-03,-7.9417567670e-01,-6.4320125459e-07
-1.0650000000e+01,6.4477089223e-03,-5.1239271912e-03,-7.9468959484e-01,-6.4159521074e-07
-1.0640000000e+01,6.4081668196e-03,-5.0957885438e-03,-7.9520222980e-01,-6.3999323419e-07
-1.0630000000e+01,6.3689650436e-03,-5.0678720061e-03,-7.9571358476e-01,-6.3839523534e-07
-1.0620000000e+01,6.3301000693e-03,-5.0401754639e-03,-7.9622366294e-01,-6.3680123819e-07
-1.0610000000e+01,6.2915684132e-03,-5.0126968263e-03,-7.9673246751e-01,-6.3521130933e-07
-1.0600000000e+01,6.2533666337e-03,-4.9854340254e-03,-7.9724000166e-01,-6.3362521463e-07
-1.0590000000e+01,6.2154913298e-03,-4.9583850156e-03,-7.9774626856e-01,-6.3204310286e-07
-1.0580000000e+01,6.1779391413e-03,-4.9315477740e-03,-7.9825127137e-01,-6.3046494359e-07
-1.0570000000e+01,6.1407067475e-03,-4.9049202995e-03,-7.9875501325e-01,-6.2889085228e-07
-1.0560000000e+01,6.1037908672e-03,-4.8785006129e-03,-7.9925749735e-01,-6.2732052730e-07
-1.0550000000e+01,6.0671882579e-03,-4.8522867564e-03,-7.9975872681e-01,-6.2575415272e-07
-1.0540000000e+01,6.0308957154e-03,-4.8262767937e-03,-8.0025870476e-01,-6.2419174918e-07
-1.0530000000e+01,5.9949100734e-03,-4.8004688094e-03,-8.0075743433e-01,-6.2263322820e-07
-1.0520000000e+01,5.9592282027e-03,-4.7748609086e-03,-8.0125491863e-01,-6.2107863275e-07
-1.0510000000e+01,5.9238470110e-03,-4.7494512173e-03,-8.0175116077e-01,-6.1952779251e-07
-1.0500000000e+01,5.8887634424e-03,-4.7242378815e-03,-8.0224616385e-01,-6.1798091777e-07
-1.0490000000e+01,5.8539744766e-03,-4.6992190673e-03,-8.0273993098e-01,-6.1643790150e-07
-1.0480000000e+01,5.8194771287e-03,-4.6743929604e-03,-8.0323246523e-01,-6.1489877612e-07
-1.0470000000e+01,5.7852684489e-03,-4.6497577664e-03,-8.0372376968e-01,-6.1336341828e-07
-1.0460000000e+01,5.7513455216e-03,-4.6253117097e-03,-8.0421384740e-01,-6.1183195910e-07
-1.0450000000e+01,5.7177054653e-03,-4.6010530341e-03,-8.0470270146e-01,-6.1030431220e-07
-1.0440000000e+01,5.6843454320e-03,-4.5769800021e-03,-8.0519033491e-01,-6.0878036023e-07
-1.0430000000e+01,5.6512626067e-03,-4.5530908949e-03,-8.0567675080e-01,-6.0726032736e-07
-1.0420000000e+01,5.6184542072e-03,-4.5293840119e-03,-8.0616195217e-01,-6.0574412275e-07
-1.0410000000e+01,5.5859174836e-03,-4.5058576708e-03,-8.0664594205e-01,-6.0423170922e-07
-1.0400000000e+01,5.5536497177e-03,-4.4825102072e-03,-8.0712872347e-01,-6.0272289515e-07
-1.0390000000e+01,5.5216482226e-03,-4.4593399744e-03,-8.0761029944e-01,-6.0121796575e-07
-1.0380000000e+01,5.4899103427e-03,-4.4363453433e-03,-8.0809067297e-01,-5.9971685429e-07
-1.0370000000e+01,5.4584334527e-03,-4.4135247021e-03,-8.0856984707e-01,-5.9821941756e-07
-1.0360000000e+01,5.4272149576e-03,-4.3908764558e-03,-8.0904782473e-01,-5.9672580743e-07
-1.0350000000e+01,5.3962522924e-03,-4.3683990268e-03,-8.0952460894e-01,-5.9523581097e-07
-1.0340000000e+01,5.3655429213e-03,-4.3460908537e-03,-8.1000020268e-01,-5.9374953210e-07
-1.0330000000e+01,5.3350843376e-03,-4.3239503921e-03,-8.1047460892e-01,-5.9226700311e-07
-1.0320000000e+01,5.3048740633e-03,-4.3019761134e-03,-8.1094783062e-01,-5.9078828241e-07
-1.0310000000e+01,5.2749096487e-03,-4.2801665054e-03,-8.1141987075e-01,-5.8931311320e-07
-1.0300000000e+01,5.2451886721e-03,-4.2585200718e-03,-8.1189073225e-01,-5.8784159829e-07
-1.0290000000e+01,5.2157087392e-03,-4.2370353319e-03,-8.1236041807e-01,-5.8637385847e-07
-1.0280000000e+01,5.1864674832e-03,-4.2157108207e-03,-8.1282893114e-01,-5.8490977328e-07
-1.0270000000e+01,5.1574625639e-03,-4.1945450885e-03,-8.1329627439e-01,-5.8344939535e-07
-1.0260000000e+01,5.1286916679e-03,-4.1735367007e-03,-8.1376245074e-01,-5.8199255737e-07
-1.0250000000e+01,5.1001525078e-03,-4.1526842378e-03,-8.1422746310e-01,-5.8053937324e-07
-1.0240000000e+01,5.0718428221e-03,-4.1319862951e-03,-8.1469131439e-01,-5.7908980422e-07
-1.0230000000e+01,5.0437603751e-03,-4.1114414826e-03,-8.1515400750e-01,-5.7764393424e-07
-1.0220000000e+01,5.0159029558e-03,-4.0910484246e-03,-8.1561554531e-01,-5.7620162652e-07
-1.0210000000e+01,4.9882683787e-03,-4.0708057599e-03,-8.1607593073e-01,-5.7476288506e-07
-1.0200000000e+01,4.9608544824e-03,-4.0507121413e-03,-8.1653516662e-01,-5.7332782488e-07
-1.0190000000e+01,4.9336591299e-03,-4.0307662358e-03,-8.1699325585e-01,-5.7189627733e-07
-1.0180000000e+01,4.9066802084e-03,-4.0109667240e-03,-8.1745020129e-01,-5.7046829061e-07
-1.0170000000e+01,4.8799156283e-03,-3.9913123002e-03,-8.1790600580e-01,-5.6904387213e-07
-1.0160000000e+01,4.8533633239e-03,-3.9718016722e-03,-8.1836067221e-01,-5.6762313017e-07
-1.0150000000e+01,4.8270212521e-03,-3.9524335612e-03,-8.1881420338e-01,-5.6620579558e-07
-1.0140000000e+01,4.8008873928e-03,-3.9332067016e-03,-8.1926660214e-01,-5.6479202759e-07
-1.0130000000e+01,4.7749597484e-03,-3.9141198406e-03,-8.1971787131e-01,-5.6338184995e-07
-1.0120000000e+01,4.7492363435e-03,-3.8951717386e-03,-8.2016801372e-01,-5.6197515330e-07
-1.0110000000e+01,4.7237152246e-03,-3.8763611685e-03,-8.2061703218e-01,-5.6057197528e-07
-1.0100000000e+01,4.6983944598e-03,-3.8576869159e-03,-8.2106492949e-01,-5.5917223973e-07
-1.0090000000e+01,4.6732721387e-03,-3.8391477788e-03,-8.2151170846e-01,-5.5777612118e-07
-1.0080000000e+01,4.6483463719e-03,-3.8207425675e-03,-8.2195737188e-01,-5.5638343077e-07
-1.0070000000e+01,4.6236152911e-03,-3.8024701044e-03,-8.2240192253e-01,-5.5499420160e-07
-1.0060000000e+01,4.5990770482e-03,-3.7843292241e-03,-8.2284536319e-01,-5.5360838647e-07
-1.0050000000e+01,4.5747298158e-03,-3.7663187728e-03,-8.2328769664e-01,-5.5222612994e-07
-1.0040000000e+01,4.5505717865e-03,-3.7484376087e-03,-8.2372892563e-01,-5.5084729012e-07
-1.0030000000e+01,4.5266011725e-03,-3.7306846014e-03,-8.2416905293e-01,-5.4947184303e-07
-1.0020000000e+01,4.5028162061e-03,-3.7130586321e-03,-8.2460808128e-01,-5.4809998173e-07
-1.0010000000e+01,4.4792151384e-03,-3.6955585933e-03,-8.2504601344e-01,-5.4673141003e-07
-1.0000000000e+01,4.4557962400e-03,-3.6781833887e-03,-8.2548285213e-01,-5.4536623961e-07
-9.9900000000e+00,4.4325578003e-03,-3.6609319332e-03,-8.2591860008e-01,-5.4400455163e-07
-9.9800000000e+00,4.4094981271e-03,-3.6438031524e-03,-8.2635326003e-01,-5.4264627147e-07
-9.9700000000e+00,4.3866155470e-03,-3.6267959831e-03,-8.2678683469e-01,-5.4129130822e-07
-9.9600000000e+00,4.3639084045e-03,-3.6099093724e-03,-8.2721932676e-01,-5.3993978200e-07
-9.9500000000e+00,4.3413750622e-03,-3.5931422783e-03,-8.2765073896e-01,-5.3859163296e-07
-9.9400000000e+00,4.3190139005e-03,-3.5764936692e-03,-8.2808107396e-01,-5.3724680293e-07
-9.9300000000e+00,4.2968233172e-03,-3.5599625237e-03,-8.2851033448e-01,-5.3590537685e-07
-9.9200000000e+00,4.2748017275e-03,-3.5435478309e-03,-8.2893852319e-01,-5.3456727556e-07
-9.9100000000e+00,4.2529475636e-03,-3.5272485897e-03,-8.2936564276e-01,-5.3323257498e-07
-9.9000000000e+00,4.2312592749e-03,-3.5110638093e-03,-8.2979169586e-01,-5.3190111149e-07
-9.8900000000e+00,4.2097353271e-03,-3.4949925087e-03,-8.3021668516e-01,-5.3057301830e-07
-9.8800000000e+00,4.1883742026e-03,-3.4790337165e-03,-8.3064061332e-01,-5.2924824634e-07
-9.8700000000e+00,4.1671744002e-03,-3.4631864712e-03,-8.3106348298e-01,-5.2792678795e-07
-9.8600000000e+00,4.1461344345e-03,-3.4474498208e-03,-8.3148529678e-01,-5.2660864147e-07
-9.8500000000e+00,4.1252528362e-03,-3.4318228226e-03,-8.3190605737e-01,-5.2529376737e-07
-9.8400000000e+00,4.1045281517e-03,-3.4163045436e-03,-8.3232576737e-01,-5.2398218642e-07
-9.8300000000e+00,4.0839589429e-03,-3.4008940596e-03,-8.3274442941e-01,-5.2267380468e-07
-9.8200000000e+00,4.0635437870e-03,-3.3855904560e-03,-8.3316204610e-01,-5.2136881890e-07
-9.8100000000e+00,4.0432812764e-03,-3.3703928268e-03,-8.3357862005e-01,-5.2006696538e-07
-9.8000000000e+00,4.0231700183e-03,-3.3553002752e-03,-8.3399415386e-01,-5.1876841217e-07
-9.7900000000e+00,4.0032086349e-03,-3.3403119133e-03,-8.3440865014e-01,-5.1747314528e-07
-9.7800000000e+00,3.9833957630e-03,-3.3254268617e-03,-8.3482211147e-01,-5.1618105601e-07
-9.7700000000e+00,3.9637300536e-03,-3.3106442498e-03,-8.3523454045e-01,-5.1489226183e-07
-9.7600000000e+00,3.9442101722e-03,-3.2959632155e-03,-8.3564593963e-01,-5.1360661762e-07
-9.7500000000e+00,3.9248347984e-03,-3.2813829052e-03,-8.3605631160e-01,-5.1232416581e-07
-9.7400000000e+00,3.9056026254e-03,-3.2669024736e-03,-8.3646565893e-01,-5.1104496146e-07
-9.7300000000e+00,3.8865123606e-03,-3.2525210837e-03,-8.3687398416e-01,-5.0976903387e-07
-9.7200000000e+00,3.8675627247e-03,-3.2382379067e-03,-8.3728128986e-01,-5.0849611993e-07
-9.7100000000e+00,3.8487524518e-03,-3.2240521218e-03,-8.3768757856e-01,-5.0722646944e-07
-9.7000000000e+00,3.8300802896e-03,-3.2099629164e-03,-8.3809285281e-01,-5.0596004958e-07
-9.6900000000e+00,3.8115449985e-03,-3.1959694854e-03,-8.3849711514e-01,-5.0469667923e-07
-9.6800000000e+00,3.7931453521e-03,-3.1820710320e-03,-8.3890036807e-01,-5.0343652180e-07
-9.6700000000e+00,3.7748801368e-03,-3.1682667669e-03,-8.3930261414e-01,-5.0217946640e-07
-9.6600000000e+00,3.7567481517e-03,-3.1545559084e-03,-8.3970385584e-01,-5.0092561993e-07
-9.6500000000e+00,3.7387482081e-03,-3.1409376824e-03,-8.4010409569e-01,-4.9967486349e-07
-9.6400000000e+00,3.7208791301e-03,-3.1274113225e-03,-8.4050333619e-01,-4.9842725636e-07
-9.6300000000e+00,3.7031397537e-03,-3.1139760693e-03,-8.4090157984e-01,-4.9718272860e-07
-9.6200000000e+00,3.6855289271e-03,-3.1006311711e-03,-8.4129882912e-01,-4.9594130275e-07
-9.6100000000e+00,3.6680455104e-03,-3.0873758832e-03,-8.4169508652e-01,-4.9470305385e-07
-9.6000000000e+00,3.6506883754e-03,-3.0742094683e-03,-8.4209035452e-01,-4.9346779962e-07
-9.5900000000e+00,3.6334564057e-03,-3.0611311958e-03,-8.4248463557e-01,-4.9223563608e-07
-9.5800000000e+00,3.6163484964e-03,-3.0481403426e-03,-8.4287793216e-01,-4.9100662841e-07
-9.5700000000e+00,3.5993635539e-03,-3.0352361921e-03,-8.4327024673e-01,-4.8978067918e-07
-9.5600000000e+00,3.5825004958e-03,-3.0224180349e-03,-8.4366158174e-01,-4.8855770807e-07
-9.5500000000e+00,3.5657582510e-03,-3.0096851680e-03,-8.4405193964e-01,-4.8733783020e-07
-9.5400000000e+00,3.5491357592e-03,-2.9970368955e-03,-8.4444132285e-01,-4.8612100406e-07
-9.5300000000e+00,3.5326319712e-03,-2.9844725279e-03,-8.4482973383e-01,-4.8490725352e-07
-9.5200000000e+00,3.5162458482e-03,-2.9719913824e-03,-8.4521717499e-01,-4.8369653605e-07
-9.5100000000e+00,3.4999763623e-03,-2.9595927826e-03,-8.4560364876e-01,-4.8248874340e-07
-9.5000000000e+00,3.4838224960e-03,-2.9472760584e-03,-8.4598915755e-01,-4.8128401459e-07
-9.4900000000e+00,3.4677832421e-03,-2.9350405465e-03,-8.4637370378e-01,-4.8008233683e-07
-9.4800000000e+00,3.4518576036e-03,-2.9228855894e-03,-8.4675728984e-01,-4.7888363391e-07
-9.4700000000e+00,3.4360445940e-03,-2.9108105360e-03,-8.4713991813e-01,-4.7768790146e-07
-9.4600000000e+00,3.4203432362e-03,-2.8988147415e-03,-8.4752159104e-01,-4.7649520662e-07
-9.4500000000e+00,3.4047525636e-03,-2.8868975670e-03,-8.4790231097e-01,-4.7530546793e-07
-9.4400000000e+00,3.3892716190e-03,-2.8750583796e-03,-8.4828208028e-01,-4.7411863052e-07
-9.4300000000e+00,3.3738994550e-03,-2.8632965526e-03,-8.4866090135e-01,-4.7293480188e-07
-9.4200000000e+00,3.3586351338e-03,-2.8516114649e-03,-8.4903877656e-01,-4.7175398499e-07
-9.4100000000e+00,3.3434777270e-03,-2.8400025015e-03,-8.4941570826e-01,-4.7057612257e-07
-9.4000000000e+00,3.3284263155e-03,-2.8284690530e-03,-8.4979169880e-01,-4.6940109671e-07
-9.3900000000e+00,3.3134799895e-03,-2.8170105157e-03,-8.5016675055e-01,-4.6822903926e-07
-9.3800000000e+00,3.2986378484e-03,-2.8056262916e-03,-8.5054086583e-01,-4.6705993284e-07
-9.3700000000e+00,3.2838990004e-03,-2.7943157883e-03,-8.5091404699e-01,-4.6589374247e-07
-9.3600000000e+00,3.2692625629e-03,-2.7830784190e-03,-8.5128629637e-01,-4.6473050525e-07
-9.3500000000e+00,3.2547276619e-03,-2.7719136022e-03,-8.5165761629e-01,-4.6357010558e-07
-9.3400000000e+00,3.2402934324e-03,-2.7608207619e-03,-8.5202800906e-01,-4.6241263163e-07
-9.3300000000e+00,3.2259590176e-03,-2.7497993276e-03,-8.5239747701e-01,-4.6125801767e-07
-9.3200000000e+00,3.2117235697e-03,-2.7388487337e-03,-8.5276602245e-01,-4.6010635513e-07
-9.3100000000e+00,3.1975862490e-03,-2.7279684203e-03,-8.5313364767e-01,-4.5895749162e-07
-9.3000000000e+00,3.1835462243e-03,-2.7171578325e-03,-8.5350035497e-01,-4.5781151653e-07
-9.2900000000e+00,3.1696026725e-03,-2.7064164204e-03,-8.5386614666e-01,-4.5666845161e-07
-9.2800000000e+00,3.1557547789e-03,-2.6957436394e-03,-8.5423102500e-01,-4.5552820260e-07
-9.2700000000e+00,3.1420017365e-03,-2.6851389498e-03,-8.5459499229e-01,-4.5439082652e-07
-9.2600000000e+00,3.1283427467e-03,-2.6746018169e-03,-8.5495805080e-01,-4.5325621584e-07
-9.2500000000e+00,3.1147770184e-03,-2.6641317110e-03,-8.5532020279e-01,-4.5212450089e-07
-9.2400000000e+00,3.1013037685e-03,-2.6537281072e-03,-8.5568145054e-01,-4.5099559931e-07
-9.2300000000e+00,3.0879222215e-03,-2.6433904853e-03,-8.5604179629e-01,-4.4986957293e-07
-9.2200000000e+00,3.0746316096e-03,-2.6331183301e-03,-8.5640124230e-01,-4.4874626864e-07
-9.2100000000e+00,3.0614311726e-03,-2.6229111310e-03,-8.5675979083e-01,-4.4762580392e-07
-9.2000000000e+00,3.0483201574e-03,-2.6127683821e-03,-8.5711744410e-01,-4.4650816827e-07
-9.1900000000e+00,3.0352978188e-03,-2.6026895821e-03,-8.5747420435e-01,-4.4539326038e-07
-9.1800000000e+00,3.0223634184e-03,-2.5926742343e-03,-8.5783007382e-01,-4.4428115697e-07
-9.1700000000e+00,3.0095162253e-03,-2.5827218465e-03,-8.5818505472e-01,-4.4317183950e-07
-9.1600000000e+00,2.9967555155e-03,-2.5728319309e-03,-8.5853914928e-01,-4.4206532840e-07
-9.1500000000e+00,2.9840805724e-03,-2.5630040044e-03,-8.5889235971e-01,-4.4096149959e-07
-9.1400000000e+00,2.9714906860e-03,-2.5532375880e-03,-8.5924468822e-01,-4.3986048259e-07
-9.1300000000e+00,2.9589851533e-03,-2.5435322073e-03,-8.5959613700e-01,-4.3876221445e-07
-9.1200000000e+00,2.9465632783e-03,-2.5338873919e-03,-8.5994670827e-01,-4.3766670071e-07
-9.1100000000e+00,2.9342243715e-03,-2.5243026759e-03,-8.6029640419e-01,-4.3657392529e-07
-9.1000000000e+00,2.9219677501e-03,-2.5147775975e-03,-8.6064522697e-01,-4.3548380119e-07
-9.0900000000e+00,2.9097927380e-03,-2.5053116991e-03,-8.6099317878e-01,-4.3439643604e-07
-9.0800000000e+00,2.8976986656e-03,-2.4959045273e-03,-8.6134026180e-01,-4.3331181465e-07
-9.0700000000e+00,2.8856848697e-03,-2.4865556326e-03,-8.6168647820e-01,-4.3222993035e-07
-9.0600000000e+00,2.8737506935e-03,-2.4772645697e-03,-8.6203183013e-01,-4.3115064846e-07
-9.0500000000e+00,2.8618954865e-03,-2.4680308972e-03,-8.6237631976e-01,-4.3007414424e-07
-9.0400000000e+00,2.8501186044e-03,-2.4588541778e-03,-8.6271994925e-01,-4.2900032493e-07
-9.0300000000e+00,2.8384194092e-03,-2.4497339779e-03,-8.6306272073e-01,-4.2792913368e-07
-9.0200000000e+00,2.8267972689e-03,-2.4406698680e-03,-8.6340463636e-01,-4.2686068030e-07
-9.0100000000e+00,2.8152515575e-03,-2.4316614224e-03,-8.6374569826e-01,-4.2579479181e-07
-9.0000000000e+00,2.8037816551e-03,-2.4227082189e-03,-8.6408590858e-01,-4.2473163137e-07
-8.9900000000e+00,2.7923869477e-03,-2.4138098396e-03,-8.6442526943e-01,-4.2367120345e-07
-8.9800000000e+00,2.7810668269e-03,-2.4049658698e-03,-8.6476378294e-01,-4.2261339572e-07
-8.9700000000e+00,2.7698206904e-03,-2.3961758989e-03,-8.6510145122e-01,-4.2155806063e-07
-8.9600000000e+00,2.7586479414e-03,-2.3874395196e-03,-8.6543827638e-01,-4.2050550192e-07
-8.9500000000e+00,2.7475479890e-03,-2.3787563285e-03,-8.6577426054e-01,-4.1945562507e-07
-8.9400000000e+00,2.7365202476e-03,-2.3701259255e-03,-8.6610940578e-01,-4.1840824150e-07
-8.9300000000e+00,2.7255641373e-03,-2.3615479144e-03,-8.6644371420e-01,-4.1736350975e-07
-8.9200000000e+00,2.7146790836e-03,-2.3530219022e-03,-8.6677718790e-01,-4.1632139741e-07
-8.9100000000e+00,2.7038645176e-03,-2.3445474994e-03,-8.6710982896e-01,-4.1528198563e-07
-8.9000000000e+00,2.6931198755e-03,-2.3361243201e-03,-8.6744163945e-01,-4.1424501990e-07
-8.8900000000e+00,2.6824445990e-03,-2.3277519816e-03,-8.6777262145e-01,-4.1321065969e-07
-8.8800000000e+00,2.6718381350e-03,-2.3194301048e-03,-8.6810277703e-01,-4.1217894098e-07
-8.8700000000e+00,2.6612999354e-03,-2.3111583136e-03,-8.6843210825e-01,-4.1114976879e-07
-8.8600000000e+00,2.6508294576e-03,-2.3029362356e-03,-8.6876061718e-01,-4.1012322444e-07
-8.8500000000e+00,2.6404261637e-03,-2.2947635013e-03,-8.6908830585e-01,-4.0909920301e-07
-8.8400000000e+00,2.6300895211e-03,-2.2866397448e-03,-8.6941517633e-01,-4.0807771806e-07
-8.8300000000e+00,2.6198190020e-03,-2.2785646029e-03,-8.6974123065e-01,-4.0705876370e-07
-8.8200000000e+00,2.6096140837e-03,-2.2705377161e-03,-8.7006647085e-01,-4.0604244034e-07
-8.8100000000e+00,2.5994742481e-03,-2.2625587277e-03,-8.7039089897e-01,-4.0502859516e-07
-8.8000000000e+00,2.5893989822e-03,-2.2546272842e-03,-8.7071451703e-01,-4.0401725659e-07
-8.7900000000e+00,2.5793877776e-03,-2.2467430352e-03,-8.7103732706e-01,-4.0300845489e-07
-8.7800000000e+00,2.5694401306e-03,-2.2389056334e-03,-8.7135933107e-01,-4.0200221019e-07
-8.7700000000e+00,2.5595555422e-03,-2.2311147343e-03,-8.7168053108e-01,-4.0099853194e-07
-8.7600000000e+00,2.5497335181e-03,-2.2233699967e-03,-8.7200092908e-01,-3.9999722906e-07
-8.7500000000e+00,2.5399735684e-03,-2.2156710820e-03,-8.7232052710e-01,-3.9899843957e-07
-8.7400000000e+00,2.5302752079e-03,-2.2080176548e-03,-8.7263932711e-01,-3.9800222235e-07
-8.7300000000e+00,2.5206379557e-03,-2.2004093825e-03,-8.7295733112e-01,-3.9700850751e-07
-8.7200000000e+00,2.5110613354e-03,-2.1928459354e-03,-8.7327454112e-01,-3.9601717594e-07
-8.7100000000e+00,2.5015448751e-03,-2.1853269866e-03,-8.7359095908e-01,-3.9502836435e-07
-8.7000000000e+00,2.4920881069e-03,-2.1778522120e-03,-8.7390658698e-01,-3.9404205904e-07
-8.6900000000e+00,2.4826905676e-03,-2.1704212903e-03,-8.7422142680e-01,-3.9305817540e-07
-8.6800000000e+00,2.4733517980e-03,-2.1630339031e-03,-8.7453548050e-01,-3.9207677421e-07
-8.6700000000e+00,2.4640713430e-03,-2.1556897344e-03,-8.7484875005e-01,-3.9109778693e-07
-8.6600000000e+00,2.4548487519e-03,-2.1483884713e-03,-8.7516123740e-01,-3.9012127451e-07
-8.6500000000e+00,2.4456835779e-03,-2.1411298033e-03,-8.7547294452e-01,-3.8914715378e-07
-8.6400000000e+00,2.4365753785e-03,-2.1339134227e-03,-8.7578387333e-01,-3.8817550002e-07
-8.6300000000e+00,2.4275237150e-03,-2.1267390242e-03,-8.7609402580e-01,-3.8720631740e-07
-8.6200000000e+00,2.4185281528e-03,-2.1196063055e-03,-8.7640340385e-01,-3.8623948595e-07
-8.6100000000e+00,2.4095882613e-03,-2.1125149664e-03,-8.7671200942e-01,-3.8527510993e-07
-8.6000000000e+00,2.4007036135e-03,-2.1054647097e-03,-8.7701984444e-01,-3.8431310867e-07
-8.5900000000e+00,2.3918737867e-03,-2.0984552404e-03,-8.7732691084e-01,-3.8335351954e-07
-8.5800000000e+00,2.3830983617e-03,-2.0914862662e-03,-8.7763321053e-01,-3.8239635775e-07
-8.5700000000e+00,2.3743769232e-03,-2.0845574971e-03,-8.7793874542e-01,-3.8144156117e-07
-8.5600000000e+00,2.3657090596e-03,-2.0776686457e-03,-8.7824351744e-01,-3.8048911732e-07
-8.5500000000e+00,2.3570943630e-03,-2.0708194270e-03,-8.7854752847e-01,-3.7953909715e-07
-8.5400000000e+00,2.3485324293e-03,-2.0640095583e-03,-8.7885078043e-01,-3.7859142654e-07
-8.5300000000e+00,2.3400228578e-03,-2.0572387595e-03,-8.7915327520e-01,-3.7764614119e-07
-8.5200000000e+00,2.3315652516e-03,-2.0505067526e-03,-8.7945501468e-01,-3.7670324810e-07
-8.5100000000e+00,2.3231592173e-03,-2.0438132621e-03,-8.7975600075e-01,-3.7576262329e-07
-8.5000000000e+00,2.3148043649e-03,-2.0371580149e-03,-8.8005623530e-01,-3.7482436221e-07
-8.4900000000e+00,2.3065003081e-03,-2.0305407399e-03,-8.8035572020e-01,-3.7388850194e-07
-8.4800000000e+00,2.2982466638e-03,-2.0239611685e-03,-8.8065445732e-01,-3.7295496796e-07
-8.4700000000e+00,2.2900430524e-03,-2.0174190343e-03,-8.8095244854e-01,-3.7202369879e-07
-8.4600000000e+00,2.2818890978e-03,-2.0109140731e-03,-8.8124969570e-01,-3.7109481205e-07
-8.4500000000e+00,2.2737844272e-03,-2.0044460229e-03,-8.8154620068e-01,-3.7016824261e-07
-8.4400000000e+00,2.2657286709e-03,-1.9980146241e-03,-8.8184196531e-01,-3.6924399782e-07
-8.4300000000e+00,2.2577214628e-03,-1.9916196188e-03,-8.8213699147e-01,-3.6832201444e-07
-8.4200000000e+00,2.2497624398e-03,-1.9852607517e-03,-8.8243128097e-01,-3.6740237180e-07
-8.4100000000e+00,2.2418512421e-03,-1.9789377693e-03,-8.8272483567e-01,-3.6648505947e-07
-8.4000000000e+00,2.2339875131e-03,-1.9726504205e-03,-8.8301765740e-01,-3.6556992272e-07
-8.3900000000e+00,2.2261708993e-03,-1.9663984560e-03,-8.8330974799e-01,-3.6465718523e-07
-8.3800000000e+00,2.2184010502e-03,-1.9601816288e-03,-8.8360110927e-01,-3.6374664170e-07
-8.3700000000e+00,2.2106776187e-03,-1.9539996938e-03,-8.8389174305e-01,-3.6283839910e-07
-8.3600000000e+00,2.2030002605e-03,-1.9478524078e-03,-8.8418165116e-01,-3.6193246972e-07
-8.3500000000e+00,2.1953686343e-03,-1.9417395300e-03,-8.8447083540e-01,-3.6102871509e-07
-8.3400000000e+00,2.1877824020e-03,-1.9356608213e-03,-8.8475929759e-01,-3.6012732380e-07
-8.3300000000e+00,2.1802412282e-03,-1.9296160445e-03,-8.8504703951e-01,-3.5922813635e-07
-8.3200000000e+00,2.1727447807e-03,-1.9236049645e-03,-8.8533406299e-01,-3.5833120926e-07
-8.3100000000e+00,2.1652927299e-03,-1.9176273482e-03,-8.8562036980e-01,-3.5743645233e-07
-8.3000000000e+00,2.1578847494e-03,-1.9116829642e-03,-8.8590596173e-01,-3.5654396963e-07
-8.2900000000e+00,2.1505205154e-03,-1.9057715832e-03,-8.8619084058e-01,-3.5565374207e-07
-8.2800000000e+00,2.1431997070e-03,-1.8998929776e-03,-8.8647500812e-01,-3.5476570009e-07
-8.2700000000e+00,2.1359220060e-03,-1.8940469219e-03,-8.8675846613e-01,-3.5387993980e-07
-8.2600000000e+00,2.1286870973e-03,-1.8882331920e-03,-8.8704121638e-01,-3.5299630829e-07
-8.2500000000e+00,2.1214946680e-03,-1.8824515662e-03,-8.8732326064e-01,-3.5211488247e-07
-8.2400000000e+00,2.1143444083e-03,-1.8767018242e-03,-8.8760460067e-01,-3.5123573700e-07
-8.2300000000e+00,2.1072360110e-03,-1.8709837476e-03,-8.8788523822e-01,-3.5035879714e-07
-8.2200000000e+00,2.1001691714e-03,-1.8652971198e-03,-8.8816517506e-01,-3.4948391853e-07
-8.2100000000e+00,2.0931435876e-03,-1.8596417259e-03,-8.8844441293e-01,-3.4861131698e-07
-8.2000000000e+00,2.0861589603e-03,-1.8540173529e-03,-8.8872295358e-01,-3.4774093893e-07
-8.1900000000e+00,2.0792149927e-03,-1.8484237893e-03,-8.8900079874e-01,-3.4687262351e-07
-8.1800000000e+00,2.0723113905e-03,-1.8428608254e-03,-8.8927795016e-01,-3.4600649346e-07
-8.1700000000e+00,2.0654478620e-03,-1.8373282533e-03,-8.8955440957e-01,-3.4514254182e-07
-8.1600000000e+00,2.0586241180e-03,-1.8318258667e-03,-8.8983017869e-01,-3.4428084245e-07
-8.1500000000e+00,2.0518398717e-03,-1.8263534610e-03,-8.9010525925e-01,-3.4342118355e-07
-8.1400000000e+00,2.0450948390e-03,-1.8209108330e-03,-8.9037965296e-01,-3.4256367554e-07
-8.1300000000e+00,2.0383887378e-03,-1.8154977815e-03,-8.9065336155e-01,-3.4170838614e-07
-8.1200000000e+00,2.0317212888e-03,-1.8101141067e-03,-8.9092638673e-01,-3.4085514766e-07
-8.1100000000e+00,2.0250922149e-03,-1.8047596105e-03,-8.9119873019e-01,-3.4000407995e-07
-8.1000000000e+00,2.0185012414e-03,-1.7994340962e-03,-8.9147039364e-01,-3.3915513270e-07
-8.0900000000e+00,2.0119480958e-03,-1.7941373690e-03,-8.9174137878e-01,-3.3830829477e-07
-8.0800000000e+00,2.0054325081e-03,-1.7888692354e-03,-8.9201168731e-01,-3.3746358219e-07
-8.0700000000e+00,1.9989542106e-03,-1.7836295034e-03,-8.9228132091e-01,-3.3662102628e-07
-8.0600000000e+00,1.9925129376e-03,-1.7784179829e-03,-8.9255028127e-01,-3.3578048120e-07
-8.0500000000e+00,1.9861084259e-03,-1.7732344848e-03,-8.9281857006e-01,-3.3494205648e-07
-8.0400000000e+00,1.9797404144e-03,-1.7680788219e-03,-8.9308618898e-01,-3.3410575012e-07
-8.0300000000e+00,1.9734086444e-03,-1.7629508083e-03,-8.9335313968e-01,-3.3327156540e-07
-8.0200000000e+00,1.9671128591e-03,-1.7578502598e-03,-8.9361942383e-01,-3.3243945757e-07
-8.0100000000e+00,1.9608528040e-03,-1.7527769932e-03,-8.9388504311e-01,-3.3160931701e-07
-8.0000000000e+00,1.9546282267e-03,-1.7477308273e-03,-8.9414999917e-01,-3.3078135864e-07
-7.9900000000e+00,1.9484388769e-03,-1.7427115819e-03,-8.9441429367e-01,-3.2995548516e-07
-7.9800000000e+00,1.9422845066e-03,-1.7377190784e-03,-8.9467792825e-01,-3.2913158493e-07
-7.9700000000e+00,1.9361648696e-03,-1.7327531398e-03,-8.9494090457e-01,-3.2830974112e-07
-7.9600000000e+00,1.9300797218e-03,-1.7278135901e-03,-8.9520322428e-01,-3.2749003925e-07
-7.9500000000e+00,1.9240288213e-03,-1.7229002549e-03,-8.9546488900e-01,-3.2667233330e-07
-7.9400000000e+00,1.9180119282e-03,-1.7180129613e-03,-8.9572590037e-01,-3.2585667542e-07
-7.9300000000e+00,1.9120288043e-03,-1.7131515375e-03,-8.9598626004e-01,-3.2504303449e-07
-7.9200000000e+00,1.9060792138e-03,-1.7083158131e-03,-8.9624596962e-01,-3.2423141771e-07
-7.9100000000e+00,1.9001629226e-03,-1.7035056193e-03,-8.9650503073e-01,-3.2342189921e-07
-7.9000000000e+00,1.8942796986e-03,-1.6987207883e-03,-8.9676344500e-01,-3.2261434163e-07
-7.8900000000e+00,1.8884293116e-03,-1.6939611537e-03,-8.9702121404e-01,-3.2180882320e-07
-7.8800000000e+00,1.8826115333e-03,-1.6892265505e-03,-8.9727833947e-01,-3.2100531622e-07
-7.8700000000e+00,1.8768261375e-03,-1.6845168149e-03,-8.9753482288e-01,-3.2020380303e-07
-7.8600000000e+00,1.8710728994e-03,-1.6798317843e-03,-8.9779066589e-01,-3.1940426393e-07
-7.8500000000e+00,1.8653515966e-03,-1.6751712976e-03,-8.9804587008e-01,-3.1860675070e-07
-7.8400000000e+00,1.8596620082e-03,-1.6705351948e-03,-8.9830043707e-01,-3.1781123883e-07
-7.8300000000e+00,1.8540039151e-03,-1.6659233170e-03,-8.9855436843e-01,-3.1701770181e-07
-7.8200000000e+00,1.8483771002e-03,-1.6613355069e-03,-8.9880766575e-01,-3.1622614177e-07
-7.8100000000e+00,1.8427813480e-03,-1.6567716080e-03,-8.9906033063e-01,-3.1543657386e-07
-7.8000000000e+00,1.8372164449e-03,-1.6522314654e-03,-8.9931236463e-01,-3.1464896766e-07
-7.7900000000e+00,1.8316821789e-03,-1.6477149251e-03,-8.9956376933e-01,-3.1386332122e-07
-7.7800000000e+00,1.8261783399e-03,-1.6432218344e-03,-8.9981454630e-01,-3.1307968990e-07
-7.7700000000e+00,1.8207047194e-03,-1.6387520418e-03,-9.0006469712e-01,-3.1229790592e-07
-7.7600000000e+00,1.8152611106e-03,-1.6343053969e-03,-9.0031422334e-01,-3.1151814034e-07
-7.7500000000e+00,1.8098473085e-03,-1.6298817506e-03,-9.0056312652e-01,-3.1074035484e-07
-7.7400000000e+00,1.8044631096e-03,-1.6254809548e-03,-9.0081140822e-01,-3.0996441913e-07
-7.7300000000e+00,1.7991083122e-03,-1.6211028626e-03,-9.0105907000e-01,-3.0919049743e-07
-7.7200000000e+00,1.7937827162e-03,-1.6167473282e-03,-9.0130611339e-01,-3.0841849841e-07
-7.7100000000e+00,1.7884861230e-03,-1.6124142069e-03,-9.0155253994e-01,-3.0764841491e-07
-7.7000000000e+00,1.7832183358e-03,-1.6081033551e-03,-9.0179835120e-01,-3.0688026625e-07
-7.6900000000e+00,1.7779791593e-03,-1.6038146304e-03,-9.0204354870e-01,-3.0611403573e-07
-7.6800000000e+00,1.7727683998e-03,-1.5995478914e-03,-9.0228813397e-01,-3.0534970080e-07
-7.6700000000e+00,1.7675858650e-03,-1.5953029978e-03,-9.0253210854e-01,-3.0458721723e-07
-7.6600000000e+00,1.7624313645e-03,-1.5910798103e-03,-9.0277547393e-01,-3.0382672489e-07
-7.6500000000e+00,1.7573047090e-03,-1.5868781908e-03,-9.0301823167e-01,-3.0306813403e-07
-7.6400000000e+00,1.7522057111e-03,-1.5826980022e-03,-9.0326038328e-01,-3.0231141718e-07
-7.6300000000e+00,1.7471341847e-03,-1.5785391083e-03,-9.0350193026e-01,-3.0155659586e-07
-7.6200000000e+00,1.7420899453e-03,-1.5744013741e-03,-9.0374287413e-01,-3.0080363406e-07
-7.6100000000e+00,1.7370728097e-03,-1.5702846656e-03,-9.0398321639e-01,-3.0005255752e-07
-7.6000000000e+00,1.7320825963e-03,-1.5661888497e-03,-9.0422295855e-01,-2.9930334544e-07
-7.5900000000e+00,1.7271191251e-03,-1.5621137944e-03,-9.0446210210e-01,-2.9855600603e-07
-7.5800000000e+00,1.7221822171e-03,-1.5580593687e-03,-9.0470064854e-01,-2.9781055910e-07
-7.5700000000e+00,1.7172716953e-03,-1.5540254426e-03,-9.0493859935e-01,-2.9706697480e-07
-7.5600000000e+00,1.7123873836e-03,-1.5500118870e-03,-9.0517595603e-01,-2.9632524651e-07
-7.5500000000e+00,1.7075291076e-03,-1.5460185739e-03,-9.0541272007e-01,-2.9558537468e-07
-7.5400000000e+00,1.7026966941e-03,-1.5420453760e-03,-9.0564889293e-01,-2.9484730429e-07
-7.5300000000e+00,1.6978899715e-03,-1.5380921673e-03,-9.0588447609e-01,-2.9411108859e-07
-7.5200000000e+00,1.6931087693e-03,-1.5341588224e-03,-9.0611947104e-01,-2.9337673557e-07
-7.5100000000e+00,1.6883529185e-03,-1.5302452172e-03,-9.0635387923e-01,-2.9264423929e-07
-7.5000000000e+00,1.6836222515e-03,-1.5263512283e-03,-9.0658770213e-01,-2.9191355966e-07
-7.4900000000e+00,1.6789166019e-03,-1.5224767331e-03,-9.0682094120e-01,-2.9118465200e-07
-7.4800000000e+00,1.6742358046e-03,-1.5186216103e-03,-9.0705359791e-01,-2.9045758337e-07
-7.4700000000e+00,1.6695796959e-03,-1.5147857392e-03,-9.0728567370e-01,-2.8973233585e-07
-7.4600000000e+00,1.6649481133e-03,-1.5109690000e-03,-9.0751717002e-01,-2.8900892518e-07
-7.4500000000e+00,1.6603408956e-03,-1.5071712739e-03,-9.0774808833e-01,-2.8828733689e-07
-7.4400000000e+00,1.6557578829e-03,-1.5033924430e-03,-9.0797843006e-01,-2.8756751103e-07
-7.4300000000e+00,1.6511989165e-03,-1.4996323903e-03,-9.0820819666e-01,-2.8684950037e-07
-7.4200000000e+00,1.6466638390e-03,-1.4958909994e-03,-9.0843738956e-01,-2.8613327724e-07
-7.4100000000e+00,1.6421524942e-03,-1.4921681551e-03,-9.0866601019e-01,-2.8541880398e-07
-7.4000000000e+00,1.6376647272e-03,-1.4884637428e-03,-9.0889405998e-01,-2.8470614882e-07
-7.3900000000e+00,1.6332003841e-03,-1.4847776489e-03,-9.0912154036e-01,-2.8399528967e-07
-7.3800000000e+00,1.6287593124e-03,-1.4811097607e-03,-9.0934845275e-01,-2.8328618673e-07
-7.3700000000e+00,1.6243413608e-03,-1.4774599660e-03,-9.0957479857e-01,-2.8257885309e-07
-7.3600000000e+00,1.6199463789e-03,-1.4738281538e-03,-9.0980057923e-01,-2.8187324785e-07
-7.3500000000e+00,1.6155742178e-03,-1.4702142138e-03,-9.1002579614e-01,-2.8116947992e-07
-7.3400000000e+00,1.6112247295e-03,-1.4666180363e-03,-9.1025045072e-01,-2.8046743555e-07
-7.3300000000e+00,1.6068977674e-03,-1.4630395126e-03,-9.1047454436e-01,-2.7976711509e-07
-7.3200000000e+00,1.6025931859e-03,-1.4594785350e-03,-9.1069807846e-01,-2.7906861549e-07
-7.3100000000e+00,1.5983108404e-03,-1.4559349961e-03,-9.1092105443e-01,-2.7837180067e-07
-7.3000000000e+00,1.5940505876e-03,-1.4524087896e-03,-9.1114347365e-01,-2.7767672728e-07
-7.2900000000e+00,1.5898122853e-03,-1.4488998100e-03,-9.1136533752e-01,-2.7698340521e-07
-7.2800000000e+00,1.5855957922e-03,-1.4454079524e-03,-9.1158664743e-01,-2.7629182286e-07
-7.2700000000e+00,1.5814009684e-03,-1.4419331129e-03,-9.1180740475e-01,-2.7560197369e-07
-7.2600000000e+00,1.5772276748e-03,-1.4384751880e-03,-9.1202761086e-01,-2.7491379256e-07
-7.2500000000e+00,1.5730757734e-03,-1.4350340753e-03,-9.1224726715e-01,-2.7422735999e-07
-7.2400000000e+00,1.5689451274e-03,-1.4316096730e-03,-9.1246637499e-01,-2.7354270632e-07
-7.2300000000e+00,1.5648356010e-03,-1.4282018800e-03,-9.1268493573e-01,-2.7285970278e-07
-7.2200000000e+00,1.5607470594e-03,-1.4248105959e-03,-9.1290295076e-01,-2.7217835474e-07
-7.2100000000e+00,1.5566793688e-03,-1.4214357213e-03,-9.1312042143e-01,-2.7149873816e-07
-7.2000000000e+00,1.5526323965e-03,-1.4180771571e-03,-9.1333734911e-01,-2.7082089160e-07
-7.1900000000e+00,1.5486060107e-03,-1.4147348053e-03,-9.1355373514e-01,-2.7014466519e-07
-7.1800000000e+00,1.5446000807e-03,-1.4114085684e-03,-9.1376958088e-01,-2.6947014448e-07
-7.1700000000e+00,1.5406144769e-03,-1.4080983496e-03,-9.1398488768e-01,-2.6879732101e-07
-7.1600000000e+00,1.5366490704e-03,-1.4048040529e-03,-9.1419965689e-01,-2.6812616211e-07
-7.1500000000e+00,1.5327037334e-03,-1.4015255828e-03,-9.1441388985e-01,-2.6745668008e-07
-7.1400000000e+00,1.5287783392e-03,-1.3982628448e-03,-9.1462758789e-01,-2.6678886933e-07
-7.1300000000e+00,1.5248727619e-03,-1.3950157448e-03,-9.1484075235e-01,-2.6612277593e-07
-7.1200000000e+00,1.5209868767e-03,-1.3917841894e-03,-9.1505338457e-01,-2.6545825416e-07
-7.1100000000e+00,1.5171205595e-03,-1.3885680861e-03,-9.1526548587e-01,-2.6479543880e-07
-7.1000000000e+00,1.5132736874e-03,-1.3853673427e-03,-9.1547705758e-01,-2.6413427884e-07
-7.0900000000e+00,1.5094461383e-03,-1.3821818680e-03,-9.1568810102e-01,-2.6347474164e-07
-7.0800000000e+00,1.5056377910e-03,-1.3790115712e-03,-9.1589861752e-01,-2.6281692539e-07
-7.0700000000e+00,1.5018485252e-03,-1.3758563624e-03,-9.1610860837e-01,-2.6216068566e-07
-7.0600000000e+00,1.4980782216e-03,-1.3727161521e-03,-9.1631807491e-01,-2.6150610200e-07
-7.0500000000e+00,1.4943267617e-03,-1.3695908515e-03,-9.1652701843e-01,-2.6085314919e-07
-7.0400000000e+00,1.4905940279e-03,-1.3664803724e-03,-9.1673544025e-01,-2.6020181010e-07
-7.0300000000e+00,1.4868799036e-03,-1.3633846275e-03,-9.1694334167e-01,-2.5955214353e-07
-7.0200000000e+00,1.4831842729e-03,-1.3603035297e-03,-9.1715072398e-01,-2.5890408792e-07
-7.0100000000e+00,1.4795070208e-03,-1.3572369928e-03,-9.1735758848e-01,-2.5825761901e-07
-7.0000000000e+00,1.4758480333e-03,-1.3541849311e-03,-9.1756393646e-01,-2.5761277272e-07
-6.9900000000e+00,1.4722071971e-03,-1.3511472595e-03,-9.1776976923e-01,-2.5696958175e-07
-6.9800000000e+00,1.4685843997e-03,-1.3481238936e-03,-9.1797508805e-01,-2.5632792214e-07
-6.9700000000e+00,1.4649795297e-03,-1.3451147496e-03,-9.1817989421e-01,-2.5568793607e-07
-6.9600000000e+00,1.4613924761e-03,-1.3421197440e-03,-9.1838418900e-01,-2.5504952472e-07
-6.9500000000e+00,1.4578231292e-03,-1.3391387943e-03,-9.1858797369e-01,-2.5441263640e-07
-6.9400000000e+00,1.4542713798e-03,-1.3361718183e-03,-9.1879124956e-01,-2.5377742627e-07
-6.9300000000e+00,1.4507371196e-03,-1.3332187344e-03,-9.1899401787e-01,-2.5314378935e-07
-6.9200000000e+00,1.4472202410e-03,-1.3302794617e-03,-9.1919627989e-01,-2.5251169750e-07
-6.9100000000e+00,1.4437206374e-03,-1.3273539198e-03,-9.1939803689e-01,-2.5188122094e-07
-6.9000000000e+00,1.4402382028e-03,-1.3244420289e-03,-9.1959929013e-01,-2.5125228723e-07
-6.8900000000e+00,1.4367728320e-03,-1.3215437096e-03,-9.1980004086e-01,-2.5062497058e-07
-6.8800000000e+00,1.4333244207e-03,-1.3186588832e-03,-9.2000029034e-01,-2.4999920445e-07
-6.8700000000e+00,1.4298928654e-03,-1.3157874716e-03,-9.2020003982e-01,-2.4937493892e-07
-6.8600000000e+00,1.4264780630e-03,-1.3129293971e-03,-9.2039929056e-01,-2.4875229640e-07
-6.8500000000e+00,1.4230799115e-03,-1.3100845827e-03,-9.2059804378e-01,-2.4813119678e-07
-6.8400000000e+00,1.4196983096e-03,-1.3072529516e-03,-9.2079630075e-01,-2.4751164601e-07
-6.8300000000e+00,1.4163331566e-03,-1.3044344280e-03,-9.2099406269e-01,-2.4689362638e-07
-6.8200000000e+00,1.4129843527e-03,-1.3016289363e-03,-9.2119133085e-01,-2.4627716438e-07
-6.8100000000e+00,1.4096517987e-03,-1.2988364015e-03,-9.2138810645e-01,-2.4566222159e-07
-6.8000000000e+00,1.4063353962e-03,-1.2960567492e-03,-9.2158439073e-01,-2.4504889265e-07
-6.7900000000e+00,1.4030350474e-03,-1.2932899054e-03,-9.2178018490e-01,-2.4443703273e-07
-6.7800000000e+00,1.3997506554e-03,-1.2905357967e-03,-9.2197549021e-01,-2.4382663133e-07
-6.7700000000e+00,1.3964821239e-03,-1.2877943501e-03,-9.2217030786e-01,-2.4321788314e-07
-6.7600000000e+00,1.3932293573e-03,-1.2850654933e-03,-9.2236463907e-01,-2.4261058781e-07
-6.7500000000e+00,1.3899922606e-03,-1.2823491542e-03,-9.2255848507e-01,-2.4200479382e-07
-6.7400000000e+00,1.3867707396e-03,-1.2796452614e-03,-9.2275184705e-01,-2.4140055682e-07
-6.7300000000e+00,1.3835647008e-03,-1.2769537440e-03,-9.2294472624e-01,-2.4079778221e-07
-6.7200000000e+00,1.3803740513e-03,-1.2742745315e-03,-9.2313712382e-01,-2.4019660541e-07
-6.7100000000e+00,1.3771986990e-03,-1.2716075540e-03,-9.2332904102e-01,-2.3959687936e-07
-6.7000000000e+00,1.3740385522e-03,-1.2689527419e-03,-9.2352047902e-01,-2.3899855461e-07
-6.6900000000e+00,1.3708935202e-03,-1.2663100263e-03,-9.2371143902e-01,-2.3840183272e-07
-6.6800000000e+00,1.3677635126e-03,-1.2636793385e-03,-9.2390192222e-01,-2.3780656930e-07
-6.6700000000e+00,1.3646484400e-03,-1.2610606104e-03,-9.2409192981e-01,-2.3721278272e-07
-6.6600000000e+00,1.3615482133e-03,-1.2584537745e-03,-9.2428146297e-01,-2.3662050058e-07
-6.6500000000e+00,1.3584627443e-03,-1.2558587636e-03,-9.2447052288e-01,-2.3602969174e-07
-6.6400000000e+00,1.3553919454e-03,-1.2532755109e-03,-9.2465911074e-01,-2.3544037825e-07
-6.6300000000e+00,1.3523357294e-03,-1.2507039502e-03,-9.2484722772e-01,-2.3485252390e-07
-6.6200000000e+00,1.3492940099e-03,-1.2481440158e-03,-9.2503487500e-01,-2.3426610099e-07
-6.6100000000e+00,1.3462667012e-03,-1.2455956422e-03,-9.2522205374e-01,-2.3368115687e-07
-6.6000000000e+00,1.3432537181e-03,-1.2430587645e-03,-9.2540876512e-01,-2.3309765718e-07
-6.5900000000e+00,1.3402549759e-03,-1.2405333182e-03,-9.2559501030e-01,-2.3251564282e-07
-6.5800000000e+00,1.3372703907e-03,-1.2380192394e-03,-9.2578079045e-01,-2.3193511764e-07
-6.5700000000e+00,1.3342998791e-03,-1.2355164643e-03,-9.2596610674e-01,-2.3135598035e-07
-6.5600000000e+00,1.3313433583e-03,-1.2330249298e-03,-9.2615096031e-01,-2.3077831507e-07
-6.5500000000e+00,1.3284007461e-03,-1.2305445732e-03,-9.2633535232e-01,-2.3020214496e-07
-6.5400000000e+00,1.3254719608e-03,-1.2280753320e-03,-9.2651928393e-01,-2.2962732141e-07
-6.5300000000e+00,1.3225569214e-03,-1.2256171444e-03,-9.2670275628e-01,-2.2905394428e-07
-6.5200000000e+00,1.3196555475e-03,-1.2231699490e-03,-9.2688577053e-01,-2.2848207382e-07
-6.5100000000e+00,1.3167677590e-03,-1.2207336844e-03,-9.2706832781e-01,-2.2791152976e-07
-6.5000000000e+00,1.3138934766e-03,-1.2183082902e-03,-9.2725042927e-01,-2.2734244509e-07
-6.4900000000e+00,1.3110326216e-03,-1.2158937060e-03,-9.2743207604e-01,-2.2677484399e-07
-6.4800000000e+00,1.3081851157e-03,-1.2134898720e-03,-9.2761326927e-01,-2.2620861914e-07
-6.4700000000e+00,1.3053508812e-03,-1.2110967286e-03,-9.2779401007e-01,-2.2564381802e-07
-6.4600000000e+00,1.3025298409e-03,-1.2087142168e-03,-9.2797429959e-01,-2.2508039926e-07
-6.4500000000e+00,1.2997219183e-03,-1.2063422780e-03,-9.2815413895e-01,-2.2451838538e-07
-6.4400000000e+00,1.2969270372e-03,-1.2039808537e-03,-9.2833352927e-01,-2.2395779734e-07
-6.4300000000e+00,1.2941451222e-03,-1.2016298861e-03,-9.2851247168e-01,-2.2339858477e-07
-6.4200000000e+00,1.2913760982e-03,-1.1992893177e-03,-9.2869096729e-01,-2.2284078105e-07
-6.4100000000e+00,1.2886198906e-03,-1.1969590914e-03,-9.2886901721e-01,-2.2228439089e-07
-6.4000000000e+00,1.2858764256e-03,-1.1946391503e-03,-9.2904662257e-01,-2.2172936739e-07
-6.3900000000e+00,1.2831456297e-03,-1.1923294381e-03,-9.2922378447e-01,-2.2117576545e-07
-6.3800000000e+00,1.2804274299e-03,-1.1900298987e-03,-9.2940050402e-01,-2.2062354085e-07
-6.3700000000e+00,1.2777217538e-03,-1.1877404766e-03,-9.2957678232e-01,-2.2007261441e-07
-6.3600000000e+00,1.2750285294e-03,-1.1854611164e-03,-9.2975262047e-01,-2.1952311707e-07
-6.3500000000e+00,1.2723476853e-03,-1.1831917632e-03,-9.2992801958e-01,-2.1897500904e-07
-6.3400000000e+00,1.2696791505e-03,-1.1809323624e-03,-9.3010298074e-01,-2.1842827760e-07
-6.3300000000e+00,1.2670228546e-03,-1.1786828600e-03,-9.3027750504e-01,-2.1788287077e-07
-6.3200000000e+00,1.2643787276e-03,-1.1764432019e-03,-9.3045159358e-01,-2.1733880518e-07
-6.3100000000e+00,1.2617466999e-03,-1.1742133348e-03,-9.3062524744e-01,-2.1679618678e-07
-6.3000000000e+00,1.2591267027e-03,-1.1719932055e-03,-9.3079846770e-01,-2.1625487642e-07
-6.2900000000e+00,1.2565186673e-03,-1.1697827612e-03,-9.3097125546e-01,-2.1571490902e-07
-6.2800000000e+00,1.2539225257e-03,-1.1675819495e-03,-9.3114361178e-01,-2.1517629298e-07
-6.2700000000e+00,1.2513382103e-03,-1.1653907183e-03,-9.3131553776e-01,-2.1463898486e-07
-6.2600000000e+00,1.2487656539e-03,-1.1632090157e-03,-9.3148703445e-01,-2.1410308809e-07
-6.2500000000e+00,1.2462047899e-03,-1.1610367904e-03,-9.3165810294e-01,-2.1356851745e-07
-6.2400000000e+00,1.2436555520e-03,-1.1588739913e-03,-9.3182874429e-01,-2.1303524103e-07
-6.2300000000e+00,1.2411178744e-03,-1.1567205676e-03,-9.3199895957e-01,-2.1250330098e-07
-6.2200000000e+00,1.2385916918e-03,-1.1545764690e-03,-9.3216874985e-01,-2.1197274380e-07
-6.2100000000e+00,1.2360769395e-03,-1.1524416452e-03,-9.3233811618e-01,-2.1144346340e-07
-6.2000000000e+00,1.2335735528e-03,-1.1503160465e-03,-9.3250705962e-01,-2.1091548708e-07
-6.1900000000e+00,1.2310814678e-03,-1.1481996235e-03,-9.3267558123e-01,-2.1038890638e-07
-6.1800000000e+00,1.2286006210e-03,-1.1460923271e-03,-9.3284368207e-01,-2.0986358604e-07
-6.1700000000e+00,1.2261309492e-03,-1.1439941084e-03,-9.3301136317e-01,-2.0933954031e-07
-6.1600000000e+00,1.2236723897e-03,-1.1419049188e-03,-9.3317862560e-01,-2.0881686141e-07
-6.1500000000e+00,1.2212248803e-03,-1.1398247103e-03,-9.3334547039e-01,-2.0829547481e-07
-6.1400000000e+00,1.2187883590e-03,-1.1377534350e-03,-9.3351189859e-01,-2.0777538004e-07
-6.1300000000e+00,1.2163627644e-03,-1.1356910452e-03,-9.3367791125e-01,-2.0725658126e-07
-6.1200000000e+00,1.2139480356e-03,-1.1336374937e-03,-9.3384350938e-01,-2.0673910772e-07
-6.1100000000e+00,1.2115441118e-03,-1.1315927336e-03,-9.3400869404e-01,-2.0622289809e-07
-6.1000000000e+00,1.2091509329e-03,-1.1295567182e-03,-9.3417346626e-01,-2.0570795545e-07
-6.0900000000e+00,1.2067684390e-03,-1.1275294011e-03,-9.3433782705e-01,-2.0519436503e-07
-6.0800000000e+00,1.2043965709e-03,-1.1255107362e-03,-9.3450177746e-01,-2.0468200276e-07
-6.0700000000e+00,1.2020352693e-03,-1.1235006779e-03,-9.3466531851e-01,-2.0417095511e-07
-6.0600000000e+00,1.1996844759e-03,-1.1214991805e-03,-9.3482845121e-01,-2.0366118253e-07
-6.0500000000e+00,1.1973441323e-03,-1.1195061990e-03,-9.3499117659e-01,-2.0315267107e-07
-6.0400000000e+00,1.1950141807e-03,-1.1175216884e-03,-9.3515349567e-01,-2.0264540848e-07
-6.0300000000e+00,1.1926945637e-03,-1.1155456042e-03,-9.3531540945e-01,-2.0213935795e-07
-6.0200000000e+00,1.1903852242e-03,-1.1135779019e-03,-9.3547691896e-01,-2.0163469963e-07
-6.0100000000e+00,1.1880861055e-03,-1.1116185375e-03,-9.3563802519e-01,-2.0113127175e-07
-6.0000000000e+00,1.1857971514e-03,-1.1096674673e-03,-9.3579872917e-01,-2.0062898998e-07
-5.9900000000e+00,1.1835183059e-03,-1.1077246478e-03,-9.3595903188e-01,-2.0012808766e-07
-5.9800000000e+00,1.1812495134e-03,-1.1057900357e-03,-9.3611893434e-01,-1.9962842465e-07
-5.9700000000e+00,1.1789907189e-03,-1.1038635882e-03,-9.3627843754e-01,-1.9912994950e-07
-5.9600000000e+00,1.1767418674e-03,-1.1019452624e-03,-9.3643754248e-01,-1.9863276296e-07
-5.9500000000e+00,1.1745029045e-03,-1.1000350162e-03,-9.3659625016e-01,-1.9813678259e-07
-5.9400000000e+00,1.1722737761e-03,-1.0981328072e-03,-9.3675456156e-01,-1.9764206943e-07
-5.9300000000e+00,1.1700544285e-03,-1.0962385936e-03,-9.3691247768e-01,-1.9714858293e-07
-5.9200000000e+00,1.1678448083e-03,-1.0943523339e-03,-9.3706999950e-01,-1.9665628750e-07
-5.9100000000e+00,1.1656448624e-03,-1.0924739867e-03,-9.3722712801e-01,-1.9616525884e-07
-5.9000000000e+00,1.1634545382e-03,-1.0906035109e-03,-9.3738386419e-01,-1.9567548126e-07
-5.8900000000e+00,1.1612737834e-03,-1.0887408656e-03,-9.3754020902e-01,-1.9518695527e-07
-5.8800000000e+00,1.1591025459e-03,-1.0868860104e-03,-9.3769616347e-01,-1.9469958146e-07
-5.8700000000e+00,1.1569407741e-03,-1.0850389048e-03,-9.3785172852e-01,-1.9421340200e-07
-5.8600000000e+00,1.1547884167e-03,-1.0831995088e-03,-9.3800690515e-01,-1.9372848512e-07
-5.8500000000e+00,1.1526454227e-03,-1.0813677827e-03,-9.3816169432e-01,-1.9324476624e-07
-5.8400000000e+00,1.1505117415e-03,-1.0795436868e-03,-9.3831609700e-01,-1.9276224322e-07
-5.8300000000e+00,1.1483873227e-03,-1.0777271818e-03,-9.3847011416e-01,-1.9228095000e-07
-5.8200000000e+00,1.1462721164e-03,-1.0759182287e-03,-9.3862374675e-01,-1.9180084213e-07
-5.8100000000e+00,1.1441660729e-03,-1.0741167886e-03,-9.3877699574e-01,-1.9132194776e-07
-5.8000000000e+00,1.1420691430e-03,-1.0723228229e-03,-9.3892986209e-01,-1.9084425187e-07
-5.7900000000e+00,1.1399812774e-03,-1.0705362933e-03,-9.3908234675e-01,-1.9036771537e-07
-5.7800000000e+00,1.1379024277e-03,-1.0687571616e-03,-9.3923445068e-01,-1.8989242501e-07
-5.7700000000e+00,1.1358325454e-03,-1.0669853901e-03,-9.3938617481e-01,-1.8941830104e-07
-5.7600000000e+00,1.1337715824e-03,-1.0652209409e-03,-9.3953752012e-01,-1.8894529261e-07
-5.7500000000e+00,1.1317194911e-03,-1.0634637769e-03,-9.3968848753e-01,-1.8847352898e-07
-5.7400000000e+00,1.1296762238e-03,-1.0617138606e-03,-9.3983907799e-01,-1.8800293708e-07
-5.7300000000e+00,1.1276417336e-03,-1.0599711553e-03,-9.3998929245e-01,-1.8753352599e-07
-5.7200000000e+00,1.1256159736e-03,-1.0582356242e-03,-9.4013913184e-01,-1.8706531585e-07
-5.7100000000e+00,1.1235988972e-03,-1.0565072307e-03,-9.4028859710e-01,-1.8659817708e-07
-5.7000000000e+00,1.1215904582e-03,-1.0547859387e-03,-9.4043768917e-01,-1.8613224909e-07
-5.6900000000e+00,1.1195906107e-03,-1.0530717121e-03,-9.4058640897e-01,-1.8566755669e-07
-5.6800000000e+00,1.1175993091e-03,-1.0513645150e-03,-9.4073475743e-01,-1.8520393910e-07
-5.6700000000e+00,1.1156165080e-03,-1.0496643118e-03,-9.4088273549e-01,-1.8474151209e-07
-5.6600000000e+00,1.1136421624e-03,-1.0479710672e-03,-9.4103034406e-01,-1.8428024096e-07
-5.6500000000e+00,1.1116762275e-03,-1.0462847460e-03,-9.4117758408e-01,-1.8382009059e-07
-5.6400000000e+00,1.1097186587e-03,-1.0446053132e-03,-9.4132445645e-01,-1.8336117644e-07
-5.6300000000e+00,1.1077694120e-03,-1.0429327341e-03,-9.4147096210e-01,-1.8290333745e-07
-5.6200000000e+00,1.1058284435e-03,-1.0412669742e-03,-9.4161710194e-01,-1.8244659836e-07
-5.6100000000e+00,1.1038957094e-03,-1.0396079991e-03,-9.4176287690e-01,-1.8199105151e-07
-5.6000000000e+00,1.1019711664e-03,-1.0379557747e-03,-9.4190828786e-01,-1.8153665454e-07
-5.5900000000e+00,1.1000547716e-03,-1.0363102671e-03,-9.4205333576e-01,-1.8108337879e-07
-5.5800000000e+00,1.0981464820e-03,-1.0346714426e-03,-9.4219802149e-01,-1.8063122667e-07
-5.5700000000e+00,1.0962462551e-03,-1.0330392677e-03,-9.4234234595e-01,-1.8018020501e-07
-5.5600000000e+00,1.0943540487e-03,-1.0314137092e-03,-9.4248631006e-01,-1.7973034153e-07
-5.5500000000e+00,1.0924698208e-03,-1.0297947340e-03,-9.4262991470e-01,-1.7928161244e-07
-5.5400000000e+00,1.0905935296e-03,-1.0281823090e-03,-9.4277316078e-01,-1.7883396020e-07
-5.5300000000e+00,1.0887251337e-03,-1.0265764018e-03,-9.4291604920e-01,-1.7838739841e-07
-5.5200000000e+00,1.0868645920e-03,-1.0249769797e-03,-9.4305858083e-01,-1.7794198556e-07
-5.5100000000e+00,1.0850118634e-03,-1.0233840105e-03,-9.4320075659e-01,-1.7749770617e-07
-5.5000000000e+00,1.0831669073e-03,-1.0217974620e-03,-9.4334257735e-01,-1.7705448993e-07
-5.4900000000e+00,1.0813296833e-03,-1.0202173025e-03,-9.4348404400e-01,-1.7661240409e-07
-5.4800000000e+00,1.0795001511e-03,-1.0186435000e-03,-9.4362515742e-01,-1.7617144948e-07
-5.4700000000e+00,1.0776782709e-03,-1.0170760232e-03,-9.4376591850e-01,-1.7573157601e-07
-5.4600000000e+00,1.0758640031e-03,-1.0155148407e-03,-9.4390632812e-01,-1.7529278920e-07
-5.4500000000e+00,1.0740573081e-03,-1.0139599213e-03,-9.4404638715e-01,-1.7485507645e-07
-5.4400000000e+00,1.0722581468e-03,-1.0124112341e-03,-9.4418609648e-01,-1.7441851333e-07
-5.4300000000e+00,1.0704664804e-03,-1.0108687483e-03,-9.4432545696e-01,-1.7398301322e-07
-5.4200000000e+00,1.0686822701e-03,-1.0093324332e-03,-9.4446446948e-01,-1.7354856541e-07
-5.4100000000e+00,1.0669054774e-03,-1.0078022586e-03,-9.4460313490e-01,-1.7311525224e-07
-5.4000000000e+00,1.0651360642e-03,-1.0062781941e-03,-9.4474145410e-01,-1.7268304250e-07
-5.3900000000e+00,1.0633739926e-03,-1.0047602098e-03,-9.4487942792e-01,-1.7225185286e-07
-5.3800000000e+00,1.0616192247e-03,-1.0032482757e-03,-9.4501705724e-01,-1.7182174103e-07
-5.3700000000e+00,1.0598717232e-03,-1.0017423621e-03,-9.4515434292e-01,-1.7139274416e-07
-5.3600000000e+00,1.0581314507e-03,-1.0002424396e-03,-9.4529128581e-01,-1.7096480714e-07
-5.3500000000e+00,1.0563983702e-03,-9.9874847875e-04,-9.4542788678e-01,-1.7053788653e-07
-5.3400000000e+00,1.0546724450e-03,-9.9726045044e-04,-9.4556414667e-01,-1.7011205647e-07
-5.3300000000e+00,1.0529536384e-03,-9.9577832567e-04,-9.4570006633e-01,-1.6968734576e-07
-5.3200000000e+00,1.0512419141e-03,-9.9430207560e-04,-9.4583564662e-01,-1.6926366589e-07
-5.3100000000e+00,1.0495372361e-03,-9.9283167160e-04,-9.4597088838e-01,-1.6884104848e-07
-5.3000000000e+00,1.0478395683e-03,-9.9136708517e-04,-9.4610579246e-01,-1.6841948436e-07
-5.2900000000e+00,1.0461488752e-03,-9.8990828800e-04,-9.4624035970e-01,-1.6799893843e-07
-5.2800000000e+00,1.0444651213e-03,-9.8845525194e-04,-9.4637459094e-01,-1.6757945487e-07
-5.2700000000e+00,1.0427882714e-03,-9.8700794901e-04,-9.4650848702e-01,-1.6716103987e-07
-5.2600000000e+00,1.0411182903e-03,-9.8556635139e-04,-9.4664204878e-01,-1.6674363199e-07
-5.2500000000e+00,1.0394551435e-03,-9.8413043144e-04,-9.4677527705e-01,-1.6632729657e-07
-5.2400000000e+00,1.0377987961e-03,-9.8270016164e-04,-9.4690817267e-01,-1.6591201885e-07
-5.2300000000e+00,1.0361492140e-03,-9.8127551469e-04,-9.4704073647e-01,-1.6549776433e-07
-5.2200000000e+00,1.0345063628e-03,-9.7985646339e-04,-9.4717296927e-01,-1.6508453776e-07
-5.2100000000e+00,1.0328702087e-03,-9.7844298076e-04,-9.4730487190e-01,-1.6467235545e-07
-5.2000000000e+00,1.0312407179e-03,-9.7703503992e-04,-9.4743644518e-01,-1.6426117147e-07
-5.1900000000e+00,1.0296178569e-03,-9.7563261418e-04,-9.4756768994e-01,-1.6385098137e-07
-5.1800000000e+00,1.0280015923e-03,-9.7423567701e-04,-9.4769860700e-01,-1.6344188361e-07
-5.1700000000e+00,1.0263918910e-03,-9.7284420201e-04,-9.4782919718e-01,-1.6303382677e-07
-5.1600000000e+00,1.0247887200e-03,-9.7145816295e-04,-9.4795946129e-01,-1.6262675850e-07
-5.1500000000e+00,1.0231920467e-03,-9.7007753375e-04,-9.4808940015e-01,-1.6222068611e-07
-5.1400000000e+00,1.0216018384e-03,-9.6870228849e-04,-9.4821901456e-01,-1.6181564652e-07
-5.1300000000e+00,1.0200180629e-03,-9.6733240139e-04,-9.4834830534e-01,-1.6141158884e-07
-5.1200000000e+00,1.0184406880e-03,-9.6596784681e-04,-9.4847727330e-01,-1.6100856645e-07
-5.1100000000e+00,1.0168696818e-03,-9.6460859929e-04,-9.4860591924e-01,-1.6060657543e-07
-5.1000000000e+00,1.0153050125e-03,-9.6325463347e-04,-9.4873424397e-01,-1.6020552490e-07
-5.0900000000e+00,1.0137466486e-03,-9.6190592419e-04,-9.4886224829e-01,-1.5980551765e-07
-5.0800000000e+00,1.0121945586e-03,-9.6056244639e-04,-9.4898993300e-01,-1.5940651193e-07
-5.0700000000e+00,1.0106487115e-03,-9.5922417519e-04,-9.4911729889e-01,-1.5900846764e-07
-5.0600000000e+00,1.0091090762e-03,-9.5789108583e-04,-9.4924434677e-01,-1.5861149563e-07
-5.0500000000e+00,1.0075756218e-03,-9.5656315370e-04,-9.4937107742e-01,-1.5821547319e-07
-5.0400000000e+00,1.0060483179e-03,-9.5524035432e-04,-9.4949749165e-01,-1.5782036766e-07
-5.0300000000e+00,1.0045271339e-03,-9.5392266339e-04,-9.4962359023e-01,-1.5742629955e-07
-5.0200000000e+00,1.0030120396e-03,-9.5261005670e-04,-9.4974937396e-01,-1.5703324252e-07
-5.0100000000e+00,1.0015030049e-03,-9.5130251021e-04,-9.4987484362e-01,-1.5664117367e-07
-5.0000000000e+00,1.0000000000e-03,-9.5000000000e-04,-9.5000000000e-01,-1.5625004388e-07
-4.9900000000e+00,9.9850299507e-04,-9.4870250230e-04,-9.5012484388e-01,-1.5585992449e-07
-4.9800000000e+00,9.9701196062e-04,-9.4740999348e-04,-9.5024937604e-01,-1.5547075635e-07
-4.9700000000e+00,9.9552686728e-04,-9.4612245003e-04,-9.5037359726e-01,-1.5508258638e-07
-4.9600000000e+00,9.9404768588e-04,-9.4483984858e-04,-9.5049750831e-01,-1.5469536069e-07
-4.9500000000e+00,9.9257438740e-04,-9.4356216589e-04,-9.5062110998e-01,-1.5430907024e-07
-4.9400000000e+00,9.9110694301e-04,-9.4228937886e-04,-9.5074440302e-01,-1.5392376865e-07
-4.9300000000e+00,9.8964532403e-04,-9.4102146452e-04,-9.5086738822e-01,-1.5353945063e-07
-4.9200000000e+00,9.8818950197e-04,-9.3975840003e-04,-9.5099006633e-01,-1.5315611226e-07
-4.9100000000e+00,9.8673944850e-04,-9.3850016267e-04,-9.5111243814e-01,-1.5277367629e-07
-4.9000000000e+00,9.8529513546e-04,-9.3724672986e-04,-9.5123450440e-01,-1.5239222806e-07
-4.8900000000e+00,9.8385653486e-04,-9.3599807916e-04,-9.5135626587e-01,-1.5201171977e-07
-4.8800000000e+00,9.8242361887e-04,-9.3475418822e-04,-9.5147772332e-01,-1.5163216260e-07
-4.8700000000e+00,9.8099635983e-04,-9.3351503485e-04,-9.5159887751e-01,-1.5125355035e-07
-4.8600000000e+00,9.7957473023e-04,-9.3228059697e-04,-9.5171972919e-01,-1.5087592006e-07
-4.8500000000e+00,9.7815870274e-04,-9.3105085264e-04,-9.5184027911e-01,-1.5049918820e-07
-4.8400000000e+00,9.7674825019e-04,-9.2982578002e-04,-9.5196052804e-01,-1.5012338647e-07
-4.8300000000e+00,9.7534334555e-04,-9.2860535741e-04,-9.5208047672e-01,-1.4974854207e-07
-4.8200000000e+00,9.7394396198e-04,-9.2738956322e-04,-9.5220012591e-01,-1.4937464859e-07
-4.8100000000e+00,9.7255007276e-04,-9.2617837600e-04,-9.5231947634e-01,-1.4900172401e-07
-4.8000000000e+00,9.7116165135e-04,-9.2497177441e-04,-9.5243852877e-01,-1.4862964709e-07
-4.7900000000e+00,9.6977867137e-04,-9.2376973723e-04,-9.5255728395e-01,-1.4825852659e-07
-4.7800000000e+00,9.6840110658e-04,-9.2257224335e-04,-9.5267574260e-01,-1.4788835948e-07
-4.7700000000e+00,9.6702893091e-04,-9.2137927179e-04,-9.5279390548e-01,-1.4751909042e-07
-4.7600000000e+00,9.6566211842e-04,-9.2019080169e-04,-9.5291177332e-01,-1.4715075780e-07
-4.7500000000e+00,9.6430064334e-04,-9.1900681230e-04,-9.5302934686e-01,-1.4678333016e-07
-4.7400000000e+00,9.6294448004e-04,-9.1782728297e-04,-9.5314662683e-01,-1.4641680979e-07
-4.7300000000e+00,9.6159360305e-04,-9.1665219321e-04,-9.5326361397e-01,-1.4605124454e-07
-4.7200000000e+00,9.6024798703e-04,-9.1548152260e-04,-9.5338030900e-01,-1.4568661086e-07
-4.7100000000e+00,9.5890760681e-04,-9.1431525084e-04,-9.5349671267e-01,-1.4532282486e-07
-4.7000000000e+00,9.5757243735e-04,-9.1315335778e-04,-9.5361282568e-01,-1.4495997988e-07
-4.6900000000e+00,9.5624245376e-04,-9.1199582333e-04,-9.5372864878e-01,-1.4459804940e-07
-4.6800000000e+00,9.5491763130e-04,-9.1084262756e-04,-9.5384418268e-01,-1.4423694300e-07
-4.6700000000e+00,9.5359794536e-04,-9.0969375060e-04,-9.5395942811e-01,-1.4387683339e-07
-4.6600000000e+00,9.5228337149e-04,-9.0854917274e-04,-9.5407438578e-01,-1.4351759087e-07
-4.6500000000e+00,9.5097388535e-04,-9.0740887434e-04,-9.5418905642e-01,-1.4315924152e-07
-4.6400000000e+00,9.4966946279e-04,-9.0627283590e-04,-9.5430344074e-01,-1.4280180285e-07
-4.6300000000e+00,9.4837007975e-04,-9.0514103801e-04,-9.5441753945e-01,-1.4244525318e-07
-4.6200000000e+00,9.4707571234e-04,-9.0401346136e-04,-9.5453135328e-01,-1.4208958946e-07
-4.6100000000e+00,9.4578633679e-04,-9.0289008676e-04,-9.5464488292e-01,-1.4173475094e-07
-4.6000000000e+00,9.4450192949e-04,-9.0177089512e-04,-9.5475812910e-01,-1.4138089999e-07
-4.5900000000e+00,9.4322246692e-04,-9.0065586747e-04,-9.5487109251e-01,-1.4102790236e-07
-4.5800000000e+00,9.4194792576e-04,-8.9954498493e-04,-9.5498377387e-01,-1.4067573961e-07
-4.5700000000e+00,9.4067828276e-04,-8.9843822871e-04,-9.5509617388e-01,-1.4032447834e-07
-4.5600000000e+00,9.3941351484e-04,-8.9733558015e-04,-9.5520829324e-01,-1.3997415002e-07
-4.5500000000e+00,9.3815359904e-04,-8.9623702068e-04,-9.5532013264e-01,-1.3962463127e-07
-4.5400000000e+00,9.3689851255e-04,-8.9514253183e-04,-9.5543169280e-01,-1.3927596651e-07
-4.5300000000e+00,9.3564823266e-04,-8.9405209524e-04,-9.5554297441e-01,-1.3892829437e-07
-4.5200000000e+00,9.3440273680e-04,-8.9296569263e-04,-9.5565397816e-01,-1.3858137132e-07
-4.5100000000e+00,9.3316200255e-04,-8.9188330585e-04,-9.5576470475e-01,-1.3823533879e-07
-4.5000000000e+00,9.3192600759e-04,-8.9080491683e-04,-9.5587515487e-01,-1.3789020431e-07
-4.4900000000e+00,9.3069472973e-04,-8.8973050759e-04,-9.5598532921e-01,-1.3754585418e-07
-4.4800000000e+00,9.2946814693e-04,-8.8866006028e-04,-9.5609522845e-01,-1.3720246619e-07
-4.4700000000e+00,9.2824623724e-04,-8.8759355710e-04,-9.5620485329e-01,-1.3685990111e-07
-4.4600000000e+00,9.2702897887e-04,-8.8653098040e-04,-9.5631420442e-01,-1.3651815847e-07
-4.4500000000e+00,9.2581635013e-04,-8.8547231258e-04,-9.5642328250e-01,-1.3617730144e-07
-4.4400000000e+00,9.2460832945e-04,-8.8441753616e-04,-9.5653208823e-01,-1.3583724878e-07
-4.4300000000e+00,9.2340489540e-04,-8.8336663376e-04,-9.5664062229e-01,-1.3549809563e-07
-4.4200000000e+00,9.2220602667e-04,-8.8231958807e-04,-9.5674888534e-01,-1.3515977360e-07
-4.4100000000e+00,9.2101170204e-04,-8.8127638189e-04,-9.5685687808e-01,-1.3482228475e-07
-4.4000000000e+00,9.1982190045e-04,-8.8023699812e-04,-9.5696460118e-01,-1.3448566868e-07
-4.3900000000e+00,9.1863660094e-04,-8.7920141973e-04,-9.5707205530e-01,-1.3414988373e-07
-4.3800000000e+00,9.1745578265e-04,-8.7816962981e-04,-9.5717924113e-01,-1.3381490724e-07
-4.3700000000e+00,9.1627942488e-04,-8.7714161150e-04,-9.5728615932e-01,-1.3348079358e-07
-4.3600000000e+00,9.1510750700e-04,-8.7611734808e-04,-9.5739281055e-01,-1.3314750763e-07
-4.3500000000e+00,9.1394000853e-04,-8.7509682289e-04,-9.5749919549e-01,-1.3281507177e-07
-4.3400000000e+00,9.1277690909e-04,-8.7408001936e-04,-9.5760531480e-01,-1.3248344483e-07
-4.3300000000e+00,9.1161818841e-04,-8.7306692103e-04,-9.5771116914e-01,-1.3215262309e-07
-4.3200000000e+00,9.1046382635e-04,-8.7205751149e-04,-9.5781675917e-01,-1.3182265315e-07
-4.3100000000e+00,9.0931380286e-04,-8.7105177446e-04,-9.5792208556e-01,-1.3149355452e-07
-4.3000000000e+00,9.0816809802e-04,-8.7004969372e-04,-9.5802714896e-01,-1.3116524525e-07
-4.2900000000e+00,9.0702669201e-04,-8.6905125315e-04,-9.5813195003e-01,-1.3083768480e-07
-4.2800000000e+00,9.0588956514e-04,-8.6805643671e-04,-9.5823648943e-01,-1.3051097758e-07
-4.2700000000e+00,9.0475669779e-04,-8.6706522844e-04,-9.5834076780e-01,-1.3018511702e-07
-4.2600000000e+00,9.0362807050e-04,-8.6607761248e-04,-9.5844478581e-01,-1.2986008778e-07
-4.2500000000e+00,9.0250366387e-04,-8.6509357304e-04,-9.5854854409e-01,-1.2953583338e-07
-4.2400000000e+00,9.0138345864e-04,-8.6411309443e-04,-9.5865204330e-01,-1.2921244473e-07
-4.2300000000e+00,9.0026743565e-04,-8.6313616102e-04,-9.5875528409e-01,-1.2888981957e-07
-4.2200000000e+00,8.9915557583e-04,-8.6216275729e-04,-9.5885826710e-01,-1.2856793827e-07
-4.2100000000e+00,8.9804786024e-04,-8.6119286779e-04,-9.5896099297e-01,-1.2824692282e-07
-4.2000000000e+00,8.9694427002e-04,-8.6022647714e-04,-9.5906346235e-01,-1.2792673539e-07
-4.1900000000e+00,8.9584478643e-04,-8.5926357005e-04,-9.5916567587e-01,-1.2760728169e-07
-4.1800000000e+00,8.9474939084e-04,-8.5830413133e-04,-9.5926763418e-01,-1.2728868820e-07
-4.1700000000e+00,8.9365806470e-04,-8.5734814585e-04,-9.5936933791e-01,-1.2697087030e-07
-4.1600000000e+00,8.9257078958e-04,-8.5639559856e-04,-9.5947078770e-01,-1.2665381015e-07
-4.1500000000e+00,8.9148754714e-04,-8.5544647449e-04,-9.5957198418e-01,-1.2633761429e-07
-4.1400000000e+00,8.9040831916e-04,-8.5450075876e-04,-9.5967292799e-01,-1.2602216851e-07
-4.1300000000e+00,8.8933308749e-04,-8.5355843655e-04,-9.5977361975e-01,-1.2570746223e-07
-4.1200000000e+00,8.8826183411e-04,-8.5261949314e-04,-9.5987406010e-01,-1.2539359896e-07
-4.1100000000e+00,8.8719454107e-04,-8.5168391387e-04,-9.5997424966e-01,-1.2508054337e-07
-4.1000000000e+00,8.8613119055e-04,-8.5075168417e-04,-9.6007418906e-01,-1.2476817512e-07
-4.0900000000e+00,8.8507176479e-04,-8.4982278953e-04,-9.6017387893e-01,-1.2445665809e-07
-4.0800000000e+00,8.8401624617e-04,-8.4889721553e-04,-9.6027331987e-01,-1.2414591775e-07
-4.0700000000e+00,8.8296461712e-04,-8.4797494782e-04,-9.6037251253e-01,-1.2383591973e-07
-4.0600000000e+00,8.8191686021e-04,-8.4705597213e-04,-9.6047145752e-01,-1.2352672638e-07
-4.0500000000e+00,8.8087295807e-04,-8.4614027426e-04,-9.6057015545e-01,-1.2321832996e-07
-4.0400000000e+00,8.7983289344e-04,-8.4522784009e-04,-9.6066860695e-01,-1.2291066483e-07
-4.0300000000e+00,8.7879664916e-04,-8.4431865555e-04,-9.6076681262e-01,-1.2260375178e-07
-4.0200000000e+00,8.7776420815e-04,-8.4341270669e-04,-9.6086477309e-01,-1.2229762109e-07
-4.0100000000e+00,8.7673555343e-04,-8.4250997958e-04,-9.6096248896e-01,-1.2199223481e-07
-4.0000000000e+00,8.7571066810e-04,-8.4161046040e-04,-9.6105996085e-01,-1.2168767698e-07
-3.9900000000e+00,8.7468953538e-04,-8.4071413539e-04,-9.6115718936e-01,-1.2138385246e-07
-3.9800000000e+00,8.7367213855e-04,-8.3982099085e-04,-9.6125417510e-01,-1.2108072227e-07
-3.9700000000e+00,8.7265846099e-04,-8.3893101317e-04,-9.6135091868e-01,-1.2077840175e-07
-3.9600000000e+00,8.7164848619e-04,-8.3804418881e-04,-9.6144742071e-01,-1.2047686307e-07
-3.9500000000e+00,8.7064219769e-04,-8.3716050428e-04,-9.6154368178e-01,-1.2017603425e-07
-3.9400000000e+00,8.6963957915e-04,-8.3627994617e-04,-9.6163970250e-01,-1.1987594419e-07
-3.9300000000e+00,8.6864061430e-04,-8.3540250116e-04,-9.6173548347e-01,-1.1957664436e-07
-3.9200000000e+00,8.6764528698e-04,-8.3452815596e-04,-9.6183102528e-01,-1.1927808774e-07
-3.9100000000e+00,8.6665358109e-04,-8.3365689738e-04,-9.6192632854e-01,-1.1898027284e-07
-3.9000000000e+00,8.6566548064e-04,-8.3278871228e-04,-9.6202139384e-01,-1.1868321080e-07
-3.8900000000e+00,8.6468096970e-04,-8.3192358760e-04,-9.6211622177e-01,-1.1838684642e-07
-3.8800000000e+00,8.6370003245e-04,-8.3106151035e-04,-9.6221081293e-01,-1.1809124986e-07
-3.8700000000e+00,8.6272265314e-04,-8.3020246758e-04,-9.6230516790e-01,-1.1779640194e-07
-3.8600000000e+00,8.6174881611e-04,-8.2934644644e-04,-9.6239928728e-01,-1.1750225244e-07
-3.8500000000e+00,8.6077850578e-04,-8.2849343413e-04,-9.6249317166e-01,-1.1720886346e-07
-3.8400000000e+00,8.5981170666e-04,-8.2764341790e-04,-9.6258682162e-01,-1.1691624330e-07
-3.8300000000e+00,8.5884840333e-04,-8.2679638511e-04,-9.6268023775e-01,-1.1662431115e-07
-3.8200000000e+00,8.5788858047e-04,-8.2595232313e-04,-9.6277342063e-01,-1.1633308900e-07
-3.8100000000e+00,8.5693222282e-04,-8.2511121944e-04,-9.6286637084e-01,-1.1604262011e-07
-3.8000000000e+00,8.5597931522e-04,-8.2427306156e-04,-9.6295908897e-01,-1.1575289431e-07
-3.7900000000e+00,8.5502984259e-04,-8.2343783708e-04,-9.6305157559e-01,-1.1546385684e-07
-3.7800000000e+00,8.5408378990e-04,-8.2260553364e-04,-9.6314383128e-01,-1.1517555301e-07
-3.7700000000e+00,8.5314114225e-04,-8.2177613897e-04,-9.6323585662e-01,-1.1488800657e-07
-3.7600000000e+00,8.5220188477e-04,-8.2094964085e-04,-9.6332765219e-01,-1.1460113993e-07
-3.7500000000e+00,8.5126600270e-04,-8.2012602710e-04,-9.6341921855e-01,-1.1431496440e-07
-3.7400000000e+00,8.5033348135e-04,-8.1930528565e-04,-9.6351055629e-01,-1.1402954614e-07
-3.7300000000e+00,8.4940430610e-04,-8.1848740443e-04,-9.6360166596e-01,-1.1374483821e-07
-3.7200000000e+00,8.4847846242e-04,-8.1767237149e-04,-9.6369254815e-01,-1.1346082572e-07
-3.7100000000e+00,8.4755593584e-04,-8.1686017491e-04,-9.6378320341e-01,-1.1317753555e-07
-3.7000000000e+00,8.4663671198e-04,-8.1605080283e-04,-9.6387363232e-01,-1.1289491472e-07
-3.6900000000e+00,8.4572077653e-04,-8.1524424345e-04,-9.6396383544e-01,-1.1261306251e-07
-3.6800000000e+00,8.4480811526e-04,-8.1444048505e-04,-9.6405381333e-01,-1.1233188510e-07
-3.6700000000e+00,8.4389871401e-04,-8.1363951594e-04,-9.6414356656e-01,-1.1205137436e-07
-3.6600000000e+00,8.4299255870e-04,-8.1284132451e-04,-9.6423309568e-01,-1.1177161725e-07
-3.6500000000e+00,8.4208963530e-04,-8.1204589920e-04,-9.6432240126e-01,-1.1149253892e-07
-3.6400000000e+00,8.4118992990e-04,-8.1125322850e-04,-9.6441148386e-01,-1.1121413784e-07
-3.6300000000e+00,8.4029342861e-04,-8.1046330098e-04,-9.6450034403e-01,-1.1093644964e-07
-3.6200000000e+00,8.3940011765e-04,-8.0967610525e-04,-9.6458898233e-01,-1.1065946896e-07
-3.6100000000e+00,8.3850998330e-04,-8.0889162998e-04,-9.6467739930e-01,-1.1038316088e-07
-3.6000000000e+00,8.3762301192e-04,-8.0810986391e-04,-9.6476559551e-01,-1.1010756021e-07
-3.5900000000e+00,8.3673918991e-04,-8.0733079581e-04,-9.6485357151e-01,-1.0983260204e-07
-3.5800000000e+00,8.3585850378e-04,-8.0655441452e-04,-9.6494132784e-01,-1.0955835764e-07
-3.5700000000e+00,8.3498094009e-04,-8.0578070895e-04,-9.6502886505e-01,-1.0928486317e-07
-3.5600000000e+00,8.3410648547e-04,-8.0500966805e-04,-9.6511618370e-01,-1.0901200022e-07
-3.5500000000e+00,8.3323512662e-04,-8.0424128082e-04,-9.6520328432e-01,-1.0873977041e-07
-3.5400000000e+00,8.3236685032e-04,-8.0347553633e-04,-9.6529016746e-01,-1.0846826182e-07
-3.5300000000e+00,8.3150164341e-04,-8.0271242369e-04,-9.6537683366e-01,-1.0819743745e-07
-3.5200000000e+00,8.3063949279e-04,-8.0195193208e-04,-9.6546328347e-01,-1.0792727821e-07
-3.5100000000e+00,8.2978038543e-04,-8.0119405072e-04,-9.6554951742e-01,-1.0765779322e-07
-3.5000000000e+00,8.2892430840e-04,-8.0043876889e-04,-9.6563553606e-01,-1.0738898568e-07
-3.4900000000e+00,8.2807124878e-04,-7.9968607592e-04,-9.6572133992e-01,-1.0712081819e-07
-3.4800000000e+00,8.2722119376e-04,-7.9893596120e-04,-9.6580692954e-01,-1.0685335625e-07
-3.4700000000e+00,8.2637413058e-04,-7.9818841415e-04,-9.6589230545e-01,-1.0658660128e-07
-3.4600000000e+00,8.2553004655e-04,-7.9744342429e-04,-9.6597746819e-01,-1.0632045462e-07
-3.4500000000e+00,8.2468892905e-04,-7.9670098113e-04,-9.6606241829e-01,-1.0605499651e-07
-3.4400000000e+00,8.2385076550e-04,-7.9596107429e-04,-9.6614715628e-01,-1.0579018200e-07
-3.4300000000e+00,8.2301554342e-04,-7.9522369339e-04,-9.6623168268e-01,-1.0552598778e-07
-3.4200000000e+00,8.2218325037e-04,-7.9448882815e-04,-9.6631599804e-01,-1.0526255172e-07
-3.4100000000e+00,8.2135387397e-04,-7.9375646830e-04,-9.6640010287e-01,-1.0499974150e-07
-3.4000000000e+00,8.2052740194e-04,-7.9302660364e-04,-9.6648399770e-01,-1.0473751813e-07
-3.3900000000e+00,8.1970382201e-04,-7.9229922403e-04,-9.6656768305e-01,-1.0447603552e-07
-3.3800000000e+00,8.1888312201e-04,-7.9157431935e-04,-9.6665115946e-01,-1.0421516120e-07
-3.3700000000e+00,8.1806528982e-04,-7.9085187955e-04,-9.6673442743e-01,-1.0395493079e-07
-3.3600000000e+00,8.1725031338e-04,-7.9013189464e-04,-9.6681748749e-01,-1.0369537908e-07
-3.3500000000e+00,8.1643818070e-04,-7.8941435465e-04,-9.6690034017e-01,-1.0343646241e-07
-3.3400000000e+00,8.1562887985e-04,-7.8869924968e-04,-9.6698298596e-01,-1.0317820065e-07
-3.3300000000e+00,8.1482239895e-04,-7.8798656987e-04,-9.6706542541e-01,-1.0292059871e-07
-3.3200000000e+00,8.1401872618e-04,-7.8727630541e-04,-9.6714765901e-01,-1.0266361104e-07
-3.3100000000e+00,8.1321784979e-04,-7.8656844655e-04,-9.6722968728e-01,-1.0240724090e-07
-3.3000000000e+00,8.1241975810e-04,-7.8586298356e-04,-9.6731151074e-01,-1.0215154921e-07
-3.2900000000e+00,8.1162443945e-04,-7.8515990679e-04,-9.6739312990e-01,-1.0189653174e-07
-3.2800000000e+00,8.1083188229e-04,-7.8445920660e-04,-9.6747454526e-01,-1.0164208405e-07
-3.2700000000e+00,8.1004207508e-04,-7.8376087344e-04,-9.6755575734e-01,-1.0138827719e-07
-3.2600000000e+00,8.0925500638e-04,-7.8306489776e-04,-9.6763676665e-01,-1.0113514499e-07
-3.2500000000e+00,8.0847066477e-04,-7.8237127011e-04,-9.6771757368e-01,-1.0088260567e-07
-3.2400000000e+00,8.0768903893e-04,-7.8167998103e-04,-9.6779817895e-01,-1.0063073713e-07
-3.2300000000e+00,8.0691011755e-04,-7.8099102114e-04,-9.6787858295e-01,-1.0037947556e-07
-3.2200000000e+00,8.0613388941e-04,-7.8030438110e-04,-9.6795878620e-01,-1.0012880330e-07
-3.2100000000e+00,8.0536034333e-04,-7.7962005162e-04,-9.6803878919e-01,-9.9878801271e-08
-3.2000000000e+00,8.0458946821e-04,-7.7893802344e-04,-9.6811859242e-01,-9.9629436964e-08
-3.1900000000e+00,8.0382125297e-04,-7.7825828735e-04,-9.6819819639e-01,-9.9380663851e-08
-3.1800000000e+00,8.0305568661e-04,-7.7758083419e-04,-9.6827760160e-01,-9.9132517223e-08
-3.1700000000e+00,8.0229275818e-04,-7.7690565484e-04,-9.6835680855e-01,-9.8885036742e-08
-3.1600000000e+00,8.0153245679e-04,-7.7623274022e-04,-9.6843581772e-01,-9.8638097037e-08
-3.1500000000e+00,8.0077477158e-04,-7.7556208131e-04,-9.6851462962e-01,-9.8391816819e-08
-3.1400000000e+00,8.0001969178e-04,-7.7489366912e-04,-9.6859324474e-01,-9.8146169095e-08
-3.1300000000e+00,7.9926720666e-04,-7.7422749470e-04,-9.6867166356e-01,-9.7901077689e-08
-3.1200000000e+00,7.9851730552e-04,-7.7356354916e-04,-9.6874988659e-01,-9.7656650655e-08
-3.1100000000e+00,7.9776997774e-04,-7.7290182362e-04,-9.6882791429e-01,-9.7412788169e-08
-3.1000000000e+00,7.9702521275e-04,-7.7224230928e-04,-9.6890574718e-01,-9.7169547505e-08
-3.0900000000e+00,7.9628300003e-04,-7.7158499736e-04,-9.6898338572e-01,-9.6926973767e-08
-3.0800000000e+00,7.9554332911e-04,-7.7092987914e-04,-9.6906083041e-01,-9.6684933490e-08
-3.0700000000e+00,7.9480618957e-04,-7.7027694591e-04,-9.6913808173e-01,-9.6443521030e-08
-3.0600000000e+00,7.9407157105e-04,-7.6962618903e-04,-9.6921514016e-01,-9.6202758065e-08
-3.0500000000e+00,7.9333946322e-04,-7.6897759989e-04,-9.6929200619e-01,-9.5962513352e-08
-3.0400000000e+00,7.9260985583e-04,-7.6833116993e-04,-9.6936868029e-01,-9.5722867036e-08
-3.0300000000e+00,7.9188273867e-04,-7.6768689063e-04,-9.6944516295e-01,-9.5483898968e-08
-3.0200000000e+00,7.9115810157e-04,-7.6704475348e-04,-9.6952145464e-01,-9.5245517306e-08
-3.0100000000e+00,7.9043593442e-04,-7.6640475006e-04,-9.6959755583e-01,-9.5007647583e-08
-3.0000000000e+00,7.8971622716e-04,-7.6576687195e-04,-9.6967346701e-01,-9.4770417902e-08
-2.9900000000e+00,7.8899896978e-04,-7.6513111080e-04,-9.6974918866e-01,-9.4533814041e-08
-2.9800000000e+00,7.8828415231e-04,-7.6449745827e-04,-9.6982472123e-01,-9.4297819039e-08
-2.9700000000e+00,7.8757176484e-04,-7.6386590607e-04,-9.6990006521e-01,-9.4062336295e-08
-2.9600000000e+00,7.8686179751e-04,-7.6323644598e-04,-9.6997522106e-01,-9.3827418307e-08
-2.9500000000e+00,7.8615424049e-04,-7.6260906977e-04,-9.7005018926e-01,-9.3593186895e-08
-2.9400000000e+00,7.8544908401e-04,-7.6198376928e-04,-9.7012497027e-01,-9.3359532910e-08
-2.9300000000e+00,7.8474631837e-04,-7.6136053637e-04,-9.7019956456e-01,-9.3126388392e-08
-2.9200000000e+00,7.8404593388e-04,-7.6073936297e-04,-9.7027397260e-01,-9.2893827755e-08
-2.9100000000e+00,7.8334792091e-04,-7.6012024100e-04,-9.7034819485e-01,-9.2661940135e-08
-2.9000000000e+00,7.8265226990e-04,-7.5950316246e-04,-9.7042223178e-01,-9.2430573639e-08
-2.8900000000e+00,7.8195897130e-04,-7.5888811938e-04,-9.7049608385e-01,-9.2199743063e-08
-2.8800000000e+00,7.8126801563e-04,-7.5827510380e-04,-9.7056975152e-01,-9.1969549643e-08
-2.8700000000e+00,7.8057939345e-04,-7.5766410782e-04,-9.7064323524e-01,-9.1739922978e-08
-2.8600000000e+00,7.7989309537e-04,-7.5705512359e-04,-9.7071653549e-01,-9.1510852770e-08
-2.8500000000e+00,7.7920911203e-04,-7.5644814327e-04,-9.7078965272e-01,-9.1282352330e-08
-2.8400000000e+00,7.7852743415e-04,-7.5584315906e-04,-9.7086258738e-01,-9.1054466606e-08
-2.8300000000e+00,7.7784805245e-04,-7.5524016322e-04,-9.7093533993e-01,-9.0827104254e-08
-2.8200000000e+00,7.7717095773e-04,-7.5463914803e-04,-9.7100791083e-01,-9.0600312003e-08
-2.8100000000e+00,7.7649614082e-04,-7.5404010579e-04,-9.7108030053e-01,-9.0374105713e-08
-2.8000000000e+00,7.7582359260e-04,-7.5344302886e-04,-9.7115250948e-01,-9.0148433676e-08
-2.7900000000e+00,7.7515330398e-04,-7.5284790964e-04,-9.7122453813e-01,-8.9923364824e-08
-2.7800000000e+00,7.7448526593e-04,-7.5225474054e-04,-9.7129638694e-01,-8.9698827643e-08
-2.7700000000e+00,7.7381946946e-04,-7.5166351402e-04,-9.7136805635e-01,-8.9474844256e-08
-2.7600000000e+00,7.7315590563e-04,-7.5107422258e-04,-9.7143954681e-01,-8.9251446844e-08
-2.7500000000e+00,7.7249456552e-04,-7.5048685874e-04,-9.7151085876e-01,-8.9028598868e-08
-2.7400000000e+00,7.7183544027e-04,-7.4990141507e-04,-9.7158199266e-01,-8.8806291917e-08
-2.7300000000e+00,7.7117852107e-04,-7.4931788417e-04,-9.7165294895e-01,-8.8584554289e-08
-2.7200000000e+00,7.7052379914e-04,-7.4873625866e-04,-9.7172372807e-01,-8.8363370537e-08
-2.7100000000e+00,7.6987126574e-04,-7.4815653123e-04,-9.7179433046e-01,-8.8142732918e-08
-2.7000000000e+00,7.6922091218e-04,-7.4757869456e-04,-9.7186475656e-01,-8.7922651965e-08
-2.6900000000e+00,7.6857272981e-04,-7.4700274139e-04,-9.7193500682e-01,-8.7703162524e-08
-2.6800000000e+00,7.6792671001e-04,-7.4642866448e-04,-9.7200508167e-01,-8.7484156489e-08
-2.6700000000e+00,7.6728284423e-04,-7.4585645665e-04,-9.7207498156e-01,-8.7265699236e-08
-2.6600000000e+00,7.6664112392e-04,-7.4528611072e-04,-9.7214470691e-01,-8.7047818620e-08
-2.6500000000e+00,7.6600154061e-04,-7.4471761956e-04,-9.7221425817e-01,-8.6830467261e-08
-2.6400000000e+00,7.6536408585e-04,-7.4415097607e-04,-9.7228363576e-01,-8.6613664019e-08
-2.6300000000e+00,7.6472875123e-04,-7.4358617319e-04,-9.7235284013e-01,-8.6397412544e-08
-2.6200000000e+00,7.6409552838e-04,-7.4302320387e-04,-9.7242187171e-01,-8.6181712308e-08
-2.6100000000e+00,7.6346440899e-04,-7.4246206113e-04,-9.7249073092e-01,-8.5966474037e-08
-2.6000000000e+00,7.6283538476e-04,-7.4190273798e-04,-9.7255941820e-01,-8.5751841267e-08
-2.5900000000e+00,7.6220844744e-04,-7.4134522749e-04,-9.7262793397e-01,-8.5537753963e-08
-2.5800000000e+00,7.6158358883e-04,-7.4078952275e-04,-9.7269627867e-01,-8.5324133398e-08
-2.5700000000e+00,7.6096080076e-04,-7.4023561689e-04,-9.7276445272e-01,-8.5111112574e-08
-2.5600000000e+00,7.6034007509e-04,-7.3968350307e-04,-9.7283245655e-01,-8.4898644850e-08
-2.5500000000e+00,7.5972140375e-04,-7.3913317446e-04,-9.7290029058e-01,-8.4686600468e-08
-2.5400000000e+00,7.5910477866e-04,-7.3858462430e-04,-9.7296795523e-01,-8.4475130072e-08
-2.5300000000e+00,7.5849019182e-04,-7.3803784583e-04,-9.7303545094e-01,-8.4264272393e-08
-2.5200000000e+00,7.5787763525e-04,-7.3749283233e-04,-9.7310277812e-01,-8.4053874139e-08
-2.5100000000e+00,7.5726710100e-04,-7.3694957712e-04,-9.7316993719e-01,-8.3843952503e-08
-2.5000000000e+00,7.5665858119e-04,-7.3640807353e-04,-9.7323692857e-01,-8.3634614720e-08
-2.4900000000e+00,7.5605206793e-04,-7.3586831494e-04,-9.7330375269e-01,-8.3425798644e-08
-2.4800000000e+00,7.5544755340e-04,-7.3533029475e-04,-9.7337040995e-01,-8.3217504374e-08
-2.4700000000e+00,7.5484502982e-04,-7.3479400639e-04,-9.7343690078e-01,-8.3009711133e-08
-2.4600000000e+00,7.5424448942e-04,-7.3425944333e-04,-9.7350322558e-01,-8.2802431051e-08
-2.4500000000e+00,7.5364592449e-04,-7.3372659905e-04,-9.7356938479e-01,-8.2595716405e-08
-2.4400000000e+00,7.5304932734e-04,-7.3319546708e-04,-9.7363537880e-01,-8.2389489356e-08
-2.4300000000e+00,7.5245469033e-04,-7.3266604096e-04,-9.7370120803e-01,-8.2183728614e-08
-2.4200000000e+00,7.5186200585e-04,-7.3213831428e-04,-9.7376687289e-01,-8.1978519764e-08
-2.4100000000e+00,7.5127126632e-04,-7.3161228065e-04,-9.7383237380e-01,-8.1773887009e-08
-2.4000000000e+00,7.5068246420e-04,-7.3108793369e-04,-9.7389771116e-01,-8.1569710986e-08
-2.3900000000e+00,7.5009559199e-04,-7.3056526709e-04,-9.7396288538e-01,-8.1366002935e-08
-2.3800000000e+00,7.4951064222e-04,-7.3004427452e-04,-9.7402789687e-01,-8.1162825127e-08
-2.3700000000e+00,7.4892760746e-04,-7.2952494973e-04,-9.7409274603e-01,-8.0960206747e-08
-2.3600000000e+00,7.4834648030e-04,-7.2900728645e-04,-9.7415743328e-01,-8.0758065443e-08
-2.3500000000e+00,7.4776725337e-04,-7.2849127846e-04,-9.7422195900e-01,-8.0556391210e-08
-2.3400000000e+00,7.4718991936e-04,-7.2797691958e-04,-9.7428632361e-01,-8.0355254090e-08
-2.3300000000e+00,7.4661447096e-04,-7.2746420363e-04,-9.7435052752e-01,-8.0154634569e-08
-2.3200000000e+00,7.4604090091e-04,-7.2695312449e-04,-9.7441457111e-01,-7.9954474902e-08
-2.3100000000e+00,7.4546920197e-04,-7.2644367603e-04,-9.7447845480e-01,-7.9754864796e-08
-2.3000000000e+00,7.4489936696e-04,-7.2593585219e-04,-9.7454217897e-01,-7.9555737512e-08
-2.2900000000e+00,7.4433138870e-04,-7.2542964689e-04,-9.7460574403e-01,-7.9357055552e-08
-2.2800000000e+00,7.4376526008e-04,-7.2492505412e-04,-9.7466915038e-01,-7.9158906721e-08
-2.2700000000e+00,7.4320097399e-04,-7.2442206788e-04,-9.7473239841e-01,-7.8961289451e-08
-2.2600000000e+00,7.4263852336e-04,-7.2392068218e-04,-9.7479548852e-01,-7.8764164912e-08
-2.2500000000e+00,7.4207790118e-04,-7.2342089107e-04,-9.7485842110e-01,-7.8567463591e-08
-2.2400000000e+00,7.4151910043e-04,-7.2292268865e-04,-9.7492119655e-01,-7.8371271639e-08
-2.2300000000e+00,7.4096211415e-04,-7.2242606901e-04,-9.7498381525e-01,-7.8175615467e-08
-2.2200000000e+00,7.4040693541e-04,-7.2193102629e-04,-9.7504627760e-01,-7.7980424049e-08
-2.2100000000e+00,7.3985355731e-04,-7.2143755463e-04,-9.7510858399e-01,-7.7785670724e-08
-2.2000000000e+00,7.3930197297e-04,-7.2094564823e-04,-9.7517073481e-01,-7.7591468389e-08
-2.1900000000e+00,7.3875217555e-04,-7.2045530129e-04,-9.7523273045e-01,-7.7397767334e-08
-2.1800000000e+00,7.3820415825e-04,-7.1996650804e-04,-9.7529457129e-01,-7.7204493382e-08
-2.1700000000e+00,7.3765791428e-04,-7.1947926275e-04,-9.7535625772e-01,-7.7011690830e-08
-2.1600000000e+00,7.3711343691e-04,-7.1899355971e-04,-9.7541779013e-01,-7.6819394526e-08
-2.1500000000e+00,7.3657071942e-04,-7.1850939321e-04,-9.7547916890e-01,-7.6627638582e-08
-2.1400000000e+00,7.3602975512e-04,-7.1802675760e-04,-9.7554039441e-01,-7.6436329724e-08
-2.1300000000e+00,7.3549053735e-04,-7.1754564725e-04,-9.7560146705e-01,-7.6245431302e-08
-2.1200000000e+00,7.3495305951e-04,-7.1706605652e-04,-9.7566238720e-01,-7.6055061138e-08
-2.1100000000e+00,7.3441731498e-04,-7.1658797984e-04,-9.7572315524e-01,-7.5865186577e-08
-2.1000000000e+00,7.3388329722e-04,-7.1611141164e-04,-9.7578377155e-01,-7.5675720024e-08
-2.0900000000e+00,7.3335099968e-04,-7.1563634637e-04,-9.7584423651e-01,-7.5486749615e-08
-2.0800000000e+00,7.3282041586e-04,-7.1516277853e-04,-9.7590455050e-01,-7.5298322563e-08
-2.0700000000e+00,7.3229153928e-04,-7.1469070262e-04,-9.7596471388e-01,-7.5110320505e-08
-2.0600000000e+00,7.3176436351e-04,-7.1422011316e-04,-9.7602472705e-01,-7.4922732324e-08
-2.0500000000e+00,7.3123888213e-04,-7.1375100473e-04,-9.7608459037e-01,-7.4735660521e-08
-2.0400000000e+00,7.3071508874e-04,-7.1328337189e-04,-9.7614430422e-01,-7.4549063672e-08
-2.0300000000e+00,7.3019297700e-04,-7.1281720925e-04,-9.7620386898e-01,-7.4362939112e-08
-2.0200000000e+00,7.2967254057e-04,-7.1235251144e-04,-9.7626328500e-01,-7.4177286494e-08
-2.0100000000e+00,7.2915377316e-04,-7.1188927310e-04,-9.7632255268e-01,-7.3992070096e-08
-2.0000000000e+00,7.2863666848e-04,-7.1142748892e-04,-9.7638167236e-01,-7.3807271142e-08
-1.9900000000e+00,7.2812122031e-04,-7.1096715359e-04,-9.7644064444e-01,-7.3622981669e-08
-1.9800000000e+00,7.2760742241e-04,-7.1050826182e-04,-9.7649946926e-01,-7.3439190784e-08
-1.9700000000e+00,7.2709526861e-04,-7.1005080837e-04,-9.7655814721e-01,-7.3255836119e-08
-1.9600000000e+00,7.2658475275e-04,-7.0959478799e-04,-9.7661667865e-01,-7.3072942974e-08
-1.9500000000e+00,7.2607586869e-04,-7.0914019548e-04,-9.7667506394e-01,-7.2890454381e-08
-1.9400000000e+00,7.2556861033e-04,-7.0868702565e-04,-9.7673330345e-01,-7.2708415108e-08
-1.9300000000e+00,7.2506297159e-04,-7.0823527332e-04,-9.7679139754e-01,-7.2526890424e-08
-1.9200000000e+00,7.2455894642e-04,-7.0778493337e-04,-9.7684934658e-01,-7.2345837918e-08
-1.9100000000e+00,7.2405652880e-04,-7.0733600067e-04,-9.7690715093e-01,-7.2165205950e-08
-1.9000000000e+00,7.2355571274e-04,-7.0688847011e-04,-9.7696481095e-01,-7.1984982114e-08
-1.8900000000e+00,7.2305649226e-04,-7.0644233662e-04,-9.7702232700e-01,-7.1805245888e-08
-1.8800000000e+00,7.2255886142e-04,-7.0599759514e-04,-9.7707969943e-01,-7.1625953307e-08
-1.8700000000e+00,7.2206281431e-04,-7.0555424065e-04,-9.7713692862e-01,-7.1447120567e-08
-1.8600000000e+00,7.2156834504e-04,-7.0511226813e-04,-9.7719401491e-01,-7.1268742921e-08
-1.8500000000e+00,7.2107544775e-04,-7.0467167258e-04,-9.7725095866e-01,-7.1090756185e-08
-1.8400000000e+00,7.2058411659e-04,-7.0423244905e-04,-9.7730776024e-01,-7.0913265829e-08
-1.8300000000e+00,7.2009434576e-04,-7.0379459258e-04,-9.7736441998e-01,-7.0736242752e-08
-1.8200000000e+00,7.1960612948e-04,-7.0335809825e-04,-9.7742093825e-01,-7.0559574072e-08
-1.8100000000e+00,7.1911946197e-04,-7.0292296115e-04,-9.7747731541e-01,-7.0383381567e-08
-1.8000000000e+00,7.1863433752e-04,-7.0248917640e-04,-9.7753355179e-01,-7.0207671454e-08
-1.7900000000e+00,7.1815075041e-04,-7.0205673913e-04,-9.7758964777e-01,-7.0032386765e-08
-1.7800000000e+00,7.1766869495e-04,-7.0162564452e-04,-9.7764560367e-01,-6.9857546955e-08
-1.7700000000e+00,7.1718816550e-04,-7.0119588772e-04,-9.7770141986e-01,-6.9683075518e-08
-1.7600000000e+00,7.1670915641e-04,-7.0076746395e-04,-9.7775709669e-01,-6.9509075468e-08
-1.7500000000e+00,7.1623166209e-04,-7.0034036842e-04,-9.7781263450e-01,-6.9335522851e-08
-1.7400000000e+00,7.1575567694e-04,-6.9991459637e-04,-9.7786803363e-01,-6.9162406885e-08
-1.7300000000e+00,7.1528119540e-04,-6.9949014306e-04,-9.7792329444e-01,-6.8989737673e-08
-1.7200000000e+00,7.1480821196e-04,-6.9906700378e-04,-9.7797841727e-01,-6.8817462354e-08
-1.7100000000e+00,7.1433672108e-04,-6.9864517383e-04,-9.7803340247e-01,-6.8645650123e-08
-1.7000000000e+00,7.1386671730e-04,-6.9822464852e-04,-9.7808825038e-01,-6.8474276763e-08
-1.6900000000e+00,7.1339819514e-04,-6.9780542320e-04,-9.7814296133e-01,-6.8303274772e-08
-1.6800000000e+00,7.1293114917e-04,-6.9738749323e-04,-9.7819753568e-01,-6.8132717301e-08
-1.6700000000e+00,7.1246557398e-04,-6.9697085399e-04,-9.7825197377e-01,-6.7962604156e-08
-1.6600000000e+00,7.1200146418e-04,-6.9655550088e-04,-9.7830627593e-01,-6.7792911118e-08
-1.6500000000e+00,7.1153881440e-04,-6.9614142931e-04,-9.7836044250e-01,-6.7623640077e-08
-1.6400000000e+00,7.1107761930e-04,-6.9572863474e-04,-9.7841447383e-01,-6.7454783245e-08
-1.6300000000e+00,7.1061787356e-04,-6.9531711261e-04,-9.7846837025e-01,-6.7286372626e-08
-1.6200000000e+00,7.1015957188e-04,-6.9490685840e-04,-9.7852213209e-01,-6.7118352029e-08
-1.6100000000e+00,7.0970270899e-04,-6.9449786761e-04,-9.7857575970e-01,-6.6950763419e-08
-1.6000000000e+00,7.0924727965e-04,-6.9409013576e-04,-9.7862925340e-01,-6.6783617664e-08
-1.5900000000e+00,7.0879327862e-04,-6.9368365838e-04,-9.7868261354e-01,-6.6616858169e-08
-1.5800000000e+00,7.0834070070e-04,-6.9327843103e-04,-9.7873584045e-01,-6.6450499686e-08
-1.5700000000e+00,7.0788954072e-04,-6.9287444927e-04,-9.7878893445e-01,-6.6284589956e-08
-1.5600000000e+00,7.0743979350e-04,-6.9247170870e-04,-9.7884189588e-01,-6.6119126854e-08
-1.5500000000e+00,7.0699145392e-04,-6.9207020492e-04,-9.7889472508e-01,-6.5954021702e-08
-1.5400000000e+00,7.0654451686e-04,-6.9166993357e-04,-9.7894742237e-01,-6.5789325224e-08
-1.5300000000e+00,7.0609897723e-04,-6.9127089029e-04,-9.7899998808e-01,-6.5625058290e-08
-1.5200000000e+00,7.0565482996e-04,-6.9087307075e-04,-9.7905242254e-01,-6.5461172497e-08
-1.5100000000e+00,7.0521207000e-04,-6.9047647062e-04,-9.7910472607e-01,-6.5297734109e-08
-1.5000000000e+00,7.0477069232e-04,-6.9008108561e-04,-9.7915689902e-01,-6.5134708738e-08
-1.4900000000e+00,7.0433069193e-04,-6.8968691144e-04,-9.7920894169e-01,-6.4972099145e-08
-1.4800000000e+00,7.0389206384e-04,-6.8929394385e-04,-9.7926085442e-01,-6.4809864801e-08
-1.4700000000e+00,7.0345480308e-04,-6.8890217859e-04,-9.7931263752e-01,-6.4648015045e-08
-1.4600000000e+00,7.0301890472e-04,-6.8851161142e-04,-9.7936429134e-01,-6.4486615700e-08
-1.4500000000e+00,7.0258436385e-04,-6.8812223815e-04,-9.7941581617e-01,-6.4325617818e-08
-1.4400000000e+00,7.0215117555e-04,-6.8773405458e-04,-9.7946721236e-01,-6.4164996517e-08
-1.4300000000e+00,7.0171933497e-04,-6.8734705653e-04,-9.7951848022e-01,-6.4004757029e-08
-1.4200000000e+00,7.0128883723e-04,-6.8696123985e-04,-9.7956962007e-01,-6.3844941306e-08
-1.4100000000e+00,7.0085967752e-04,-6.8657660039e-04,-9.7962063223e-01,-6.3685544588e-08
-1.4000000000e+00,7.0043185100e-04,-6.8619313404e-04,-9.7967151701e-01,-6.3526521675e-08
-1.3900000000e+00,7.0000535290e-04,-6.8581083668e-04,-9.7972227475e-01,-6.3367925539e-08
-1.3800000000e+00,6.9958017844e-04,-6.8542970424e-04,-9.7977290574e-01,-6.3209692883e-08
-1.3700000000e+00,6.9915632287e-04,-6.8504973262e-04,-9.7982341032e-01,-6.3051869573e-08
-1.3600000000e+00,6.9873378146e-04,-6.8467091780e-04,-9.7987378880e-01,-6.2894441606e-08
-1.3500000000e+00,6.9831254948e-04,-6.8429325571e-04,-9.7992404148e-01,-6.2737383573e-08
-1.3400000000e+00,6.9789262227e-04,-6.8391674235e-04,-9.7997416870e-01,-6.2580754086e-08
-1.3300000000e+00,6.9747399514e-04,-6.8354137370e-04,-9.8002417075e-01,-6.2424479752e-08
-1.3200000000e+00,6.9705666344e-04,-6.8316714578e-04,-9.8007404795e-01,-6.2268626977e-08
-1.3100000000e+00,6.9664062254e-04,-6.8279405462e-04,-9.8012380061e-01,-6.2113142456e-08
-1.3000000000e+00,6.9622586783e-04,-6.8242209626e-04,-9.8017342905e-01,-6.1958034529e-08
-1.2900000000e+00,6.9581239471e-04,-6.8205126676e-04,-9.8022293357e-01,-6.1803337045e-08
-1.2800000000e+00,6.9540019863e-04,-6.8168156220e-04,-9.8027231448e-01,-6.1649025260e-08
-1.2700000000e+00,6.9498927501e-04,-6.8131297867e-04,-9.8032157210e-01,-6.1495109928e-08
-1.2600000000e+00,6.9457961934e-04,-6.8094551229e-04,-9.8037070672e-01,-6.1341555203e-08
-1.2500000000e+00,6.9417122709e-04,-6.8057915917e-04,-9.8041971867e-01,-6.1188417139e-08
-1.2400000000e+00,6.9376409377e-04,-6.8021391546e-04,-9.8046860823e-01,-6.1035627358e-08
-1.2300000000e+00,6.9335821490e-04,-6.7984977731e-04,-9.8051737573e-01,-6.0883221381e-08
-1.2200000000e+00,6.9295358603e-04,-6.7948674091e-04,-9.8056602145e-01,-6.0731210415e-08
-1.2100000000e+00,6.9255020272e-04,-6.7912480243e-04,-9.8061454572e-01,-6.0579543291e-08
-1.2000000000e+00,6.9214806054e-04,-6.7876395808e-04,-9.8066294883e-01,-6.0428333129e-08
-1.1900000000e+00,6.9174715511e-04,-6.7840420408e-04,-9.8071123108e-01,-6.0277421290e-08
-1.1800000000e+00,6.9134748202e-04,-6.7804553666e-04,-9.8075939277e-01,-6.0126912234e-08
-1.1700000000e+00,6.9094903693e-04,-6.7768795209e-04,-9.8080743421e-01,-5.9976783880e-08
-1.1600000000e+00,6.9055181549e-04,-6.7733144661e-04,-9.8085535570e-01,-5.9827022447e-08
-1.1500000000e+00,6.9015581336e-04,-6.7697601652e-04,-9.8090315753e-01,-5.9677675246e-08
-1.1400000000e+00,6.8976102624e-04,-6.7662165810e-04,-9.8095084001e-01,-5.9528633245e-08
-1.1300000000e+00,6.8936744985e-04,-6.7626836768e-04,-9.8099840343e-01,-5.9379991695e-08
-1.1200000000e+00,6.8897507989e-04,-6.7591614157e-04,-9.8104584809e-01,-5.9231744946e-08
-1.1100000000e+00,6.8858391213e-04,-6.7556497612e-04,-9.8109317429e-01,-5.9083881551e-08
-1.1000000000e+00,6.8819394232e-04,-6.7521486768e-04,-9.8114038232e-01,-5.8936344902e-08
-1.0900000000e+00,6.8780516625e-04,-6.7486581263e-04,-9.8118747248e-01,-5.8789171399e-08
-1.0800000000e+00,6.8741757971e-04,-6.7451780735e-04,-9.8123444506e-01,-5.8642364277e-08
-1.0700000000e+00,6.8703117852e-04,-6.7417084824e-04,-9.8128130035e-01,-5.8495941625e-08
-1.0600000000e+00,6.8664595851e-04,-6.7382493171e-04,-9.8132803865e-01,-5.8349899329e-08
-1.0500000000e+00,6.8626191553e-04,-6.7348005420e-04,-9.8137466026e-01,-5.8204215087e-08
-1.0400000000e+00,6.8587904545e-04,-6.7313621214e-04,-9.8142116545e-01,-5.8058899431e-08
-1.0300000000e+00,6.8549734416e-04,-6.7279340201e-04,-9.8146755452e-01,-5.7913911632e-08
-1.0200000000e+00,6.8511680756e-04,-6.7245162026e-04,-9.8151382777e-01,-5.7769298525e-08
-1.0100000000e+00,6.8473743157e-04,-6.7211086339e-04,-9.8155998548e-01,-5.7625066677e-08
-1.0000000000e+00,6.8435921212e-04,-6.7177112789e-04,-9.8160602794e-01,-5.7481188656e-08
-9.9000000000e-01,6.8398214517e-04,-6.7143241029e-04,-9.8165195544e-01,-5.7337650801e-08
-9.8000000000e-01,6.8360622668e-04,-6.7109470710e-04,-9.8169776826e-01,-5.7194461563e-08
-9.7000000000e-01,6.8323145266e-04,-6.7075801488e-04,-9.8174346669e-01,-5.7051698199e-08
-9.6000000000e-01,6.8285781909e-04,-6.7042233018e-04,-9.8178905102e-01,-5.6909248369e-08
-9.5000000000e-01,6.8248532200e-04,-6.7008764958e-04,-9.8183452153e-01,-5.6767123939e-08
-9.4000000000e-01,6.8211395742e-04,-6.6975396964e-04,-9.8187987851e-01,-5.6625379878e-08
-9.3000000000e-01,6.8174372142e-04,-6.6942128699e-04,-9.8192512223e-01,-5.6483984649e-08
-9.2000000000e-01,6.8137461005e-04,-6.6908959821e-04,-9.8197025299e-01,-5.6343003860e-08
-9.1000000000e-01,6.8100661941e-04,-6.6875889995e-04,-9.8201527106e-01,-5.6202294083e-08
-9.0000000000e-01,6.8063974559e-04,-6.6842918884e-04,-9.8206017673e-01,-5.6061953226e-08
-8.9000000000e-01,6.8027398471e-04,-6.6810046153e-04,-9.8210497027e-01,-5.5922014054e-08
-8.8000000000e-01,6.7990933291e-04,-6.6777271469e-04,-9.8214965197e-01,-5.5782361653e-08
-8.7000000000e-01,6.7954578634e-04,-6.6744594500e-04,-9.8219422211e-01,-5.5643092384e-08
-8.6000000000e-01,6.7918334115e-04,-6.6712014914e-04,-9.8223868095e-01,-5.5504120883e-08
-8.5000000000e-01,6.7882199354e-04,-6.6679532383e-04,-9.8228302879e-01,-5.5365539951e-08
-8.4000000000e-01,6.7846173971e-04,-6.6647146578e-04,-9.8232726590e-01,-5.5227315408e-08
-8.3000000000e-01,6.7810257585e-04,-6.6614857173e-04,-9.8237139256e-01,-5.5089423259e-08
-8.2000000000e-01,6.7774449820e-04,-6.6582663842e-04,-9.8241540903e-01,-5.4951900488e-08
-8.1000000000e-01,6.7738750301e-04,-6.6550566261e-04,-9.8245931560e-01,-5.4814627629e-08
-8.0000000000e-01,6.7703158654e-04,-6.6518564106e-04,-9.8250311254e-01,-5.4677778867e-08
-7.9000000000e-01,6.7667674505e-04,-6.6486657057e-04,-9.8254680013e-01,-5.4541292822e-08
-7.8000000000e-01,6.7632297483e-04,-6.6454844792e-04,-9.8259037863e-01,-5.4405100869e-08
-7.7000000000e-01,6.7597027220e-04,-6.6423126993e-04,-9.8263384833e-01,-5.4269220673e-08
-7.6000000000e-01,6.7561863347e-04,-6.6391503341e-04,-9.8267720948e-01,-5.4133716731e-08
-7.5000000000e-01,6.7526805498e-04,-6.6359973521e-04,-9.8272046237e-01,-5.3998572828e-08
-7.4000000000e-01,6.7491853307e-04,-6.6328537217e-04,-9.8276360726e-01,-5.3863740794e-08
-7.3000000000e-01,6.7457006411e-04,-6.6297194114e-04,-9.8280664442e-01,-5.3729279012e-08
-7.2000000000e-01,6.7422264449e-04,-6.6265943900e-04,-9.8284957413e-01,-5.3595092017e-08
-7.1000000000e-01,6.7387627059e-04,-6.6234786264e-04,-9.8289239664e-01,-5.3461288715e-08
-7.0000000000e-01,6.7353093882e-04,-6.6203720894e-04,-9.8293511223e-01,-5.3327789719e-08
-6.9000000000e-01,6.7318664560e-04,-6.6172747482e-04,-9.8297772117e-01,-5.3194597817e-08
-6.8000000000e-01,6.7284338738e-04,-6.6141865719e-04,-9.8302022372e-01,-5.3061803590e-08
-6.7000000000e-01,6.7250116061e-04,-6.6111075300e-04,-9.8306262014e-01,-5.2929323341e-08
-6.6000000000e-01,6.7215996175e-04,-6.6080375918e-04,-9.8310491071e-01,-5.2797214906e-08
-6.5000000000e-01,6.7181978729e-04,-6.6049767269e-04,-9.8314709568e-01,-5.2665372140e-08
-6.4000000000e-01,6.7148063371e-04,-6.6019249050e-04,-9.8318917531e-01,-5.2533840798e-08
-6.3000000000e-01,6.7114249753e-04,-6.5988820959e-04,-9.8323114989e-01,-5.2402690263e-08
-6.2000000000e-01,6.7080537528e-04,-6.5958482695e-04,-9.8327301965e-01,-5.2271796183e-08
-6.1000000000e-01,6.7046926348e-04,-6.5928233959e-04,-9.8331478488e-01,-5.2141288912e-08
-6.0000000000e-01,6.7013415870e-04,-6.5898074452e-04,-9.8335644582e-01,-5.2011160441e-08
-5.9000000000e-01,6.6980005749e-04,-6.5868003876e-04,-9.8339800273e-01,-5.1881267123e-08
-5.8000000000e-01,6.6946695644e-04,-6.5838021937e-04,-9.8343945589e-01,-5.1751691550e-08
-5.7000000000e-01,6.6913485213e-04,-6.5808128339e-04,-9.8348080554e-01,-5.1622480457e-08
-5.6000000000e-01,6.6880374118e-04,-6.5778322788e-04,-9.8352205195e-01,-5.1493604991e-08
-5.5000000000e-01,6.6847362021e-04,-6.5748604991e-04,-9.8356319537e-01,-5.1365054148e-08
-5.4000000000e-01,6.6814448584e-04,-6.5718974657e-04,-9.8360423606e-01,-5.1236795411e-08
-5.3000000000e-01,6.6781633474e-04,-6.5689431496e-04,-9.8364517427e-01,-5.1108824776e-08
-5.2000000000e-01,6.6748916355e-04,-6.5659975219e-04,-9.8368601027e-01,-5.0981214514e-08
-5.1000000000e-01,6.6716296895e-04,-6.5630605536e-04,-9.8372674430e-01,-5.0853941211e-08
-5.0000000000e-01,6.6683774763e-04,-6.5601322163e-04,-9.8376737663e-01,-5.0726979881e-08
-4.9000000000e-01,6.6651349629e-04,-6.5572124811e-04,-9.8380790751e-01,-5.0600307645e-08
-4.8000000000e-01,6.6619021165e-04,-6.5543013197e-04,-9.8384833718e-01,-5.0473952497e-08
-4.7000000000e-01,6.6586789042e-04,-6.5513987038e-04,-9.8388866590e-01,-5.0347956165e-08
-4.6000000000e-01,6.6554652936e-04,-6.5485046049e-04,-9.8392889393e-01,-5.0222242948e-08
-4.5000000000e-01,6.6522612521e-04,-6.5456189951e-04,-9.8396902152e-01,-5.0096802956e-08
-4.4000000000e-01,6.6490667474e-04,-6.5427418463e-04,-9.8400904891e-01,-4.9971742209e-08
-4.3000000000e-01,6.6458817473e-04,-6.5398731304e-04,-9.8404897636e-01,-4.9846974458e-08
-4.2000000000e-01,6.6427062197e-04,-6.5370128198e-04,-9.8408880411e-01,-4.9722494587e-08
-4.1000000000e-01,6.6395401327e-04,-6.5341608867e-04,-9.8412853242e-01,-4.9598337229e-08
-4.0000000000e-01,6.6363834544e-04,-6.5313173035e-04,-9.8416816153e-01,-4.9474493294e-08
-3.9000000000e-01,6.6332361531e-04,-6.5284820427e-04,-9.8420769169e-01,-4.9351003409e-08
-3.8000000000e-01,6.6300981972e-04,-6.5256550769e-04,-9.8424712315e-01,-4.9227784633e-08
-3.7000000000e-01,6.6269695554e-04,-6.5228363788e-04,-9.8428645616e-01,-4.9104857854e-08
-3.6000000000e-01,6.6238501962e-04,-6.5200259212e-04,-9.8432569096e-01,-4.8982218170e-08
-3.5000000000e-01,6.6207400885e-04,-6.5172236771e-04,-9.8436482779e-01,-4.8859884694e-08
-3.4000000000e-01,6.6176392012e-04,-6.5144296194e-04,-9.8440386690e-01,-4.8737948899e-08
-3.3000000000e-01,6.6145475033e-04,-6.5116437213e-04,-9.8444280853e-01,-4.8616269448e-08
-3.2000000000e-01,6.6114649640e-04,-6.5088659561e-04,-9.8448165294e-01,-4.8494830478e-08
-3.1000000000e-01,6.6083915526e-04,-6.5060962971e-04,-9.8452040035e-01,-4.8373747889e-08
-3.0000000000e-01,6.6053272385e-04,-6.5033347176e-04,-9.8455905102e-01,-4.8253005910e-08
-2.9000000000e-01,6.6022719912e-04,-6.5005811913e-04,-9.8459760518e-01,-4.8132506855e-08
-2.8000000000e-01,6.5992257804e-04,-6.4978356917e-04,-9.8463606307e-01,-4.8012297457e-08
-2.7000000000e-01,6.5961885759e-04,-6.4950981927e-04,-9.8467442494e-01,-4.7892440659e-08
-2.6000000000e-01,6.5931603474e-04,-6.4923686681e-04,-9.8471269103e-01,-4.7772841662e-08
-2.5000000000e-01,6.5901410651e-04,-6.4896470917e-04,-9.8475086156e-01,-4.7653563741e-08
-2.4000000000e-01,6.5871306991e-04,-6.4869334377e-04,-9.8478893680e-01,-4.7534610886e-08
-2.3000000000e-01,6.5841292195e-04,-6.4842276801e-04,-9.8482691696e-01,-4.7415931820e-08
-2.2000000000e-01,6.5811365968e-04,-6.4815297933e-04,-9.8486480229e-01,-4.7297513427e-08
-2.1000000000e-01,6.5781528015e-04,-6.4788397515e-04,-9.8490259303e-01,-4.7179385142e-08
-2.0000000000e-01,6.5751778041e-04,-6.4761575292e-04,-9.8494028940e-01,-4.7061624230e-08
-1.9000000000e-01,6.5722115753e-04,-6.4734831009e-04,-9.8497789166e-01,-4.6944092016e-08
-1.8000000000e-01,6.5692540859e-04,-6.4708164413e-04,-9.8501540002e-01,-4.6826883995e-08
-1.7000000000e-01,6.5663053069e-04,-6.4681575250e-04,-9.8505281474e-01,-4.6709978843e-08
-1.6000000000e-01,6.5633652093e-04,-6.4655063269e-04,-9.8509013603e-01,-4.6593329923e-08
-1.5000000000e-01,6.5604337644e-04,-6.4628628219e-04,-9.8512736413e-01,-4.6477005529e-08
-1.4000000000e-01,6.5575109432e-04,-6.4602269850e-04,-9.8516449929e-01,-4.6360968460e-08
-1.3000000000e-01,6.5545967174e-04,-6.4575987913e-04,-9.8520154171e-01,-4.6245216268e-08
-1.2000000000e-01,6.5516910582e-04,-6.4549782160e-04,-9.8523849165e-01,-4.6129694786e-08
-1.1000000000e-01,6.5487939374e-04,-6.4523652344e-04,-9.8527534933e-01,-4.6014525135e-08
-1.0000000000e-01,6.5459053266e-04,-6.4497598218e-04,-9.8531211498e-01,-4.5899653460e-08
-9.0000000000e-02,6.5430251977e-04,-6.4471619539e-04,-9.8534878883e-01,-4.5785076334e-08
-8.0000000000e-02,6.5401535226e-04,-6.4445716061e-04,-9.8538537112e-01,-4.5670756559e-08
-7.0000000000e-02,6.5372902734e-04,-6.4419887540e-04,-9.8542186206e-01,-4.5556671921e-08
-6.0000000000e-02,6.5344354222e-04,-6.4394133735e-04,-9.8545826188e-01,-4.5442953442e-08
-5.0000000000e-02,6.5315889413e-04,-6.4368454405e-04,-9.8549457082e-01,-4.5329487983e-08
-4.0000000000e-02,6.5287508030e-04,-6.4342849307e-04,-9.8553078910e-01,-4.5216280199e-08
-3.0000000000e-02,6.5259209798e-04,-6.4317318203e-04,-9.8556691695e-01,-4.5103410819e-08
-2.0000000000e-02,6.5230994443e-04,-6.4291860854e-04,-9.8560295459e-01,-4.4990774474e-08
-1.0000000000e-02,6.5202861692e-04,-6.4266477021e-04,-9.8563890225e-01,-4.4878440325e-08
0.0000000000e+00,6.5174811272e-04,-6.4241166469e-04,-9.8567476016e-01,-4.4766388957e-08
1.0000000000e-02,6.5146842913e-04,-6.4215928960e-04,-9.8571052853e-01,-4.4654604819e-08
2.0000000000e-02,6.5118956345e-04,-6.4190764259e-04,-9.8574620759e-01,-4.4543126319e-08
3.0000000000e-02,6.5091151299e-04,-6.4165672133e-04,-9.8578179756e-01,-4.4431915945e-08
4.0000000000e-02,6.5063427506e-04,-6.4140652346e-04,-9.8581729868e-01,-4.4320953040e-08
5.0000000000e-02,6.5035784700e-04,-6.4115704668e-04,-9.8585271114e-01,-4.4210283226e-08
6.0000000000e-02,6.5008222616e-04,-6.4090828866e-04,-9.8588803519e-01,-4.4099932275e-08
7.0000000000e-02,6.4980740987e-04,-6.4066024709e-04,-9.8592327104e-01,-4.3989778833e-08
8.0000000000e-02,6.4953339551e-04,-6.4041291967e-04,-9.8595841891e-01,-4.3879957452e-08
9.0000000000e-02,6.4926018045e-04,-6.4016630411e-04,-9.8599347902e-01,-4.3770417520e-08
1.0000000000e-01,6.4898776206e-04,-6.3992039812e-04,-9.8602845159e-01,-4.3661063105e-08
1.1000000000e-01,6.4871613774e-04,-6.3967519944e-04,-9.8606333684e-01,-4.3552065510e-08
1.2000000000e-01,6.4844530490e-04,-6.3943070579e-04,-9.8609813498e-01,-4.3443379782e-08
1.3000000000e-01,6.4817526093e-04,-6.3918691492e-04,-9.8613284623e-01,-4.3334882238e-08
1.4000000000e-01,6.4790600328e-04,-6.3894382458e-04,-9.8616747082e-01,-4.3226641259e-08
1.5000000000e-01,6.4763752936e-04,-6.3870143253e-04,-9.8620200895e-01,-4.3118743014e-08
1.6000000000e-01,6.4736983662e-04,-6.3845973652e-04,-9.8623646085e-01,-4.3011073696e-08
1.7000000000e-01,6.4710292250e-04,-6.3821873435e-04,-9.8627082672e-01,-4.2903678492e-08
1.8000000000e-01,6.4683678448e-04,-6.3797842379e-04,-9.8630510678e-01,-4.2796544850e-08
1.9000000000e-01,6.4657142002e-04,-6.3773880264e-04,-9.8633930126e-01,-4.2689693655e-08
2.0000000000e-01,6.4630682660e-04,-6.3749986869e-04,-9.8637341035e-01,-4.2583140444e-08
2.1000000000e-01,6.4604300171e-04,-6.3726161975e-04,-9.8640743427e-01,-4.2476764529e-08
2.2000000000e-01,6.4577994285e-04,-6.3702405364e-04,-9.8644137325e-01,-4.2370714028e-08
2.3000000000e-01,6.4551764753e-04,-6.3678716819e-04,-9.8647522748e-01,-4.2264920987e-08
2.4000000000e-01,6.4525611327e-04,-6.3655096122e-04,-9.8650899718e-01,-4.2159371522e-08
2.5000000000e-01,6.4499533759e-04,-6.3631543058e-04,-9.8654268256e-01,-4.2054153909e-08
2.6000000000e-01,6.4473531803e-04,-6.3608057412e-04,-9.8657628384e-01,-4.1949152679e-08
2.7000000000e-01,6.4447605213e-04,-6.3584638968e-04,-9.8660980121e-01,-4.1844362496e-08
2.8000000000e-01,6.4421753747e-04,-6.3561287515e-04,-9.8664323490e-01,-4.1739893174e-08
2.9000000000e-01,6.4395977158e-04,-6.3538002838e-04,-9.8667658511e-01,-4.1635705515e-08
3.0000000000e-01,6.4370275207e-04,-6.3514784725e-04,-9.8670985205e-01,-4.1531750219e-08
3.1000000000e-01,6.4344647649e-04,-6.3491632966e-04,-9.8674303592e-01,-4.1428014311e-08
3.2000000000e-01,6.4319094246e-04,-6.3468547351e-04,-9.8677613694e-01,-4.1324571501e-08
3.3000000000e-01,6.4293614756e-04,-6.3445527668e-04,-9.8680915530e-01,-4.1221407246e-08
3.4000000000e-01,6.4268208941e-04,-6.3422573711e-04,-9.8684209123e-01,-4.1118467138e-08
3.5000000000e-01,6.4242876563e-04,-6.3399685269e-04,-9.8687494491e-01,-4.1015793824e-08
3.6000000000e-01,6.4217617384e-04,-6.3376862136e-04,-9.8690771657e-01,-4.0913398065e-08
3.7000000000e-01,6.4192431169e-04,-6.3354104106e-04,-9.8694040640e-01,-4.0811262425e-08
3.8000000000e-01,6.4167317682e-04,-6.3331410972e-04,-9.8697301461e-01,-4.0709345617e-08
3.9000000000e-01,6.4142276689e-04,-6.3308782529e-04,-9.8700554140e-01,-4.0607718022e-08
4.0000000000e-01,6.4117307955e-04,-6.3286218574e-04,-9.8703798697e-01,-4.0506301251e-08
4.1000000000e-01,6.4092411248e-04,-6.3263718901e-04,-9.8707035153e-01,-4.0405136618e-08
4.2000000000e-01,6.4067586337e-04,-6.3241283309e-04,-9.8710263528e-01,-4.0304300612e-08
4.3000000000e-01,6.4042832990e-04,-6.3218911595e-04,-9.8713483842e-01,-4.0203642797e-08
4.4000000000e-01,6.4018150977e-04,-6.3196603558e-04,-9.8716696115e-01,-4.0103232887e-08
4.5000000000e-01,6.3993540068e-04,-6.3174358997e-04,-9.8719900368e-01,-4.0003143395e-08
4.6000000000e-01,6.3969000036e-04,-6.3152177713e-04,-9.8723096620e-01,-3.9903274948e-08
4.7000000000e-01,6.3944530653e-04,-6.3130059505e-04,-9.8726284892e-01,-3.9803626430e-08
4.8000000000e-01,6.3920131692e-04,-6.3108004176e-04,-9.8729465202e-01,-3.9704210510e-08
4.9000000000e-01,6.3895802927e-04,-6.3086011528e-04,-9.8732637572e-01,-3.9605057268e-08
5.0000000000e-01,6.3871544133e-04,-6.3064081363e-04,-9.8735802021e-01,-3.9506218220e-08
5.1000000000e-01,6.3847355086e-04,-6.3042213486e-04,-9.8738958569e-01,-3.9407546254e-08
5.2000000000e-01,6.3823235563e-04,-6.3020407700e-04,-9.8742107235e-01,-3.9309145744e-08
5.3000000000e-01,6.3799185340e-04,-6.2998663811e-04,-9.8745248039e-01,-3.9211019903e-08
5.4000000000e-01,6.3775204197e-04,-6.2976981625e-04,-9.8748381001e-01,-3.9113118543e-08
5.5000000000e-01,6.3751291913e-04,-6.2955360948e-04,-9.8751506140e-01,-3.9015475649e-08
5.6000000000e-01,6.3727448266e-04,-6.2933801587e-04,-9.8754623477e-01,-3.8918035038e-08
5.7000000000e-01,6.3703673039e-04,-6.2912303350e-04,-9.8757733030e-01,-3.8820831341e-08
5.8000000000e-01,6.3679966012e-04,-6.2890866046e-04,-9.8760834818e-01,-3.8723906540e-08
5.9000000000e-01,6.3656326969e-04,-6.2869489483e-04,-9.8763928862e-01,-3.8627266510e-08
6.0000000000e-01,6.3632755691e-04,-6.2848173473e-04,-9.8767015180e-01,-3.8530797900e-08
6.1000000000e-01,6.3609251964e-04,-6.2826917825e-04,-9.8770093792e-01,-3.8434581635e-08
6.2000000000e-01,6.3585815571e-04,-6.2805722351e-04,-9.8773164718e-01,-3.8338586757e-08
6.3000000000e-01,6.3562446299e-04,-6.2784586863e-04,-9.8776227975e-01,-3.8242894081e-08
6.4000000000e-01,6.3539143934e-04,-6.2763511173e-04,-9.8779283584e-01,-3.8147436106e-08
6.5000000000e-01,6.3515908263e-04,-6.2742495096e-04,-9.8782331564e-01,-3.8052131224e-08
6.6000000000e-01,6.3492739073e-04,-6.2721538444e-04,-9.8785371933e-01,-3.7957110122e-08
6.7000000000e-01,6.3469636155e-04,-6.2700641033e-04,-9.8788404710e-01,-3.7862365798e-08
6.8000000000e-01,6.3446599296e-04,-6.2679802677e-04,-9.8791429916e-01,-3.7767843401e-08
6.9000000000e-01,6.3423628288e-04,-6.2659023194e-04,-9.8794447567e-01,-3.7673534063e-08
7.0000000000e-01,6.3400722921e-04,-6.2638302399e-04,-9.8797457684e-01,-3.7579433447e-08
7.1000000000e-01,6.3377882987e-04,-6.2617640110e-04,-9.8800460285e-01,-3.7485634923e-08
7.2000000000e-01,6.3355108279e-04,-6.2597036145e-04,-9.8803455389e-01,-3.7392065430e-08
7.3000000000e-01,6.3332398590e-04,-6.2576490323e-04,-9.8806443014e-01,-3.7298623731e-08
7.4000000000e-01,6.3309753715e-04,-6.2556002462e-04,-9.8809423180e-01,-3.7205537304e-08
7.5000000000e-01,6.3287173447e-04,-6.2535572383e-04,-9.8812395905e-01,-3.7112656816e-08
7.6000000000e-01,6.3264657583e-04,-6.2515199906e-04,-9.8815361207e-01,-3.7019947975e-08
7.7000000000e-01,6.3242205918e-04,-6.2494884853e-04,-9.8818319105e-01,-3.6927538562e-08
7.8000000000e-01,6.3219818251e-04,-6.2474627046e-04,-9.8821269617e-01,-3.6835367513e-08
7.9000000000e-01,6.3197494379e-04,-6.2454426306e-04,-9.8824212763e-01,-3.6743365212e-08
8.0000000000e-01,6.3175234100e-04,-6.2434282457e-04,-9.8827148560e-01,-3.6651590735e-08
8.1000000000e-01,6.3153037213e-04,-6.2414195322e-04,-9.8830077026e-01,-3.6560102584e-08
8.2000000000e-01,6.3130903520e-04,-6.2394164727e-04,-9.8832998180e-01,-3.6468827819e-08
8.3000000000e-01,6.3108832820e-04,-6.2374190496e-04,-9.8835912041e-01,-3.6377787414e-08
8.4000000000e-01,6.3086824914e-04,-6.2354272454e-04,-9.8838818626e-01,-3.6286923653e-08
8.5000000000e-01,6.3064879606e-04,-6.2334410428e-04,-9.8841717954e-01,-3.6196323792e-08
8.6000000000e-01,6.3042996698e-04,-6.2314604245e-04,-9.8844610043e-01,-3.6105957960e-08
8.7000000000e-01,6.3021175994e-04,-6.2294853733e-04,-9.8847494910e-01,-3.6015771990e-08
8.8000000000e-01,6.2999417297e-04,-6.2275158718e-04,-9.8850372574e-01,-3.5925866018e-08
8.9000000000e-01,6.2977720414e-04,-6.2255519030e-04,-9.8853243053e-01,-3.5836190307e-08
9.0000000000e-01,6.2956085150e-04,-6.2235934499e-04,-9.8856106365e-01,-3.5746678791e-08
9.1000000000e-01,6.2934511311e-04,-6.2216404953e-04,-9.8858962527e-01,-3.5657432403e-08
9.2000000000e-01,6.2912998704e-04,-6.2196930224e-04,-9.8861811558e-01,-3.5568410502e-08
9.3000000000e-01,6.2891547138e-04,-6.2177510143e-04,-9.8864653475e-01,-3.5479567125e-08
9.4000000000e-01,6.2870156421e-04,-6.2158144541e-04,-9.8867488297e-01,-3.5391032271e-08
9.5000000000e-01,6.2848826362e-04,-6.2138833251e-04,-9.8870316040e-01,-3.5302627766e-08
9.6000000000e-01,6.2827556771e-04,-6.2119576105e-04,-9.8873136722e-01,-3.5214445859e-08
9.7000000000e-01,6.2806347459e-04,-6.2100372937e-04,-9.8875950362e-01,-3.5126588471e-08
9.8000000000e-01,6.2785198237e-04,-6.2081223582e-04,-9.8878756976e-01,-3.5038857309e-08
9.9000000000e-01,6.2764108917e-04,-6.2062127872e-04,-9.8881556583e-01,-3.4951335874e-08
1.0000000000e+00,6.2743079312e-04,-6.2043085645e-04,-9.8884349199e-01,-3.4864125968e-08
1.0100000000e+00,6.2722109235e-04,-6.2024096735e-04,-9.8887134843e-01,-3.4777084927e-08
1.0200000000e+00,6.2701198500e-04,-6.2005160979e-04,-9.8889913531e-01,-3.4690183545e-08
1.0300000000e+00,6.2680346922e-04,-6.1986278214e-04,-9.8892685281e-01,-3.4603597585e-08
1.0400000000e+00,6.2659554316e-04,-6.1967448278e-04,-9.8895450110e-01,-3.4517224898e-08
1.0500000000e+00,6.2638820498e-04,-6.1948671008e-04,-9.8898208036e-01,-3.4430996651e-08
1.0600000000e+00,6.2618145286e-04,-6.1929946243e-04,-9.8900959076e-01,-3.4345015533e-08
1.0700000000e+00,6.2597528495e-04,-6.1911273822e-04,-9.8903703246e-01,-3.4259291994e-08
1.0800000000e+00,6.2576969945e-04,-6.1892653586e-04,-9.8906440565e-01,-3.4173748199e-08
1.0900000000e+00,6.2556469453e-04,-6.1874085374e-04,-9.8909171049e-01,-3.4088397362e-08
1.1000000000e+00,6.2536026840e-04,-6.1855569027e-04,-9.8911894716e-01,-3.4003303978e-08
1.1100000000e+00,6.2515641924e-04,-6.1837104387e-04,-9.8914611581e-01,-3.3918409220e-08
1.1200000000e+00,6.2495314528e-04,-6.1818691296e-04,-9.8917321663e-01,-3.3833710195e-08
1.1300000000e+00,6.2475044471e-04,-6.1800329596e-04,-9.8920024979e-01,-3.3749221223e-08
1.1400000000e+00,6.2454831576e-04,-6.1782019131e-04,-9.8922721544e-01,-3.3664974829e-08
1.1500000000e+00,6.2434675665e-04,-6.1763759744e-04,-9.8925411377e-01,-3.3580937274e-08
1.1600000000e+00,6.2414576562e-04,-6.1745551279e-04,-9.8928094493e-01,-3.3497056594e-08
1.1700000000e+00,6.2394534090e-04,-6.1727393580e-04,-9.8930770910e-01,-3.3413396515e-08
1.1800000000e+00,6.2374548073e-04,-6.1709286495e-04,-9.8933440644e-01,-3.3329965468e-08
1.1900000000e+00,6.2354618337e-04,-6.1691229867e-04,-9.8936103712e-01,-3.3246761025e-08
1.2000000000e+00,6.2334744707e-04,-6.1673223544e-04,-9.8938760131e-01,-3.3163774851e-08
1.2100000000e+00,6.2314927009e-04,-6.1655267372e-04,-9.8941409917e-01,-3.3080950992e-08
1.2200000000e+00,6.2295165071e-04,-6.1637361198e-04,-9.8944053087e-01,-3.2998366491e-08
1.2300000000e+00,6.2275458719e-04,-6.1619504872e-04,-9.8946689657e-01,-3.2915967625e-08
1.2400000000e+00,6.2255807783e-04,-6.1601698240e-04,-9.8949319644e-01,-3.2833752169e-08
1.2500000000e+00,6.2236212090e-04,-6.1583941152e-04,-9.8951943064e-01,-3.2751769748e-08
1.2600000000e+00,6.2216671470e-04,-6.1566233459e-04,-9.8954559934e-01,-3.2670039674e-08
1.2700000000e+00,6.2197185753e-04,-6.1548575008e-04,-9.8957170270e-01,-3.2588461485e-08
1.2800000000e+00,6.2177754769e-04,-6.1530965652e-04,-9.8959774088e-01,-3.2507043279e-08
1.2900000000e+00,6.2158378349e-04,-6.1513405241e-04,-9.8962371405e-01,-3.2425902404e-08
1.3000000000e+00,6.2139056326e-04,-6.1495893627e-04,-9.8964962237e-01,-3.2344958930e-08
1.3100000000e+00,6.2119788532e-04,-6.1478430662e-04,-9.8967546599e-01,-3.2264161003e-08
1.3200000000e+00,6.2100574798e-04,-6.1461016199e-04,-9.8970124509e-01,-3.2183619429e-08
1.3300000000e+00,6.2081414960e-04,-6.1443650090e-04,-9.8972695982e-01,-3.2103301451e-08
1.3400000000e+00,6.2062308851e-04,-6.1426332189e-04,-9.8975261034e-01,-3.2023077846e-08
1.3500000000e+00,6.2043256306e-04,-6.1409062351e-04,-9.8977819682e-01,-3.1943124909e-08
1.3600000000e+00,6.2024257159e-04,-6.1391840430e-04,-9.8980371941e-01,-3.1863395908e-08
1.3700000000e+00,6.2005311247e-04,-6.1374666281e-04,-9.8982917828e-01,-3.1783844095e-08
1.3800000000e+00,6.1986418407e-04,-6.1357539759e-04,-9.8985457357e-01,-3.1704472474e-08
1.3900000000e+00,6.1967578474e-04,-6.1340460722e-04,-9.8987990546e-01,-3.1625290369e-08
1.4000000000e+00,6.1948791287e-04,-6.1323429025e-04,-9.8990517410e-01,-3.1546361835e-08
1.4100000000e+00,6.1930056684e-04,-6.1306444525e-04,-9.8993037964e-01,-3.1467586627e-08
1.4200000000e+00,6.1911374504e-04,-6.1289507081e-04,-9.8995552225e-01,-3.1388969288e-08
1.4300000000e+00,6.1892744586e-04,-6.1272616550e-04,-9.8998060209e-01,-3.1310622182e-08
1.4400000000e+00,6.1874166769e-04,-6.1255772790e-04,-9.9000561930e-01,-3.1232457259e-08
1.4500000000e+00,6.1855640894e-04,-6.1238975662e-04,-9.9003057404e-01,-3.1154456209e-08
1.4600000000e+00,6.1837166802e-04,-6.1222225024e-04,-9.9005546648e-01,-3.1076672759e-08
1.4700000000e+00,6.1818744334e-04,-6.1205520736e-04,-9.9008029676e-01,-3.0999102143e-08
1.4800000000e+00,6.1800373333e-04,-6.1188862659e-04,-9.9010506505e-01,-3.0921685733e-08
1.4900000000e+00,6.1782053642e-04,-6.1172250654e-04,-9.9012977149e-01,-3.0844444297e-08
1.5000000000e+00,6.1763785102e-04,-6.1155684582e-04,-9.9015441624e-01,-3.0767483301e-08
1.5100000000e+00,6.1745567558e-04,-6.1139164306e-04,-9.9017899946e-01,-3.0690639991e-08
1.5200000000e+00,6.1727400855e-04,-6.1122689687e-04,-9.9020352129e-01,-3.0613973873e-08
1.5300000000e+00,6.1709284837e-04,-6.1106260588e-04,-9.9022798190e-01,-3.0537593079e-08
1.5400000000e+00,6.1691219349e-04,-6.1089876874e-04,-9.9025238144e-01,-3.0461345515e-08
1.5500000000e+00,6.1673204237e-04,-6.1073538406e-04,-9.9027672005e-01,-3.0385266258e-08
1.5600000000e+00,6.1655239348e-04,-6.1057245051e-04,-9.9030099789e-01,-3.0309403275e-08
1.5700000000e+00,6.1637324528e-04,-6.1040996672e-04,-9.9032521511e-01,-3.0233685507e-08
1.5800000000e+00,6.1619459626e-04,-6.1024793135e-04,-9.9034937186e-01,-3.0158194005e-08
1.5900000000e+00,6.1601644488e-04,-6.1008634304e-04,-9.9037346830e-01,-3.0082941530e-08
1.6000000000e+00,6.1583878964e-04,-6.0992520048e-04,-9.9039750457e-01,-3.0007831168e-08
1.6100000000e+00,6.1566162903e-04,-6.0976450231e-04,-9.9042148082e-01,-2.9932882010e-08
1.6200000000e+00,6.1548496154e-04,-6.0960424721e-04,-9.9044539721e-01,-2.9858141348e-08
1.6300000000e+00,6.1530878567e-04,-6.0944443385e-04,-9.9046925389e-01,-2.9783600530e-08
1.6400000000e+00,6.1513309993e-04,-6.0928506092e-04,-9.9049305099e-01,-2.9709197599e-08
1.6500000000e+00,6.1495790283e-04,-6.0912612709e-04,-9.9051678868e-01,-2.9635040030e-08
1.6600000000e+00,6.1478319289e-04,-6.0896763105e-04,-9.9054046710e-01,-2.9561055430e-08
1.6700000000e+00,6.1460896863e-04,-6.0880957150e-04,-9.9056408640e-01,-2.9487213275e-08
1.6800000000e+00,6.1443522858e-04,-6.0865194713e-04,-9.9058764672e-01,-2.9413619363e-08
1.6900000000e+00,6.1426197126e-04,-6.0849475665e-04,-9.9061114821e-01,-2.9340160902e-08
1.7000000000e+00,6.1408919521e-04,-6.0833799875e-04,-9.9063459103e-01,-2.9266909830e-08
1.7100000000e+00,6.1391689898e-04,-6.0818167215e-04,-9.9065797531e-01,-2.9193860371e-08
1.7200000000e+00,6.1374508112e-04,-6.0802577557e-04,-9.9068130120e-01,-2.9120973785e-08
1.7300000000e+00,6.1357374017e-04,-6.0787030771e-04,-9.9070456885e-01,-2.9048227417e-08
1.7400000000e+00,6.1340287469e-04,-6.0771526731e-04,-9.9072777840e-01,-2.8975705540e-08
1.7500000000e+00,6.1323248325e-04,-6.0756065309e-04,-9.9075093000e-01,-2.8903335537e-08
1.7600000000e+00,6.1306256440e-04,-6.0740646378e-04,-9.9077402380e-01,-2.8831157718e-08
1.7700000000e+00,6.1289311673e-04,-6.0725269811e-04,-9.9079705993e-01,-2.8759238470e-08
1.7800000000e+00,6.1272413881e-04,-6.0709935484e-04,-9.9082003855e-01,-2.8687406149e-08
1.7900000000e+00,6.1255562922e-04,-6.0694643270e-04,-9.9084295979e-01,-2.8615743917e-08
1.8000000000e+00,6.1238758655e-04,-6.0679393043e-04,-9.9086582380e-01,-2.8544280190e-08
1.8100000000e+00,6.1222000939e-04,-6.0664184680e-04,-9.9088863072e-01,-2.8473035402e-08
1.8200000000e+00,6.1205289633e-04,-6.0649018056e-04,-9.9091138069e-01,-2.8401982571e-08
1.8300000000e+00,6.1188624598e-04,-6.0633893046e-04,-9.9093407386e-01,-2.8331046644e-08
1.8400000000e+00,6.1172005693e-04,-6.0618809529e-04,-9.9095671037e-01,-2.8260287801e-08
1.8500000000e+00,6.1155432781e-04,-6.0603767379e-04,-9.9097929036e-01,-2.8189724464e-08
1.8600000000e+00,6.1138905723e-04,-6.0588766476e-04,-9.9100181396e-01,-2.8119336991e-08
1.8700000000e+00,6.1122424381e-04,-6.0573806695e-04,-9.9102428133e-01,-2.8049114382e-08
1.8800000000e+00,6.1105988616e-04,-6.0558887917e-04,-9.9104669260e-01,-2.7979101720e-08
1.8900000000e+00,6.1089598293e-04,-6.0544010018e-04,-9.9106904792e-01,-2.7909224171e-08
1.9000000000e+00,6.1073253274e-04,-6.0529172878e-04,-9.9109134741e-01,-2.7839512709e-08
1.9100000000e+00,6.1056953424e-04,-6.0514376377e-04,-9.9111359123e-01,-2.7770062042e-08
1.9200000000e+00,6.1040698606e-04,-6.0499620395e-04,-9.9113577950e-01,-2.7700722060e-08
1.9300000000e+00,6.1024488686e-04,-6.0484904810e-04,-9.9115791238e-01,-2.7631500209e-08
1.9400000000e+00,6.1008323529e-04,-6.0470229505e-04,-9.9117998999e-01,-2.7562520388e-08
1.9500000000e+00,6.0992203000e-04,-6.0455594359e-04,-9.9120201247e-01,-2.7493757500e-08
1.9600000000e+00,6.0976126966e-04,-6.0440999254e-04,-9.9122397997e-01,-2.7425086209e-08
1.9700000000e+00,6.0960095293e-04,-6.0426444073e-04,-9.9124589262e-01,-2.7356593438e-08
1.9800000000e+00,6.0944107849e-04,-6.0411928696e-04,-9.9126775055e-01,-2.7288270536e-08
1.9900000000e+00,6.0928164500e-04,-6.0397453008e-04,-9.9128955391e-01,-2.7220147806e-08
2.0000000000e+00,6.0912265115e-04,-6.0383016889e-04,-9.9131130283e-01,-2.7152210036e-08
2.0100000000e+00,6.0896409563e-04,-6.0368620225e-04,-9.9133299744e-01,-2.7084398502e-08
2.0200000000e+00,6.0880597711e-04,-6.0354262898e-04,-9.9135463789e-01,-2.7016746170e-08
2.0300000000e+00,6.0864829430e-04,-6.0339944793e-04,-9.9137622430e-01,-2.6949290906e-08
2.0400000000e+00,6.0849104590e-04,-6.0325665794e-04,-9.9139775681e-01,-2.6882036038e-08
2.0500000000e+00,6.0833423059e-04,-6.0311425786e-04,-9.9141923556e-01,-2.6814905622e-08
2.0600000000e+00,6.0817784710e-04,-6.0297224654e-04,-9.9144066068e-01,-2.6747926755e-08
2.0700000000e+00,6.0802189413e-04,-6.0283062284e-04,-9.9146203230e-01,-2.6681141397e-08
2.0800000000e+00,6.0786637040e-04,-6.0268938561e-04,-9.9148335056e-01,-2.6614565985e-08
2.0900000000e+00,6.0771127462e-04,-6.0254853373e-04,-9.9150461559e-01,-2.6548105259e-08
2.1000000000e+00,6.0755660552e-04,-6.0240806605e-04,-9.9152582753e-01,-2.6481774648e-08
2.1100000000e+00,6.0740236183e-04,-6.0226798146e-04,-9.9154698650e-01,-2.6415661200e-08
2.1200000000e+00,6.0724854227e-04,-6.0212827882e-04,-9.9156809264e-01,-2.6349746256e-08
2.1300000000e+00,6.0709514560e-04,-6.0198895701e-04,-9.9158914608e-01,-2.6283909476e-08
2.1400000000e+00,6.0694217054e-04,-6.0185001492e-04,-9.9161014695e-01,-2.6218284748e-08
2.1500000000e+00,6.0678961584e-04,-6.0171145143e-04,-9.9163109539e-01,-2.6152865186e-08
2.1600000000e+00,6.0663748026e-04,-6.0157326543e-04,-9.9165199152e-01,-2.6087548212e-08
2.1700000000e+00,6.0648576254e-04,-6.0143545581e-04,-9.9167283547e-01,-2.6022361242e-08
2.1800000000e+00,6.0633446144e-04,-6.0129802147e-04,-9.9169362738e-01,-2.5957418635e-08
2.1900000000e+00,6.0618357573e-04,-6.0116096132e-04,-9.9171436738e-01,-2.5892658882e-08
2.2000000000e+00,6.0603310417e-04,-6.0102427425e-04,-9.9173505559e-01,-2.5827935096e-08
2.2100000000e+00,6.0588304552e-04,-6.0088795917e-04,-9.9175569214e-01,-2.5763460781e-08
2.2200000000e+00,6.0573339858e-04,-6.0075201500e-04,-9.9177627717e-01,-2.5699148670e-08
2.2300000000e+00,6.0558416210e-04,-6.0061644065e-04,-9.9179681080e-01,-2.5634965341e-08
2.2400000000e+00,6.0543533488e-04,-6.0048123503e-04,-9.9181729316e-01,-2.5570980302e-08
2.2500000000e+00,6.0528691571e-04,-6.0034639707e-04,-9.9183772438e-01,-2.5507100841e-08
2.2600000000e+00,6.0513890336e-04,-6.0021192570e-04,-9.9185810458e-01,-2.5443429662e-08
2.2700000000e+00,6.0499129665e-04,-6.0007781984e-04,-9.9187843390e-01,-2.5379912581e-08
2.2800000000e+00,6.0484409436e-04,-5.9994407843e-04,-9.9189871245e-01,-2.5316518843e-08
2.2900000000e+00,6.0469729529e-04,-5.9981070040e-04,-9.9191894038e-01,-2.5253330611e-08
2.3000000000e+00,6.0455089827e-04,-5.9967768469e-04,-9.9193911779e-01,-2.5190281156e-08
2.3100000000e+00,6.0440490208e-04,-5.9954503024e-04,-9.9195924483e-01,-2.5127377248e-08
2.3200000000e+00,6.0425930556e-04,-5.9941273601e-04,-9.9197932161e-01,-2.5064614009e-08
2.3300000000e+00,6.0411410752e-04,-5.9928080093e-04,-9.9199934826e-01,-2.5002021630e-08
2.3400000000e+00,6.0396930677e-04,-5.9914922397e-04,-9.9201932491e-01,-2.4939621989e-08
2.3500000000e+00,6.0382490216e-04,-5.9901800408e-04,-9.9203925168e-01,-2.4877344473e-08
2.3600000000e+00,6.0368089250e-04,-5.9888714022e-04,-9.9205912869e-01,-2.4815248030e-08
2.3700000000e+00,6.0353727663e-04,-5.9875663136e-04,-9.9207895608e-01,-2.4753302803e-08
2.3800000000e+00,6.0339405340e-04,-5.9862647645e-04,-9.9209873396e-01,-2.4691436513e-08
2.3900000000e+00,6.0325122163e-04,-5.9849667448e-04,-9.9211846245e-01,-2.4629803256e-08
2.4000000000e+00,6.0310878018e-04,-5.9836722440e-04,-9.9213814168e-01,-2.4568341753e-08
2.4100000000e+00,6.0296672790e-04,-5.9823812521e-04,-9.9215777178e-01,-2.4506955635e-08
2.4200000000e+00,6.0282506364e-04,-5.9810937588e-04,-9.9217735287e-01,-2.4445736824e-08
2.4300000000e+00,6.0268378626e-04,-5.9798097540e-04,-9.9219688506e-01,-2.4384746500e-08
2.4400000000e+00,6.0254289461e-04,-5.9785292274e-04,-9.9221636848e-01,-2.4323884514e-08
2.4500000000e+00,6.0240238757e-04,-5.9772521691e-04,-9.9223580326e-01,-2.4263113126e-08
2.4600000000e+00,6.0226226399e-04,-5.9759785689e-04,-9.9225518951e-01,-2.4202548129e-08
2.4700000000e+00,6.0212252276e-04,-5.9747084168e-04,-9.9227452735e-01,-2.4142105919e-08
2.4800000000e+00,6.0198316275e-04,-5.9734417028e-04,-9.9229381691e-01,-2.4081817034e-08
2.4900000000e+00,6.0184418284e-04,-5.9721784170e-04,-9.9231305831e-01,-2.4021694238e-08
2.5000000000e+00,6.0170558191e-04,-5.9709185494e-04,-9.9233225166e-01,-2.3961736529e-08
2.5100000000e+00,6.0156735885e-04,-5.9696620900e-04,-9.9235139709e-01,-2.3901928815e-08
2.5200000000e+00,6.0142951255e-04,-5.9684090291e-04,-9.9237049471e-01,-2.3842202147e-08
2.5300000000e+00,6.0129204191e-04,-5.9671593567e-04,-9.9238954465e-01,-2.3782657441e-08
2.5400000000e+00,6.0115494581e-04,-5.9659130631e-04,-9.9240854703e-01,-2.3723299367e-08
2.5500000000e+00,6.0101822317e-04,-5.9646701385e-04,-9.9242750196e-01,-2.3664086399e-08
2.5600000000e+00,6.0088187289e-04,-5.9634305732e-04,-9.9244640956e-01,-2.3604973903e-08
2.5700000000e+00,6.0074589387e-04,-5.9621943573e-04,-9.9246526995e-01,-2.3546008292e-08
2.5800000000e+00,6.0061028504e-04,-5.9609614814e-04,-9.9248408325e-01,-2.3487237526e-08
2.5900000000e+00,6.0047504530e-04,-5.9597319356e-04,-9.9250284957e-01,-2.3428626962e-08
2.6000000000e+00,6.0034017358e-04,-5.9585057103e-04,-9.9252156904e-01,-2.3370104775e-08
2.6100000000e+00,6.0020566879e-04,-5.9572827961e-04,-9.9254024177e-01,-2.3311741901e-08
2.6200000000e+00,6.0007152987e-04,-5.9560631833e-04,-9.9255886787e-01,-2.3253576429e-08
2.6300000000e+00,5.9993775574e-04,-5.9548468623e-04,-9.9257744747e-01,-2.3195483010e-08
2.6400000000e+00,5.9980434534e-04,-5.9536338237e-04,-9.9259598067e-01,-2.3137574551e-08
2.6500000000e+00,5.9967129761e-04,-5.9524240581e-04,-9.9261446760e-01,-2.3079804540e-08
2.6600000000e+00,5.9953861148e-04,-5.9512175559e-04,-9.9263290837e-01,-2.3022147327e-08
2.6700000000e+00,5.9940628590e-04,-5.9500143079e-04,-9.9265130310e-01,-2.2964687953e-08
2.6800000000e+00,5.9927431982e-04,-5.9488143045e-04,-9.9266965189e-01,-2.2907359700e-08
2.6900000000e+00,5.9914271219e-04,-5.9476175364e-04,-9.9268795488e-01,-2.2850166783e-08
2.7000000000e+00,5.9901146196e-04,-5.9464239944e-04,-9.9270621216e-01,-2.2793098207e-08
2.7100000000e+00,5.9888056809e-04,-5.9452336692e-04,-9.9272442385e-01,-2.2736173520e-08
2.7200000000e+00,5.9875002955e-04,-5.9440465514e-04,-9.9274259008e-01,-2.2679402710e-08
2.7300000000e+00,5.9861984529e-04,-5.9428626319e-04,-9.9276071094e-01,-2.2622786217e-08
2.7400000000e+00,5.9849001428e-04,-5.9416819014e-04,-9.9277878656e-01,-2.2566272868e-08
2.7500000000e+00,5.9836053549e-04,-5.9405043508e-04,-9.9279681704e-01,-2.2509940818e-08
2.7600000000e+00,5.9823140791e-04,-5.9393299710e-04,-9.9281480251e-01,-2.2453777185e-08
2.7700000000e+00,5.9810263051e-04,-5.9381587528e-04,-9.9283274307e-01,-2.2397678726e-08
2.7800000000e+00,5.9797420226e-04,-5.9369906872e-04,-9.9285063883e-01,-2.2341722930e-08
2.7900000000e+00,5.9784612216e-04,-5.9358257650e-04,-9.9286848991e-01,-2.2285990397e-08
2.8000000000e+00,5.9771838918e-04,-5.9346639774e-04,-9.9288629642e-01,-2.2230389873e-08
2.8100000000e+00,5.9759100233e-04,-5.9335053152e-04,-9.9290405847e-01,-2.2174838864e-08
2.8200000000e+00,5.9746396060e-04,-5.9323497695e-04,-9.9292177617e-01,-2.2119442285e-08
2.8300000000e+00,5.9733726298e-04,-5.9311973314e-04,-9.9293944962e-01,-2.2064183598e-08
2.8400000000e+00,5.9721090848e-04,-5.9300479920e-04,-9.9295707895e-01,-2.2009105767e-08
2.8500000000e+00,5.9708489609e-04,-5.9289017424e-04,-9.9297466427e-01,-2.1954222777e-08
2.8600000000e+00,5.9695922484e-04,-5.9277585736e-04,-9.9299220567e-01,-2.1899390416e-08
2.8700000000e+00,5.9683389372e-04,-5.9266184770e-04,-9.9300970327e-01,-2.1844662194e-08
2.8800000000e+00,5.9670890175e-04,-5.9254814437e-04,-9.9302715719e-01,-2.1790113717e-08
2.8900000000e+00,5.9658424795e-04,-5.9243474649e-04,-9.9304456752e-01,-2.1735756528e-08
2.9000000000e+00,5.9645993133e-04,-5.9232165319e-04,-9.9306193439e-01,-2.1681496709e-08
2.9100000000e+00,5.9633595093e-04,-5.9220886360e-04,-9.9307925789e-01,-2.1627311497e-08
2.9200000000e+00,5.9621230577e-04,-5.9209637685e-04,-9.9309653813e-01,-2.1573299033e-08
2.9300000000e+00,5.9608899487e-04,-5.9198419207e-04,-9.9311377523e-01,-2.1519456991e-08
2.9400000000e+00,5.9596601728e-04,-5.9187230841e-04,-9.9313096929e-01,-2.1465728302e-08
2.9500000000e+00,5.9584337202e-04,-5.9176072499e-04,-9.9314812042e-01,-2.1412137056e-08
2.9600000000e+00,5.9572105814e-04,-5.9164944096e-04,-9.9316522873e-01,-2.1358658280e-08
2.9700000000e+00,5.9559907467e-04,-5.9153845547e-04,-9.9318229432e-01,-2.1305306734e-08
2.9800000000e+00,5.9547742067e-04,-5.9142776767e-04,-9.9319931729e-01,-2.1252140926e-08
2.9900000000e+00,5.9535609518e-04,-5.9131737670e-04,-9.9321629776e-01,-2.1199085810e-08
3.0000000000e+00,5.9523509724e-04,-5.9120728172e-04,-9.9323323584e-01,-2.1146157814e-08
3.0100000000e+00,5.9511442593e-04,-5.9109748188e-04,-9.9325013162e-01,-2.1093333621e-08
3.0200000000e+00,5.9499408029e-04,-5.9098797635e-04,-9.9326698522e-01,-2.1040684736e-08
3.0300000000e+00,5.9487405938e-04,-5.9087876428e-04,-9.9328379673e-01,-2.0988158086e-08
3.0400000000e+00,5.9475436227e-04,-5.9076984483e-04,-9.9330056627e-01,-2.0935754668e-08
3.0500000000e+00,5.9463498802e-04,-5.9066121718e-04,-9.9331729393e-01,-2.0883489143e-08
3.0600000000e+00,5.9451593571e-04,-5.9055288049e-04,-9.9333397983e-01,-2.0831300334e-08
3.0700000000e+00,5.9439720440e-04,-5.9044483394e-04,-9.9335062407e-01,-2.0779276948e-08
3.0800000000e+00,5.9427879317e-04,-5.9033707669e-04,-9.9336722675e-01,-2.0727436857e-08
3.0900000000e+00,5.9416070111e-04,-5.9022960793e-04,-9.9338378797e-01,-2.0675685698e-08
3.1000000000e+00,5.9404292728e-04,-5.9012242683e-04,-9.9340030784e-01,-2.0624039233e-08
3.1100000000e+00,5.9392547077e-04,-5.9001553258e-04,-9.9341678646e-01,-2.0572536872e-08
3.1200000000e+00,5.9380833068e-04,-5.8990892435e-04,-9.9343322394e-01,-2.0521156528e-08
3.1300000000e+00,5.9369150609e-04,-5.8980260135e-04,-9.9344962038e-01,-2.0469946824e-08
3.1400000000e+00,5.9357499610e-04,-5.8969656275e-04,-9.9346597587e-01,-2.0418854135e-08
3.1500000000e+00,5.9345879979e-04,-5.8959080775e-04,-9.9348229053e-01,-2.0367855819e-08
3.1600000000e+00,5.9334291627e-04,-5.8948533555e-04,-9.9349856446e-01,-2.0317008270e-08
3.1700000000e+00,5.9322734465e-04,-5.8938014533e-04,-9.9351479774e-01,-2.0266268969e-08
3.1800000000e+00,5.9311208402e-04,-5.8927523631e-04,-9.9353099050e-01,-2.0215633691e-08
3.1900000000e+00,5.9299713349e-04,-5.8917060768e-04,-9.9354714283e-01,-2.0165181937e-08
3.2000000000e+00,5.9288249217e-04,-5.8906625865e-04,-9.9356325482e-01,-2.0114856527e-08
3.2100000000e+00,5.9276815918e-04,-5.8896218842e-04,-9.9357932659e-01,-2.0064599170e-08
3.2200000000e+00,5.9265413363e-04,-5.8885839621e-04,-9.9359535822e-01,-2.0014486034e-08
3.2300000000e+00,5.9254041464e-04,-5.8875488122e-04,-9.9361134983e-01,-1.9964550090e-08
3.2400000000e+00,5.9242700133e-04,-5.8865164267e-04,-9.9362730151e-01,-1.9914696964e-08
3.2500000000e+00,5.9231389283e-04,-5.8854867979e-04,-9.9364321335e-01,-1.9864970408e-08
3.2600000000e+00,5.9220108826e-04,-5.8844599178e-04,-9.9365908547e-01,-1.9815378966e-08
3.2700000000e+00,5.9208858675e-04,-5.8834357787e-04,-9.9367491796e-01,-1.9765896659e-08
3.2800000000e+00,5.9197638744e-04,-5.8824143728e-04,-9.9369071091e-01,-1.9716508717e-08
3.2900000000e+00,5.9186448945e-04,-5.8813956924e-04,-9.9370646444e-01,-1.9667303744e-08
3.3000000000e+00,5.9175289194e-04,-5.8803797299e-04,-9.9372217863e-01,-1.9618207572e-08
3.3100000000e+00,5.9164159403e-04,-5.8793664774e-04,-9.9373785358e-01,-1.9569207987e-08
3.3200000000e+00,5.9153059488e-04,-5.8783559274e-04,-9.9375348939e-01,-1.9520357396e-08
3.3300000000e+00,5.9141989362e-04,-5.8773480722e-04,-9.9376908616e-01,-1.9471594514e-08
3.3400000000e+00,5.9130948941e-04,-5.8763429042e-04,-9.9378464399e-01,-1.9423015817e-08
3.3500000000e+00,5.9119938140e-04,-5.8753404158e-04,-9.9380016297e-01,-1.9374518941e-08
3.3600000000e+00,5.9108956874e-04,-5.8743405995e-04,-9.9381564321e-01,-1.9326118546e-08
3.3700000000e+00,5.9098005059e-04,-5.8733434477e-04,-9.9383108479e-01,-1.9277856152e-08
3.3800000000e+00,5.9087082611e-04,-5.8723489528e-04,-9.9384648782e-01,-1.9229715657e-08
3.3900000000e+00,5.9076189446e-04,-5.8713571075e-04,-9.9386185238e-01,-1.9181713166e-08
3.4000000000e+00,5.9065325481e-04,-5.8703679041e-04,-9.9387717859e-01,-1.9133808819e-08
3.4100000000e+00,5.9054490632e-04,-5.8693813354e-04,-9.9389246652e-01,-1.9086043360e-08
3.4200000000e+00,5.9043684817e-04,-5.8683973937e-04,-9.9390771629e-01,-1.9038406573e-08
3.4300000000e+00,5.9032907952e-04,-5.8674160718e-04,-9.9392292797e-01,-1.8990882367e-08
3.4400000000e+00,5.9022159955e-04,-5.8664373623e-04,-9.9393810168e-01,-1.8943451752e-08
3.4500000000e+00,5.9011440744e-04,-5.8654612577e-04,-9.9395323750e-01,-1.8896137596e-08
3.4600000000e+00,5.9000750238e-04,-5.8644877508e-04,-9.9396833552e-01,-1.8848964552e-08
3.4700000000e+00,5.8990088354e-04,-5.8635168343e-04,-9.9398339585e-01,-1.8801868892e-08
3.4800000000e+00,5.8979455010e-04,-5.8625485008e-04,-9.9399841857e-01,-1.8754924554e-08
3.4900000000e+00,5.8968850126e-04,-5.8615827432e-04,-9.9401340379e-01,-1.8708122100e-08
3.5000000000e+00,5.8958273621e-04,-5.8606195540e-04,-9.9402835159e-01,-1.8661414462e-08
3.5100000000e+00,5.8947725415e-04,-5.8596589262e-04,-9.9404326206e-01,-1.8614808743e-08
3.5200000000e+00,5.8937205426e-04,-5.8587008526e-04,-9.9405813531e-01,-1.8568321818e-08
3.5300000000e+00,5.8926713574e-04,-5.8577453258e-04,-9.9407297142e-01,-1.8521983992e-08
3.5400000000e+00,5.8916249780e-04,-5.8567923389e-04,-9.9408777048e-01,-1.8475750530e-08
3.5500000000e+00,5.8905813964e-04,-5.8558418846e-04,-9.9410253259e-01,-1.8429592453e-08
3.5600000000e+00,5.8895406047e-04,-5.8548939559e-04,-9.9411725785e-01,-1.8383543285e-08
3.5700000000e+00,5.8885025948e-04,-5.8539485456e-04,-9.9413194634e-01,-1.8337655991e-08
3.5800000000e+00,5.8874673591e-04,-5.8530056467e-04,-9.9414659815e-01,-1.8291915468e-08
3.5900000000e+00,5.8864348895e-04,-5.8520652522e-04,-9.9416121338e-01,-1.8246240893e-08
3.6000000000e+00,5.8854051782e-04,-5.8511273550e-04,-9.9417579211e-01,-1.8200665013e-08
3.6100000000e+00,5.8843782175e-04,-5.8501919480e-04,-9.9419033445e-01,-1.8155202602e-08
3.6200000000e+00,5.8833539995e-04,-5.8492590245e-04,-9.9420484047e-01,-1.8109851434e-08
3.6300000000e+00,5.8823325164e-04,-5.8483285773e-04,-9.9421931027e-01,-1.8064639378e-08
3.6400000000e+00,5.8813137605e-04,-5.8474005995e-04,-9.9423374395e-01,-1.8019581306e-08
3.6500000000e+00,5.8802977242e-04,-5.8464750842e-04,-9.9424814158e-01,-1.7974592294e-08
3.6600000000e+00,5.8792843996e-04,-5.8455520246e-04,-9.9426250327e-01,-1.7929666231e-08
3.6700000000e+00,5.8782737791e-04,-5.8446314137e-04,-9.9427682910e-01,-1.7884921908e-08
3.6800000000e+00,5.8772658551e-04,-5.8437132446e-04,-9.9429111915e-01,-1.7840251085e-08
3.6900000000e+00,5.8762606199e-04,-5.8427975107e-04,-9.9430537353e-01,-1.7795672744e-08
3.7000000000e+00,5.8752580660e-04,-5.8418842050e-04,-9.9431959232e-01,-1.7751293022e-08
3.7100000000e+00,5.8742581858e-04,-5.8409733207e-04,-9.9433377560e-01,-1.7706994010e-08
3.7200000000e+00,5.8732609716e-04,-5.8400648511e-04,-9.9434792347e-01,-1.7662747626e-08
3.7300000000e+00,5.8722664160e-04,-5.8391587894e-04,-9.9436203601e-01,-1.7618616260e-08
3.7400000000e+00,5.8712745115e-04,-5.8382551290e-04,-9.9437611332e-01,-1.7574666306e-08
3.7500000000e+00,5.8702852506e-04,-5.8373538630e-04,-9.9439015547e-01,-1.7530792176e-08
3.7600000000e+00,5.8692986258e-04,-5.8364549848e-04,-9.9440416257e-01,-1.7486983774e-08
3.7700000000e+00,5.8683146296e-04,-5.8355584878e-04,-9.9441813469e-01,-1.7443328806e-08
3.7800000000e+00,5.8673332548e-04,-5.8346643652e-04,-9.9443207192e-01,-1.7399747334e-08
3.7900000000e+00,5.8663544938e-04,-5.8337726105e-04,-9.9444597436e-01,-1.7356305303e-08
3.8000000000e+00,5.8653783393e-04,-5.8328832171e-04,-9.9445984208e-01,-1.7313037580e-08
3.8100000000e+00,5.8644047840e-04,-5.8319961783e-04,-9.9447367518e-01,-1.7269816376e-08
3.8200000000e+00,5.8634338206e-04,-5.8311114876e-04,-9.9448747373e-01,-1.7226620040e-08
3.8300000000e+00,5.8624654416e-04,-5.8302291385e-04,-9.9450123784e-01,-1.7183622875e-08
3.8400000000e+00,5.8614996399e-04,-5.8293491244e-04,-9.9451496757e-01,-1.7140752723e-08
3.8500000000e+00,5.8605364083e-04,-5.8284714388e-04,-9.9452866303e-01,-1.7097915323e-08
3.8600000000e+00,5.8595757394e-04,-5.8275960752e-04,-9.9454232429e-01,-1.7055261110e-08
3.8700000000e+00,5.8586176260e-04,-5.8267230271e-04,-9.9455595144e-01,-1.7012699374e-08
3.8800000000e+00,5.8576620610e-04,-5.8258522882e-04,-9.9456954456e-01,-1.6970166064e-08
3.8900000000e+00,5.8567090373e-04,-5.8249838520e-04,-9.9458310374e-01,-1.6927758320e-08
3.9000000000e+00,5.8557585476e-04,-5.8241177120e-04,-9.9459662907e-01,-1.6885514112e-08
3.9100000000e+00,5.8548105848e-04,-5.8232538619e-04,-9.9461012062e-01,-1.6843414562e-08
3.9200000000e+00,5.8538651418e-04,-5.8223922954e-04,-9.9462357849e-01,-1.6801339552e-08
3.9300000000e+00,5.8529222116e-04,-5.8215330060e-04,-9.9463700276e-01,-1.6759337484e-08
3.9400000000e+00,5.8519817871e-04,-5.8206759874e-04,-9.9465039351e-01,-1.6717536810e-08
3.9500000000e+00,5.8510438613e-04,-5.8198212333e-04,-9.9466375082e-01,-1.6675792754e-08
3.9600000000e+00,5.8501084271e-04,-5.8189687374e-04,-9.9467707478e-01,-1.6634133744e-08
3.9700000000e+00,5.8491754776e-04,-5.8181184935e-04,-9.9469036547e-01,-1.6592627834e-08
3.9800000000e+00,5.8482450058e-04,-5.8172704953e-04,-9.9470362298e-01,-1.6551164002e-08
3.9900000000e+00,5.8473170047e-04,-5.8164247365e-04,-9.9471684739e-01,-1.6509852822e-08
4.0000000000e+00,5.8463914674e-04,-5.8155812110e-04,-9.9473003877e-01,-1.6468672873e-08
4.0100000000e+00,5.8454683870e-04,-5.8147399125e-04,-9.9474319722e-01,-1.6427515796e-08
4.0200000000e+00,5.8445477566e-04,-5.8139008349e-04,-9.9475632281e-01,-1.6386455751e-08
4.0300000000e+00,5.8436295694e-04,-5.8130639719e-04,-9.9476941563e-01,-1.6345572451e-08
4.0400000000e+00,5.8427138185e-04,-5.8122293175e-04,-9.9478247576e-01,-1.6304774864e-08
4.0500000000e+00,5.8418004971e-04,-5.8113968655e-04,-9.9479550328e-01,-1.6264069647e-08
4.0600000000e+00,5.8408895983e-04,-5.8105666099e-04,-9.9480849827e-01,-1.6223474007e-08
4.0700000000e+00,5.8399811155e-04,-5.8097385445e-04,-9.9482146082e-01,-1.6182927885e-08
4.0800000000e+00,5.8390750418e-04,-5.8089126632e-04,-9.9483439100e-01,-1.6142518319e-08
4.0900000000e+00,5.8381713705e-04,-5.8080889600e-04,-9.9484728889e-01,-1.6102257413e-08
4.1000000000e+00,5.8372700949e-04,-5.8072674290e-04,-9.9486015458e-01,-1.6062041247e-08
4.1100000000e+00,5.8363712083e-04,-5.8064480640e-04,-9.9487298814e-01,-1.6021872268e-08
4.1200000000e+00,5.8354747041e-04,-5.8056308590e-04,-9.9488578966e-01,-1.5981905683e-08
4.1300000000e+00,5.8345805754e-04,-5.8048158082e-04,-9.9489855922e-01,-1.5942051117e-08
4.1400000000e+00,5.8336888158e-04,-5.8040029054e-04,-9.9491129689e-01,-1.5902196331e-08
4.1500000000e+00,5.8327994186e-04,-5.8031921449e-04,-9.9492400276e-01,-1.5862474658e-08
4.1600000000e+00,5.8319123772e-04,-5.8023835206e-04,-9.9493667691e-01,-1.5822911750e-08
4.1700000000e+00,5.8310276850e-04,-5.8015770266e-04,-9.9494931941e-01,-1.5783382813e-08
4.1800000000e+00,5.8301453355e-04,-5.8007726572e-04,-9.9496193034e-01,-1.5743968896e-08
4.1900000000e+00,5.8292653221e-04,-5.7999704063e-04,-9.9497450978e-01,-1.5704647015e-08
4.2000000000e+00,5.8283876384e-04,-5.7991702681e-04,-9.9498705781e-01,-1.5665426388e-08
4.2100000000e+00,5.8275122778e-04,-5.7983722369e-04,-9.9499957452e-01,-1.5626349090e-08
4.2200000000e+00,5.8266392338e-04,-5.7975763067e-04,-9.9501205997e-01,-1.5587313093e-08
4.2300000000e+00,5.8257685000e-04,-5.7967824718e-04,-9.9502451424e-01,-1.5548385452e-08
4.2400000000e+00,5.8249000699e-04,-5.7959907264e-04,-9.9503693742e-01,-1.5509582270e-08
4.2500000000e+00,5.8240339372e-04,-5.7952010647e-04,-9.9504932958e-01,-1.5470869015e-08
4.2600000000e+00,5.8231700955e-04,-5.7944134810e-04,-9.9506169080e-01,-1.5432206606e-08
4.2700000000e+00,5.8223085382e-04,-5.7936279695e-04,-9.9507402115e-01,-1.5393687307e-08
4.2800000000e+00,5.8214492592e-04,-5.7928445246e-04,-9.9508632072e-01,-1.5355267594e-08
4.2900000000e+00,5.8205922521e-04,-5.7920631405e-04,-9.9509858958e-01,-1.5316904392e-08
4.3000000000e+00,5.8197375104e-04,-5.7912838116e-04,-9.9511082780e-01,-1.5278689959e-08
4.3100000000e+00,5.8188850280e-04,-5.7905065321e-04,-9.9512303546e-01,-1.5240541031e-08
4.3200000000e+00,5.8180347986e-04,-5.7897312965e-04,-9.9513521265e-01,-1.5202467929e-08
4.3300000000e+00,5.8171868158e-04,-5.7889580990e-04,-9.9514735942e-01,-1.5164486755e-08
4.3400000000e+00,5.8163410735e-04,-5.7881869342e-04,-9.9515947587e-01,-1.5126620709e-08
4.3500000000e+00,5.8154975654e-04,-5.7874177964e-04,-9.9517156207e-01,-1.5088857361e-08
4.3600000000e+00,5.8146562853e-04,-5.7866506799e-04,-9.9518361809e-01,-1.5051194045e-08
4.3700000000e+00,5.8138172270e-04,-5.7858855794e-04,-9.9519564400e-01,-1.5013640194e-08
4.3800000000e+00,5.8129803844e-04,-5.7851224891e-04,-9.9520763989e-01,-1.4976128867e-08
4.3900000000e+00,5.8121457512e-04,-5.7843614036e-04,-9.9521960583e-01,-1.4938740772e-08
4.4000000000e+00,5.8113133215e-04,-5.7836023173e-04,-9.9523154189e-01,-1.4901438500e-08
4.4100000000e+00,5.8104830890e-04,-5.7828452248e-04,-9.9524344815e-01,-1.4864247470e-08
4.4200000000e+00,5.8096550476e-04,-5.7820901206e-04,-9.9525532467e-01,-1.4827121723e-08
4.4300000000e+00,5.8088291913e-04,-5.7813369992e-04,-9.9526717155e-01,-1.4790080129e-08
4.4400000000e+00,5.8080055141e-04,-5.7805858552e-04,-9.9527898884e-01,-1.4753161994e-08
4.4500000000e+00,5.8071840098e-04,-5.7798366831e-04,-9.9529077663e-01,-1.4716297816e-08
4.4600000000e+00,5.8063646725e-04,-5.7790894775e-04,-9.9530253498e-01,-1.4679573413e-08
4.4700000000e+00,5.8055474961e-04,-5.7783442330e-04,-9.9531426398e-01,-1.4642968138e-08
4.4800000000e+00,5.8047324747e-04,-5.7776009443e-04,-9.9532596369e-01,-1.4606398945e-08
4.4900000000e+00,5.8039196023e-04,-5.7768596059e-04,-9.9533763418e-01,-1.4569900030e-08
4.5000000000e+00,5.8031088729e-04,-5.7761202125e-04,-9.9534927554e-01,-1.4533490264e-08
4.5100000000e+00,5.8023002807e-04,-5.7753827588e-04,-9.9536088783e-01,-1.4497219944e-08
4.5200000000e+00,5.8014938196e-04,-5.7746472395e-04,-9.9537247112e-01,-1.4461037886e-08
4.5300000000e+00,5.8006894839e-04,-5.7739136491e-04,-9.9538402550e-01,-1.4424927659e-08
4.5400000000e+00,5.7998872676e-04,-5.7731819826e-04,-9.9539555102e-01,-1.4388906584e-08
4.5500000000e+00,5.7990871648e-04,-5.7724522345e-04,-9.9540704777e-01,-1.4352984650e-08
4.5600000000e+00,5.7982891698e-04,-5.7717243996e-04,-9.9541851581e-01,-1.4317165191e-08
4.5700000000e+00,5.7974932767e-04,-5.7709984728e-04,-9.9542995521e-01,-1.4281357388e-08
4.5800000000e+00,5.7966994797e-04,-5.7702744486e-04,-9.9544136605e-01,-1.4245732219e-08
4.5900000000e+00,5.7959077729e-04,-5.7695523220e-04,-9.9545274840e-01,-1.4210192537e-08
4.6000000000e+00,5.7951181507e-04,-5.7688320878e-04,-9.9546410234e-01,-1.4174683606e-08
4.6100000000e+00,5.7943306072e-04,-5.7681137407e-04,-9.9547542792e-01,-1.4139284256e-08
4.6200000000e+00,5.7935451368e-04,-5.7673972756e-04,-9.9548672522e-01,-1.4103985823e-08
4.6300000000e+00,5.7927617336e-04,-5.7666826874e-04,-9.9549799431e-01,-1.4068782316e-08
4.6400000000e+00,5.7919803921e-04,-5.7659699709e-04,-9.9550923527e-01,-1.4033627326e-08
4.6500000000e+00,5.7912011065e-04,-5.7652591209e-04,-9.9552044816e-01,-1.3998613000e-08
4.6600000000e+00,5.7904238711e-04,-5.7645501325e-04,-9.9553163305e-01,-1.3963660514e-08
4.6700000000e+00,5.7896486803e-04,-5.7638430004e-04,-9.9554279002e-01,-1.3928787519e-08
4.6800000000e+00,5.7888755284e-04,-5.7631377197e-04,-9.9555391913e-01,-1.3894021662e-08
4.6900000000e+00,5.7881044099e-04,-5.7624342852e-04,-9.9556502045e-01,-1.3859311426e-08
4.7000000000e+00,5.7873353191e-04,-5.7617326919e-04,-9.9557609405e-01,-1.3824706440e-08
4.7100000000e+00,5.7865682504e-04,-5.7610329348e-04,-9.9558714000e-01,-1.3790181169e-08
4.7200000000e+00,5.7858031983e-04,-5.7603350089e-04,-9.9559815837e-01,-1.3755768472e-08
4.7300000000e+00,5.7850401572e-04,-5.7596389092e-04,-9.9560914923e-01,-1.3721427720e-08
4.7400000000e+00,5.7842791216e-04,-5.7589446306e-04,-9.9562011265e-01,-1.3687136259e-08
4.7500000000e+00,5.7835200859e-04,-5.7582521682e-04,-9.9563104869e-01,-1.3652978250e-08
4.7600000000e+00,5.7827630447e-04,-5.7575615171e-04,-9.9564195743e-01,-1.3618879526e-08
4.7700000000e+00,5.7820079924e-04,-5.7568726723e-04,-9.9565283893e-01,-1.3584875724e-08
4.7800000000e+00,5.7812549236e-04,-5.7561856289e-04,-9.9566369325e-01,-1.3550981059e-08
4.7900000000e+00,5.7805038329e-04,-5.7555003820e-04,-9.9567452048e-01,-1.3517099160e-08
4.8000000000e+00,5.7797547148e-04,-5.7548169266e-04,-9.9568532068e-01,-1.3483380355e-08
4.8100000000e+00,5.7790075638e-04,-5.7541352579e-04,-9.9569609390e-01,-1.3449735490e-08
4.8200000000e+00,5.7782623746e-04,-5.7534553710e-04,-9.9570684023e-01,-1.3416101393e-08
4.8300000000e+00,5.7775191418e-04,-5.7527772611e-04,-9.9571755972e-01,-1.3382622174e-08
4.8400000000e+00,5.7767778600e-04,-5.7521009233e-04,-9.9572825245e-01,-1.3349205125e-08
4.8500000000e+00,5.7760385238e-04,-5.7514263528e-04,-9.9573891848e-01,-1.3315876341e-08
4.8600000000e+00,5.7753011280e-04,-5.7507535448e-04,-9.9574955788e-01,-1.3282651474e-08
4.8700000000e+00,5.7745656671e-04,-5.7500824944e-04,-9.9576017072e-01,-1.3249489332e-08
4.8800000000e+00,5.7738321358e-04,-5.7494131970e-04,-9.9577075705e-01,-1.3216385035e-08
4.8900000000e+00,5.7731005290e-04,-5.7487456476e-04,-9.9578131695e-01,-1.3183368335e-08
4.9000000000e+00,5.7723708412e-04,-5.7480798416e-04,-9.9579185049e-01,-1.3150462877e-08
4.9100000000e+00,5.7716430672e-04,-5.7474157743e-04,-9.9580235772e-01,-1.3117641464e-08
4.9200000000e+00,5.7709172019e-04,-5.7467534408e-04,-9.9581283872e-01,-1.3084917195e-08
4.9300000000e+00,5.7701932398e-04,-5.7460928365e-04,-9.9582329355e-01,-1.3052210580e-08
4.9400000000e+00,5.7694711759e-04,-5.7454339567e-04,-9.9583372227e-01,-1.3019616985e-08
4.9500000000e+00,5.7687510049e-04,-5.7447767966e-04,-9.9584412496e-01,-1.2987143515e-08
4.9600000000e+00,5.7680327217e-04,-5.7441213517e-04,-9.9585450167e-01,-1.2954707017e-08
4.9700000000e+00,5.7673163210e-04,-5.7434676172e-04,-9.9586485247e-01,-1.2922316037e-08
4.9800000000e+00,5.7666017978e-04,-5.7428155885e-04,-9.9587517743e-01,-1.2890025422e-08
4.9900000000e+00,5.7658891468e-04,-5.7421652610e-04,-9.9588547661e-01,-1.2857893902e-08
5.0000000000e+00,5.7651783629e-04,-5.7415166300e-04,-9.9589575007e-01,-1.5403771082e-05
