N,a,z2
-20.0,2.061153622438558e-09,8.496708510583178e-20
-19.993,2.0756323140951528e-09,8.616499006631998e-20
-19.986,2.090212712150431e-09,8.737978364070522e-20
-19.979,2.10489553104683e-09,8.861170393241833e-20
-19.972,2.1196814902453973e-09,8.986099240177898e-20
-19.965,2.1345713142611083e-09,9.11278939133279e-20
-19.958,2.1495657326983106e-09,9.24126567838165e-20
-19.951,2.1646654802865005e-09,9.371553283087972e-20
-19.944,2.1798712969163466e-09,9.50367774223951e-20
-19.937,2.1951839276758903e-09,9.637664952653097e-20
-19.93,2.2106041228871184e-09,9.773541176251051e-20
-19.923,2.2261326381426737e-09,9.91133304520812e-20
-19.916,2.2417702343429027e-09,1.0051067567171667e-19
-19.909,2.2575176777331643e-09,1.0192772130555478e-19
-19.902,2.273375739941319e-09,1.0336474509907478e-19
-19.895,2.2893451980156043e-09,1.0482202871354213e-19
-19.888,2.305426834462645e-09,1.0629985778120902e-19
-19.881,2.3216214372858607e-09,1.0779852196130531e-19
-19.874,2.3379298000240217e-09,1.0931831499680725e-19
-19.867,2.3543527217901574e-09,1.1085953477201443e-19
-19.86,2.370891007310736e-09,1.1242248337093833e-19
-19.853,2.387545466965042e-09,1.1400746713650642e-19
-19.846,2.404316916824946e-09,1.1561479673061227e-19
-19.839,2.421206178694839e-09,1.172447871950013e-19
-19.832,2.4382140801519233e-09,1.1889775801302178e-19
-19.825,2.4553414545867905e-09,1.2057403317224752e-19
-19.818,2.4725891412441974e-09,1.2227394122797435e-19
-19.811,2.489957985264259e-09,1.2399781536762495e-19
-19.804,2.507448837723798e-09,1.2574599347604854e-19
-19.797,2.5250625556780766e-09,1.2751881820175e-19
-19.79,2.542800002202816e-09,1.293166370240528e-19
-19.783,2.560662046436427e-09,1.311398023211998e-19
-19.776,2.578649563622669e-09,1.3298867143942762e-19
-19.769,2.596763435153474e-09,1.3486360676300142e-19
-19.762,2.6150045486121625e-09,1.36764975785246e-19
-19.755,2.633373797816962e-09,1.386931511805786e-19
-19.748,2.65187208286474e-09,1.406485108775475e-19
-19.741,2.670500310175184e-09,1.426314381329151e-19
-19.734,2.689259392535141e-09,1.446423216067695e-19
-19.727,2.7081502491434186e-09,1.466815554387112e-19
-19.72,2.7271738056557604e-09,1.4874953932509845e-19
-19.713,2.7463309942302327e-09,1.5084667859739238e-19
-19.706,2.7656227535729283e-09,1.5297338430160612e-19
-19.699,2.785050028983895e-09,1.551300732788639e-19
-19.692,2.8046137724035345e-09,1.573171682471117e-19
-19.685,2.8243149424591792e-09,1.5953509788396393e-19
-19.678,2.844154504512094e-09,1.6178429691072873e-19
-19.671,2.8641334307048086e-09,1.6406520617761793e-19
-19.664,2.884252700008684e-09,1.663782727501477e-19
-19.657,2.9045132982719615e-09,1.6872394999677338e-19
-19.65,2.9249162182680004e-09,1.7110269767774364e-19
-19.643,2.945462459743952e-09,1.7351498203521784e-19
-19.636,2.9661530294697803e-09,1.7596127588465511e-19
-19.629,2.9869889412875208e-09,1.784420587074789e-19
-19.622,3.0079712161610427e-09,1.8095781674506687e-19
-19.615,3.0291008822260026e-09,1.8350904309404697e-19
-19.608,3.050378974840254e-09,1.860962378029496e-19
-19.601,3.0718065366346147e-09,1.8871990797022292e-19
-19.594,3.0933846175638776e-09,1.9138056784361635e-19
-19.587,3.1151142749583483e-09,1.9407873892098553e-19
-19.58,3.136996573575575e-09,1.9681495005249798e-19
-19.573,3.1590325856525577e-09,1.995897375442937e-19
-19.566,3.1812233909583192e-09,2.0240364526360695e-19
-19.559,3.2035700768467373e-09,2.052572247453562e-19
-19.552,3.2260737383099144e-09,2.0815103530025812e-19
-19.545,3.2487354780317417e-09,2.110856441244426e-19
-19.538,3.2715564064420234e-09,2.1406162641063693e-19
-19.531,3.2945376417708054e-09,2.170795654608948e-19
-19.524,3.3176803101032053e-09,2.2014005280093e-19
-19.517,3.3409855454346263e-09,2.2324368829606215e-19
-19.51,3.364454489726238e-09,2.263910802687808e-19
-19.503,3.3880882929610304e-09,2.2958284561799177e-19
-19.496,3.4118881132000793e-09,2.3281960993991994e-19
-19.489,3.435855116639326e-09,2.3610200765073275e-19
-19.482,3.4599904776667586e-09,2.394306821108929e-19
-19.475,3.484295378919872e-09,2.4280628575124744e-19
-19.468,3.5087710113437154e-09,2.4622948020092e-19
-19.461,3.5334185742491627e-09,2.497009364169797e-19
-19.454,3.5582392753717148e-09,2.5322133481595656e-19
-19.447,3.5832343309307183e-09,2.5679136540721024e-19
-19.44,3.6084049656888712e-09,2.604117279281621e-19
-19.433,3.6337524130123386e-09,2.6408313198145985e-19
-19.426,3.6592779149310985e-09,2.6780629717404975e-19
-19.419,3.6849827221998384e-09,2.7158195325822663e-19
-19.412,3.710868094359284e-09,2.754108402746741e-19
-19.405,3.736935299797824e-09,2.79293708697501e-19
-19.398,3.763185615813767e-09,2.8323131958135276e-19
-19.391,3.7896203286778374e-09,2.872244447105664e-19
-19.384,3.81624073369624e-09,2.912738667504484e-19
-19.377,3.843048135274175e-09,2.9538037940068625e-19
-19.37,3.870043846979656e-09,2.9954478755090185e-19
-19.363,3.897229191607985e-09,3.037679074384286e-19
-19.356,3.924605501246461e-09,3.0805056680827966e-19
-19.349,3.952174117339762e-09,3.1239360507540645e-19
-19.342,3.979936390755577e-09,3.1679787348921056e-19
-19.335,4.007893681850845e-09,3.212642353003985e-19
-19.328,4.036047360538453e-09,3.2579356593018826e-19
-19.321,4.06439880635426e-09,3.3038675314187863e-19
-19.314,4.092949408524812e-09,3.3504469721487216e-19
-19.307,4.121700566035315e-09,3.397683111211167e-19
-19.3,4.1506536876982236e-09,3.445585207040573e-19
-19.293,4.179810192222322e-09,3.494162648601121e-19
-19.286,4.209171508282136e-09,3.5434249572268227e-19
-19.279,4.238739074588057e-09,3.5933817884879243e-19
-19.272,4.268514339956736e-09,3.644042934083258e-19
-19.265,4.298498763382117e-09,3.695418323759518e-19
-19.258,4.328693814106978e-09,3.747518027257604e-19
-19.251,4.359100971694817e-09,3.8003522562861393e-19
-19.244,4.389721726102469e-09,3.853931366523208e-19
-19.237,4.420557577753011e-09,3.908265859645914e-19
-19.23,4.45161003760933e-09,3.9633663853888277e-19
-19.223,4.482880627248201e-09,4.0192437436314446e-19
-19.216,4.514370878934742e-09,4.075908886514807e-19
-19.209,4.546082335697619e-09,4.1333729205883846e-19
-19.201999999999998,4.578016551404542e-09,4.1916471089867867e-19
-19.195,4.610175090838454e-09,4.2507428736374702e-19
-19.188,4.6425595297742545e-09,4.310671797499549e-19
-19.181,4.675171455055897e-09,4.371445626833895e-19
-19.174,4.70801246467428e-09,4.433076273505678e-19
-19.167,4.741084167845411e-09,4.495575817318884e-19
-19.16,4.774388185089398e-09,4.558956508384247e-19
-19.153,4.80792614830973e-09,4.623230769520087e-19
-19.146,4.8416997008733e-09,4.688411198687321e-19
-19.139,4.8757104976909754e-09,4.754510571458796e-19
-19.132,4.9099602052985694e-09,4.821541843523114e-19
-19.125,4.944450501938644e-09,4.889518153224262e-19
-19.118,4.979183077642617e-09,4.958452824136522e-19
-19.111,5.0141596343136305e-09,5.02835936767604e-19
-19.104,5.049381885809995e-09,5.09925148574922e-19
-19.097,5.084851558029044e-09,5.17114307343808e-19
-19.09,5.12057038899185e-09,5.24404822172403e-19
-19.083,5.1565401289282606e-09,5.3179812202494965e-19
-19.076,5.192762540362708e-09,5.392956560118834e-19
-19.069,5.22923939820064e-09,5.468988936738759e-19
-19.062,5.26597248981535e-09,5.546093252698414e-19
-19.055,5.302963615135715e-09,5.62428462069065e-19
-19.048,5.340214586734257e-09,5.703578366473866e-19
-19.041,5.377727229916021e-09,5.783990031876049e-19
-19.034,5.415503382808064e-09,5.865535377841117e-19
-19.027,5.4535448964494e-09,5.948230387517859e-19
-19.02,5.491853634881847e-09,6.03209126939299e-19
-19.013,5.530431475241213e-09,6.117134460467739e-19
-19.006,5.569280307849435e-09,6.203376629479899e-19
-18.999,5.6084020363070635e-09,6.290834680170644e-19
-18.992,5.647798577586601e-09,6.379525754597847e-19
-18.985,5.6874718621264915e-09,6.469467236496116e-19
-18.978,5.727423833925577e-09,6.560676754683752e-19
-18.971,5.767656450638509e-09,6.6531721865184e-19
-18.964,5.808171683671536e-09,6.746971661400768e-19
-18.957,5.848971518279162e-09,6.842093564328169e-19
-18.95,5.890057953661489e-09,6.938556539498194e-19
-18.943,5.9314330030620284e-09,7.036379493962687e-19
-18.936,5.973098693866522e-09,7.13558160133399e-19
-18.929,6.0150570677021345e-09,7.23618230554268e-19
-18.922,6.057310180537557e-09,7.338201324648787e-19
-18.915,6.099860102783817e-09,7.44165865470676e-19
-18.908,6.142708919395574e-09,7.546574573684387e-19
-18.901,6.185858729973458e-09,7.652969645437769e-19
-18.894,6.2293116488668014e-09,7.760864723741526e-19
-18.887,6.2730698052773e-09,7.870280956376356e-19
-18.88,6.317135343363417e-09,7.9812397892742475e-19
-18.873,6.361510422345294e-09,8.093762970721559e-19
-18.866,6.406197216610721e-09,8.207872555622189e-19
-18.859,6.451197915821515e-09,8.323590909819972e-19
-18.852,6.496514725020987e-09,8.440940714482902e-19
-18.845,6.5421498647418315e-09,8.559944970548313e-19
-18.838,6.5881055711150025e-09,8.680627003231307e-19
-18.831,6.634384095979353e-09,8.803010466596755e-19
-18.824,6.680987706991815e-09,8.92711934819515e-19
-18.817,6.727918687738701e-09,9.052977973764727e-19
-18.81,6.775179337847431e-09,9.180611011998951e-19
-18.803,6.822771973099295e-09,9.31004347938185e-19
-18.796,6.870698925542991e-09,9.441300745091523e-19
-18.789,6.918962543608727e-09,9.574408535972111e-19
-18.782,6.9675651922234975e-09,9.709392941576893e-19
-18.775,7.016509252926782e-09,9.84628041928143e-19
-18.768,7.065797123987324e-09,9.985097799469509e-19
-18.761,7.115431220520717e-09,1.0125872290792189e-18
-18.754,7.165413974607572e-09,1.0268631485500298e-18
-18.747,7.2157478354128905e-09,1.0413403364853163e-18
-18.74,7.266435269305897e-09,1.0560216304602531e-18
-18.733,7.3174787599809696e-09,1.0709099080554525e-18
-18.726,7.3688808085794145e-09,1.086008087421e-18
-18.719,7.420643933811846e-09,1.101319127848371e-18
-18.712,7.47277067208181e-09,1.1168460303505206e-18
-18.705,7.525263577609886e-09,1.1325918382500388e-18
-18.698,7.578125222558921e-09,1.148559637775674e-18
-18.691,7.631358197160146e-09,1.164752558667267e-18
-18.684,7.684965109839915e-09,1.1811737747891364e-18
-18.677,7.73894858734773e-09,1.1978265047522287e-18
-18.67,7.793311274884734e-09,1.2147140125449103e-18
-18.663,7.848055836233551e-09,1.2318396081727901e-18
-18.656,7.903184953888609e-09,1.249206648307426e-18
-18.649,7.95870132918768e-09,1.2668185369442747e-18
-18.642,8.014607682444314e-09,1.2846787260699084e-18
-18.635,8.07090675308095e-09,1.3027907163385539e-18
-18.628,8.127601299763375e-09,1.3211580577583063e-18
-18.621,8.184694100535687e-09,1.3397843503868737e-18
-18.614,8.24218795295652e-09,1.3586732450372318e-18
-18.607,8.300085674236205e-09,1.3778284439932216e-18
-18.6,8.358390101374608e-09,1.3972537017351407e-18
-18.593,8.417104091300386e-09,1.4169528256757142e-18
-18.586,8.476230521010765e-09,1.4369296769062884e-18
-18.579,8.535772287712596e-09,1.4571881709536465e-18
-18.572,8.595732308964425e-09,1.4777322785474977e-18
-18.565,8.656113522819228e-09,1.4985660263986781e-18
-18.558,8.716918887968625e-09,1.5196934979884834e-18
-18.551,8.778151383887648e-09,1.5411188343689725e-18
-18.544,8.839814010980813e-09,1.562846234974654e-18
-18.537,8.901909790729251e-09,1.584879958445626e-18
-18.53,8.96444176583853e-09,1.6072243234622043e-18
-18.523,9.027413000388005e-09,1.6298837095914875e-18
-18.516,9.090826579980736e-09,1.6528625581456852e-18
-18.509,9.154685611894782e-09,1.6761653730526666e-18
-18.502,9.218993225235544e-09,1.6997967217387771e-18
-18.495,9.28375257108888e-09,1.7237612360239881e-18
-18.488,9.348966822675761e-09,1.748063613029842e-18
-18.481,9.414639175507494e-09,1.7727086161000085e-18
-18.474,9.480772847542576e-09,1.797701075734011e-18
-18.467,9.547371079344136e-09,1.823045890533936e-18
-18.46,9.614437134238822e-09,1.848748028164608e-18
-18.453,9.681974298476812e-09,1.8748125263273112e-18
-18.446,9.749985881392597e-09,1.9012444937470996e-18
-18.439,9.818475215567418e-09,1.9280491111742333e-18
-18.432,9.88744565699232e-09,1.955231632399526e-18
-18.425,9.956900585232694e-09,1.9827973852841434e-18
-18.418,1.0026843403593993e-08,2.0107517728039275e-18
-18.411,1.009727753928824e-08,2.0391002741082958e-18
-18.404,1.016820644360225e-08,2.0678484455942865e-18
-18.397,1.0239633592066488e-08,2.097001921995529e-18
-18.39,1.0311562484625483e-08,2.1265664174867133e-18
-18.383,1.0383996645809437e-08,2.1565477268036327e-18
-18.376,1.0456939624906666e-08,2.1869517263788633e-18
-18.369,1.0530394996137817e-08,2.2177843754936875e-18
-18.362,1.0604366358830737e-08,2.2490517174460215e-18
-18.355,1.0678857337596964e-08,2.2807598807349702e-18
-18.348,1.0753871582509435e-08,2.31291508026208e-18
-18.341,1.0829412769281084e-08,2.345523618549364e-18
-18.334,1.0905484599445256e-08,2.378591886974753e-18
-18.326999999999998,1.0982090800536812e-08,2.4121263670247057e-18
-18.32,1.105923512627489e-08,2.4461336315646474e-18
-18.313,1.1136921356746966e-08,2.4806203461273334e-18
-18.306,1.12151532985938e-08,2.515593270219188e-18
-18.299,1.1293934785196275e-08,2.551059258645329e-18
-18.292,1.1373269676862915e-08,2.5870252628529895e-18
-18.285,1.1453161861019367e-08,2.6234983322941723e-18
-18.278,1.15336152523986e-08,2.6604856158072326e-18
-18.271,1.1614633793232848e-08,2.697994363018129e-18
-18.264,1.1696221453446903e-08,2.7360319257614316e-18
-18.257,1.1778382230852359e-08,2.774605759521172e-18
-18.25,1.186112015134383e-08,2.8137234248922936e-18
-18.243,1.1944439269095934e-08,2.85339258906242e-18
-18.236,1.2028343666762067e-08,2.8936210273147028e-18
-18.229,1.211283745567459e-08,2.934416624551866e-18
-18.222,1.2197924776045978e-08,2.9757873768415266e-18
-18.215,1.2283609797172042e-08,3.01774139298362e-18
-18.208,1.2369896717635917e-08,3.0602868960995966e-18
-18.201,1.2456789765513927e-08,3.1034322252442502e-18
-18.194,1.254429319858289e-08,3.1471858370402592e-18
-18.187,1.2632411304528447e-08,3.1915563073355625e-18
-18.18,1.2721148401155511e-08,3.2365523328844285e-18
-18.173000000000002,1.281050883659948e-08,3.2821827330518674e-18
-18.166,1.2900496989539662e-08,3.328456451542438e-18
-18.159,1.299111726941351e-08,3.3753825581530786e-18
-18.152,1.3082374116632821e-08,3.4229702505508877e-18
-18.145,1.3174272002801466e-08,3.471228856075971e-18
-18.137999999999998,1.3266815430934204e-08,3.520167833569478e-18
-18.131,1.3360008935677482e-08,3.5697967752276436e-18
-18.124,1.3453857083531777e-08,3.620125408481963e-18
-18.117,1.3548364473075013e-08,3.6711635979056235e-18
-18.11,1.3643535735188285e-08,3.722921347147195e-18
-18.103,1.3739375533282382e-08,3.775408800891171e-18
-18.096,1.3835888563526682e-08,3.828636246846569e-18
-18.089,1.393307955507893e-08,3.8826141177631694e-18
-18.082,1.4030953270317108e-08,3.937352993476448e-18
-18.075,1.4129514505072949e-08,3.992863602981337e-18
-18.068,1.4228768088866571e-08,4.049156826534953e-18
-18.061,1.4328718885143542e-08,4.106243697789384e-18
-18.054,1.4429371791512828e-08,4.1641354059541226e-18
-18.047,1.4530731739986928e-08,4.222843297989271e-18
-18.04,1.4632803697223702e-08,4.282378880829673e-18
-18.033,1.4735592664769371e-08,4.342753823640098e-18
-18.026,1.4839103679304019e-08,4.403979960102681e-18
-18.019,1.4943341812888013e-08,4.466069290736144e-18
-18.012,1.5048312173210707e-08,4.529033985248031e-18
-18.005,1.5154019903840864e-08,4.5928863849201015e-18
-17.998,1.5260470184478323e-08,4.657639005027038e-18
-17.991,1.536766823120825e-08,4.7233045372897464e-18
-17.984,1.5475619296756266e-08,4.7898958523626985e-18
-17.977,1.55843286707463e-08,4.8574260023569034e-18
-17.97,1.5693801679959372e-08,4.925908223397913e-18
-17.963,1.5804043688594777e-08,4.995355938220248e-18
-17.956,1.591506009853311e-08,5.065782758798414e-18
-17.948999999999998,1.6026856349600616e-08,5.1372024890146715e-18
-17.942,1.6139437919835906e-08,5.209629127364743e-18
-17.935,1.6252810325758564e-08,5.283076869701684e-18
-17.928,1.636697912263905e-08,5.357560112018049e-18
-17.921,1.6481949904771364e-08,5.4330934532678554e-18
-17.914,1.6597728305746727e-08,5.509691698227723e-18
-17.907,1.6714319998730062e-08,5.587369860398954e-18
-17.9,1.6831730696737596e-08,5.666143164949974e-18
-17.893,1.6949966152916968e-08,5.746027051700616e-18
-17.886,1.70690321608293e-08,5.8270371781485e-18
-17.879,1.718893455473269e-08,5.909189422537671e-18
-17.872,1.7309679209868547e-08,5.9924998869711084e-18
-17.865,1.743127204274907e-08,6.076984900566508e-18
-17.858,1.7553719011447342e-08,6.1626610226569566e-18
-17.851,1.7677026115889448e-08,6.249545046036752e-18
-17.844,1.7801199398148054e-08,6.337654000252533e-18
-17.837,1.792624494273896e-08,6.4270051549414835e-18
-17.83,1.805216887691881e-08,6.517616023215923e-18
-17.823,1.817897737098551e-08,6.609504365096066e-18
-17.816,1.830667663858077e-08,6.702688190991178e-18
-17.809,1.843527293699412e-08,6.7971857652293565e-18
-17.802,1.8564772567470045e-08,6.893015609637767e-18
-17.795,1.8695181875516218e-08,6.990196507172602e-18
-17.788,1.882650725121496e-08,7.088747505600988e-18
-17.781,1.8958755129535884e-08,7.188687921234063e-18
-17.774,1.9091931990651428e-08,7.290037342713187e-18
-17.767,1.9226044360254564e-08,7.392815634849526e-18
-17.759999999999998,1.936109880987817e-08,7.497042942517318e-18
-17.753,1.9497101957217235e-08,7.602739694602482e-18
-17.746,1.963406046645332e-08,7.709926608006903e-18
-17.739,1.9771981048580645e-08,7.818624691708643e-18
-17.732,1.9910870461735474e-08,7.928855250880204e-18
-17.725,2.0050735511526694e-08,8.040639891063953e-18
-17.718,2.0191583051369877e-08,8.154000522407345e-18
-17.711,2.0333419982822584e-08,8.268959363956976e-18
-17.704,2.0476253255922762e-08,8.38553894801375e-18
-17.697,2.0620089869529514e-08,8.503762124549474e-18
-17.69,2.0764936871665546e-08,8.623652065685106e-18
-17.683,2.0910801359863086e-08,8.745232270233039e-18
-17.676000000000002,2.1057690481511092e-08,8.868526568302457e-18
-17.669,2.1205611434206072e-08,8.993559125970626e-18
-17.662,2.1354571466104222e-08,9.120354450019053e-18
-17.655,2.1504577876276833e-08,9.2489373927371e-18
-17.648,2.1655638015068176e-08,9.37933315679332e-18
-17.641,2.18077592844552e-08,9.511567300174837e-18
-17.634,2.1960949138410455e-08,9.645665741197018e-18
-17.627,2.21152150832676e-08,9.781654763583734e-18
-17.62,2.227056467808864e-08,9.91956102161859e-18
-17.613,2.242700553503496e-08,1.0059411545369775e-17
-17.606,2.2584545319739695e-08,1.0201233745987523e-17
-17.599,2.2743191751683976e-08,1.034505542107732e-17
-17.592,2.290295260457463e-08,1.0490904760147838e-17
-17.585,2.3063835706725335e-08,1.0638810350136371e-17
-17.578,2.3225848941440447e-08,1.0788801181012208e-17
-17.570999999999998,2.3389000247400803e-08,1.0940906651458298e-17
-17.564,2.3553297619052955e-08,1.1095156574633711e-17
-17.557,2.3718749107001157e-08,1.1251581184017364e-17
-17.55,2.388536281840125e-08,1.1410211139333299e-17
-17.543,2.40531469173586e-08,1.1571077532560751e-17
-17.536,2.4222109625327455e-08,1.1734211894027619e-17
-17.529,2.4392259221514486e-08,1.1899646198591171e-17
-17.522,2.4563604043283864e-08,1.2067412871904628e-17
-17.515,2.4736152486566052e-08,1.2237544796772958e-17
-17.508,2.490991300626947e-08,1.241007531959826e-17
-17.501,2.5084894116694173e-08,1.2585038256915158e-17
-17.494,2.526110439194976e-08,1.276246790201967e-17
-17.487000000000002,2.54385524663748e-08,1.2942399031690067e-17
-17.48,2.5617247034960616e-08,1.3124866913003969e-17
-17.473,2.579719685377674e-08,1.3309907310250173e-17
-17.466,2.5978410740400206e-08,1.3497556491938815e-17
-17.459,2.61608975743479e-08,1.3687851237910439e-17
-17.451999999999998,2.6344666297511103e-08,1.3880828846544346e-17
-17.445,2.652972591459393e-08,1.4076527142069536e-17
-17.438,2.671608549355483e-08,1.4274984481978615e-17
-17.431,2.6903754166050273e-08,1.4476239764545347e-17
-17.424,2.7092741127882947e-08,1.46803324364496e-17
-17.417,2.7283055639451606e-08,1.488730250050824e-17
-17.41,2.7474707026205587e-08,1.5097190523516612e-17
-17.403,2.7667704679101097e-08,1.5310037644199055e-17
-17.396,2.786205805506164e-08,1.5525885581272504e-17
-17.389,2.8057776677441718e-08,1.574477664162385e-17
-17.382,2.8254870136492794e-08,1.5966753728601445e-17
-17.375,2.8453348089834e-08,1.6191860350425205e-17
-17.368,2.8653220262924654e-08,1.642014062871352e-17
-17.361,2.8854496449541135e-08,1.665163930713164e-17
-17.354,2.9057186512257055e-08,1.6886401760161866e-17
-17.347,2.9261300382925844e-08,1.7124474001996322e-17
-17.34,2.9466848063168206e-08,1.7365902695556798e-17
-17.333,2.96738396248615e-08,1.761073516164001e-17
-17.326,2.988228521063356e-08,1.7859019388192984e-17
-17.319,3.009219503436e-08,1.8110804039719213e-17
-17.312,3.030357938166397e-08,1.8366138466816196e-17
-17.305,3.051644861042101e-08,1.8625072715849326e-17
-17.298000000000002,3.073081315126569e-08,1.8887657538760083e-17
-17.291,3.094668350810362e-08,1.915394440301465e-17
-17.284,3.116407025862537e-08,1.942398550169077e-17
-17.277,3.138298405482511e-08,1.9697833763708147e-17
-17.27,3.1603435623522874e-08,1.9975542864203094e-17
-17.262999999999998,3.182543576688952e-08,2.0257167235048215e-17
-17.256,3.2048995362976375e-08,2.0542762075521625e-17
-17.249,3.2274125366248614e-08,2.0832383363126644e-17
-17.242,3.250083680812121e-08,2.1126087864562527e-17
-17.235,3.2729140797500406e-08,2.142393314685211e-17
-17.228,3.2959048521327126e-08,2.172597758862392e-17
-17.221,3.3190571245126076e-08,2.2032280391555797e-17
-17.214,3.342372031355693e-08,2.2342901591977567e-17
-17.207,3.365850715097057e-08,2.265790207263874e-17
-17.2,3.389494326196924e-08,2.2977343574642282e-17
-17.193,3.4133040231969454e-08,2.3301288709544908e-17
-17.186,3.4372809727770624e-08,2.3629800971630456e-17
-17.179,3.4614263498125884e-08,2.39629447503538e-17
-17.172,3.485741337431818e-08,2.430078534296192e-17
-17.165,3.5102271270740346e-08,2.4643388967292866e-17
-17.158,3.5348849185478036e-08,2.4990822774753425e-17
-17.151,3.559715920089867e-08,2.53431548634825e-17
-17.144,3.5847213484242564e-08,2.5700454291697236e-17
-17.137,3.6099024288219496e-08,2.6062791091229224e-17
-17.13,3.6352603951609505e-08,2.64302362812515e-17
-17.123,3.660796489986657e-08,2.6802861882197254e-17
-17.116,3.686511964572852e-08,2.718074092987758e-17
-17.109,3.712408078982908e-08,2.756394748979513e-17
-17.102,3.7384861021316404e-08,2.795255667166285e-17
-17.095,3.764747311847387e-08,2.8346644644124256e-17
-17.088,3.7911929949346655e-08,2.874628864968336e-17
-17.081,3.8178244472372644e-08,2.915156701984505e-17
-17.073999999999998,3.844642973701663e-08,2.956255919046713e-17
-17.067,3.871649888441009e-08,2.997934571733056e-17
-17.06,3.898846514799556e-08,3.040200829192929e-17
-17.053,3.92623418541741e-08,3.083062975748063e-17
-17.046,3.953814242295939e-08,3.126529412516442e-17
-17.039,3.98158803686342e-08,3.17060865905878e-17
-17.032,4.0095569300413717e-08,3.2153093550485577e-17
-17.025,4.037722292311143e-08,3.2606402619652705e-17
-17.018,4.066085503781105e-08,3.306610264811768e-17
-17.011,4.094647954254324e-08,3.3532283738558246e-17
-17.004,4.123411043296559e-08,3.400503726396003e-17
-16.997,4.152376180304958e-08,3.448445588552798e-17
-16.99,4.1815447845770135e-08,3.497063357084645e-17
-16.983,4.210918285380158e-08,3.5463665612297947e-17
-16.976,4.240498122021837e-08,3.5963648645741455e-17
-16.969,4.270285743919934e-08,3.647068066945165e-17
-16.962,4.300282610673913e-08,3.698486106332889e-17
-16.955,4.3304901921362306e-08,3.7506290608376175e-17
-16.948,4.360909968484409e-08,3.803507150645338e-17
-16.941,4.3915434302936045e-08,3.857130740030984e-17
-16.934,4.422392078609545e-08,3.911510339389691e-17
-16.927,4.453457425022202e-08,3.9666566072970764e-17
-16.92,4.484740991739733e-08,4.022580352598137e-17
-16.913,4.516244311663198e-08,4.079292536526038e-17
-16.906,4.547968928461562e-08,4.1368042748503624e-17
-16.899,4.5799163966473785e-08,4.1951268400559014e-17
-16.892,4.6120882816530135e-08,4.2542716635522094e-17
-16.884999999999998,4.644486159907253e-08,4.314250337914004e-17
-16.878,4.677111618912597e-08,4.375074619153444e-17
-16.871,4.709966257323098e-08,4.4367564290244305e-17
-16.864,4.7430516850225786e-08,4.499307857359104e-17
-16.857,4.776369523203649e-08,4.562741164437731e-17
-16.85,4.809921404447013e-08,4.6270687833915057e-17
-16.843,4.843708972801599e-08,4.6923033226397434e-17
-16.836,4.877733883864999e-08,4.758457568360946e-17
-16.829,4.911997804864646e-08,4.82554448699902e-17
-16.822,4.946502414739559e-08,4.893577227804858e-17
-16.815,4.981249404222491e-08,4.9625691254133845e-17
-16.808,5.016240475922915e-08,5.03253370245747e-17
-16.801,5.051477344410326e-08,5.10348467221816e-17
-16.794,5.0869617362983144e-08,5.1754359413126326e-17
-16.787,5.122695390329216e-08,5.24840161242004e-17
-16.78,5.158680057459194e-08,5.322395987045439e-17
-16.773,5.1949175009441734e-08,5.3974335683232117e-17
-16.766,5.2314094964261174e-08,5.473529063859473e-17
-16.759,5.2681578320200867e-08,5.550697388614916e-17
-16.752,5.305164308401916e-08,5.628953667828317e-17
-16.745,5.342430738896315e-08,5.708313239980846e-17
-16.738,5.379958949565872e-08,5.788791659802785e-17
-16.731,5.417750779300381e-08,5.870404701321977e-17
-16.724,5.4558080799070974e-08,5.953168360955914e-17
-16.717,5.494132716201348e-08,6.0370988606468e-17
-16.71,5.532726566097959e-08,6.122212651041223e-17
-16.703,5.5715915207033365e-08,6.208526414714664e-17
-16.695999999999998,5.610729484408013e-08,6.296057069441082e-17
-16.689,5.6501423749800206e-08,6.384821771508973e-17
-16.682,5.689832123658924e-08,6.474837919084204e-17
-16.675,5.729800675250309e-08,6.566123155619778e-17
-16.668,5.77004998822124e-08,6.658695373314386e-17
-16.661,5.810582034796067e-08,6.75257271661896e-17
-16.654,5.851398801053222e-08,6.847773585793416e-17
-16.647,5.8925022870223975e-08,6.944316640512837e-17
-16.64,5.93389450678261e-08,7.042220803524967e-17
-16.633,5.975577488560951e-08,7.14150526435928e-17
-16.626,6.017553274831826e-08,7.242189483087847e-17
-16.619,6.059823922417203e-08,7.344293194139961e-17
-16.612000000000002,6.102391502587229e-08,7.447836410169764e-17
-16.605,6.145258101161891e-08,7.552839425979172e-17
-16.598,6.188425818613077e-08,7.659322822495388e-17
-16.591,6.231896770167556e-08,7.767307470804963e-17
-16.584,6.275673085910695e-08,7.876814536244772e-17
-16.576999999999998,6.319756910890704e-08,7.987865482550164e-17
-16.57,6.364150405223805e-08,8.100482076062065e-17
-16.563,6.408855744200147e-08,8.214686389993443e-17
-16.556,6.453875118390238e-08,8.330500808755323e-17
-16.549,6.499210733752469e-08,8.447948032344662e-17
-16.542,6.544864811741016e-08,8.567051080793153e-17
-16.535,6.590839589414882e-08,8.687833298679708e-17
-16.528,6.63713731954735e-08,8.810318359705635e-17
-16.521,6.683760270736433e-08,8.93453027133495e-17
-16.514,6.730710727516118e-08,9.060493379500111e-17
-16.507,6.777990990468132e-08,9.188232373373436e-17
-16.5,6.82560337633487e-08,9.317772290206795e-17
-16.493,6.87355021813274e-08,9.449138520238525e-17
-16.486,6.921833865266557e-08,9.582356811670193e-17
-16.479,6.970456683644743e-08,9.717453275713534e-17
-16.472,7.019421055795079e-08,9.85445439170786e-17
-16.465,7.068729380981644e-08,9.993387012310629e-17
-16.458,7.118384075322216e-08,1.0134278368760183e-16
-16.451,7.168387571906724e-08,1.0277156076213355e-16
-16.444,7.218742320916558e-08,1.0422048139158357e-16
-16.437,7.269450789744445e-08,1.0568982956903225e-16
-16.43,7.320515463115553e-08,1.0717989329142783e-16
-16.423000000000002,7.371938843209042e-08,1.0869096461602856e-16
-16.416,7.42372344978088e-08,1.1022333971765306e-16
-16.409,7.475871820287123e-08,1.117773189467262e-16
-16.402,7.528386510008334e-08,1.1335320688815092e-16
-16.395,7.58127009217487e-08,1.149513124210103e-16
-16.387999999999998,7.634525158092808e-08,1.1657194877910405e-16
-16.381,7.688154317271011e-08,1.1821543361234575e-16
-16.374,7.742160197549061e-08,1.1988208904902584e-16
-16.367,7.796545445225844e-08,1.2157224175894368e-16
-16.36,7.851312725189432e-08,1.23286223017443e-16
-16.353,7.906464721047446e-08,1.2502436877033574e-16
-16.346,7.962004135258772e-08,1.2678701969975557e-16
-16.339,8.017933689265793e-08,1.2857452129092676e-16
-16.332,8.074256123627819e-08,1.3038722389988268e-16
-16.325,8.130974198155457e-08,1.3222548282213957e-16
-16.318,8.188090692045651e-08,1.3408965836232926e-16
-16.311,8.245608404018087e-08,1.359801159048274e-16
-16.304,8.303530152452132e-08,1.3789722598536346e-16
-16.297,8.361858775525018e-08,1.398413643636495e-16
-16.29,8.420597131351006e-08,1.4181291209703358e-16
-16.283,8.479748098121224e-08,1.4381225561518105e-16
-16.276,8.539314574244939e-08,1.4583978679582406e-16
-16.269,8.59929947849137e-08,1.4789590304156388e-16
-16.262,8.659705750132795e-08,1.49981007357766e-16
-16.255,8.720536349088673e-08,1.5209550843155363e-16
-16.248,8.781794256070462e-08,1.5423982071190432e-16
-16.241,8.843482472727924e-08,1.56414364490892e-16
-16.234,8.905604021795954e-08,1.5861956598605654e-16
-16.227,8.968161947242949e-08,1.608558574239529e-16
-16.22,9.031159314419742e-08,1.6312367712486092e-16
-16.213,9.094599210209898e-08,1.6542346958870101e-16
-16.206,9.158484743181066e-08,1.6775568558216071e-16
-16.198999999999998,9.222819043737114e-08,1.7012078222703995e-16
-16.192,9.287605264271606e-08,1.725192230898513e-16
-16.185,9.35284657932238e-08,1.7495147827268466e-16
-16.178,9.41854618572686e-08,1.7741802450533998e-16
-16.171,9.48470730277897e-08,1.7991934523877744e-16
-16.164,9.551333172386616e-08,1.82455930739866e-16
-16.157,9.61842705923081e-08,1.850282781874869e-16
-16.15,9.685992250925397e-08,1.8763689176997372e-16
-16.143,9.754032058178254e-08,1.902822827839382e-16
-16.136,9.822549814953618e-08,1.929649697344907e-16
-16.129,9.891548878635211e-08,1.95685478436859e-16
-16.122,9.96103263019103e-08,1.9844434211946088e-16
-16.115,1.0031004474338768e-07,2.012421015284088e-16
-16.108,1.0101467839712754e-07,2.040793050335021e-16
-16.101,1.017242617903206e-07,2.0695650873571358e-16
-16.094,1.0243882969269438e-07,2.0987427657617687e-16
-16.087,1.0315841711821981e-07,2.1283318044673254e-16
-16.08,1.0388305932682435e-07,2.1583380030201015e-16
-16.073,1.0461279182612084e-07,2.188767242731059e-16
-16.066,1.0534765037314848e-07,2.219625487828626e-16
-16.059,1.0608767097612238e-07,2.2509187866276e-16
-16.052,1.0683288989620089e-07,2.2826532727147564e-16
-16.045,1.0758334364925945e-07,2.314835166150931e-16
-16.038,1.0833906900768288e-07,2.3474707746902947e-16
-16.031,1.0910010300216457e-07,2.380566495016584e-16
-16.024,1.0986648292352211e-07,2.414128813996915e-16
-16.017,1.106382463245258e-07,2.4481643099532893e-16
-16.009999999999998,1.1141543102173629e-07,2.4826796539518555e-16
-16.003,1.1219807509735886e-07,2.5176816111105155e-16
-15.995999999999999,1.129862169011106e-07,2.553177041924962e-16
-15.989,1.1377989505209677e-07,2.5891729036132306e-16
-15.982,1.1457914844070642e-07,2.625676251479487e-16
-15.975,1.1538401623051486e-07,2.662694240296743e-16
-15.968,1.1619453786020505e-07,2.700234125709325e-16
-15.961,1.1701075304549903e-07,2.738303265654952e-16
-15.954,1.1783270178110417e-07,2.776909121806926e-16
-15.947,1.186604243426732e-07,2.816059261036654e-16
-15.94,1.1949396128877681e-07,2.855761356896739e-16
-15.933,1.2033335346289237e-07,2.896023191125078e-16
-15.926,1.2117864199540434e-07,2.9368526551700747e-16
-15.919,1.2202986830561998e-07,2.978257751737391e-16
-15.911999999999999,1.2288707410379898e-07,3.020246596358516e-16
-15.905000000000001,1.237503013931963e-07,3.062827418981385e-16
-15.898,1.2461959247212276e-07,3.1060085655835907e-16
-15.891,1.2549498993601446e-07,3.1497984998080743e-16
-15.884,1.2637653667952255e-07,3.1942058046221423e-16
-15.876999999999999,1.2726427589861404e-07,3.239239183999711e-16
-15.870000000000001,1.2815825109268757e-07,3.284907464627271e-16
-15.863,1.2905850606670752e-07,3.331219597634076e-16
-15.856,1.2996508493334698e-07,3.3781846603464188e-16
-15.849,1.3087803211515206e-07,3.4258118580669554e-16
-15.841999999999999,1.3179739234671758e-07,3.474110525878922e-16
-15.835,1.3272321067687812e-07,3.5230901304757954e-16
-15.828,1.3365553247091806e-07,3.5727602720169263e-16
-15.821,1.3459440341279113e-07,3.623130686009032e-16
-15.814,1.3553986950736155e-07,3.67421124521452e-16
-15.806999999999999,1.364919770826574e-07,3.7260119615865337e-16
-15.8,1.374507727921396e-07,3.778542988231277e-16
-15.793,1.3841630361699076e-07,3.831814621398194e-16
-15.786,1.3938861686841377e-07,3.8858373024978883e-16
-15.779,1.4036776018995273e-07,3.940621620148816e-16
-15.772,1.4135378155982627e-07,3.9961783122526164e-16
-15.765,1.4234672929327883e-07,4.052518268098801e-16
-15.758,1.4334665204494825e-07,4.1096525304990933e-16
-15.751000000000001,1.4435359881124868e-07,4.167592297951788e-16
-15.744,1.453676189327742e-07,4.22634892683685e-16
-15.737,1.4638876209671286e-07,4.2859339336415996e-16
-15.73,1.4741707833928423e-07,4.346358997218133e-16
-15.722999999999999,1.4845261804819025e-07,4.4076359610723726e-16
-15.716000000000001,1.4949543196508303e-07,4.469776835685354e-16
-15.709,1.5054557118805424e-07,4.532793800867502e-16
-15.702,1.516030871741351e-07,4.596699208145682e-16
-15.695,1.526680317418208e-07,4.66150558318432e-16
-15.687999999999999,1.537404570736085e-07,4.727225628240411e-16
-15.681000000000001,1.5482041571855322e-07,4.793872224653128e-16
-15.674,1.559079605948457e-07,4.861458435368792e-16
-15.667,1.5700314499240173e-07,4.929997507501025e-16
-15.66,1.5810602257547612e-07,4.999502874927393e-16
-15.652999999999999,1.5921664738529144e-07,5.069988160922447e-16
-15.646,1.6033507384268472e-07,5.141467180827832e-16
-15.639,1.6146135675077727e-07,5.213953944760354e-16
-15.632,1.6259555129765613e-07,5.287462660357745e-16
-15.625,1.6373771305908126e-07,5.362007735563607e-16
-15.618,1.6488789800120754e-07,5.437603781451324e-16
-15.611,1.6604616248332725e-07,5.514265615087903e-16
-15.604,1.6721256326063207e-07,5.592008262438176e-16
-15.597,1.6838715748699286e-07,5.670846961309867e-16
-15.59,1.6957000271776204e-07,5.750797164340365e-16
-15.583,1.7076115691259257e-07,5.831874542025413e-16
-15.576,1.7196067843827834e-07,5.914094985790592e-16
-15.568999999999999,1.7316862607161439e-07,5.997474611106121e-16
-15.562000000000001,1.7438505900227557e-07,6.082029760645426e-16
-15.555,1.7561003683572007e-07,6.167777007488593e-16
-15.548,1.768436195961059e-07,6.254733158370443e-16
-15.541,1.7808586772923548e-07,6.342915256974952e-16
-15.533999999999999,1.7933684210551616e-07,6.432340587275768e-16
-15.527000000000001,1.8059660402294176e-07,6.523026676923844e-16
-15.52,1.8186521521009957e-07,6.614991300683166e-16
-15.513,1.8314273782919058e-07,6.708252483914327e-16
-15.506,1.844292344790791e-07,6.802828506107828e-16
-15.498999999999999,1.8572476819835871e-07,6.898737904466815e-16
-15.492,1.8702940246843985e-07,6.995999477540331e-16
-15.485,1.8834320121666414e-07,7.094632288908168e-16
-15.478,1.8966622881943212e-07,7.194655670917037e-16
-15.471,1.9099855010536135e-07,7.296089228470046e-16
-15.463999999999999,1.923402303584618e-07,7.39895284286923e-16
-15.457,1.9369133532133326e-07,7.503266675712233e-16
-15.45,1.950519311983906e-07,7.609051172844341e-16
-15.443,1.9642208465910304e-07,7.716327068365569e-16
-15.436,1.9780186284126462e-07,7.825115388694891e-16
-15.429,1.9919133335428235e-07,7.935437456691368e-16
-15.422,2.0059056428248936e-07,8.0473148958335e-16
-15.415,2.0199962418848145e-07,8.160769634457549e-16
-15.408,2.0341858211647526e-07,8.275823910055437e-16
-15.401,2.0484750759569352e-07,8.392500273633543e-16
-15.394,2.062864706437706e-07,8.510821594132645e-16
-15.387,2.0773554177018377e-07,8.630811062910354e-16
-15.379999999999999,2.0919479197970853e-07,8.752492198286706e-16
-15.373000000000001,2.10664292775896e-07,8.875888850153687e-16
-15.366,2.1214411616458075e-07,9.001025204650226e-16
-15.359,2.1363433465740375e-07,9.127925788902316e-16
-15.352,2.1513502127536972e-07,9.256615475830756e-16
-15.344999999999999,2.1664624955242353e-07,9.387119489026194e-16
-15.338000000000001,2.1816809353905205e-07,9.519463407692913e-16
-15.331,2.197006278059166e-07,9.65367317166278e-16
-15.324,2.2124392744750177e-07,9.789775086479086e-16
-15.317,2.2279806808579916e-07,9.92779582855288e-16
-15.309999999999999,2.243631258740114e-07,1.0067762450391498e-15
-15.303,2.2593917750028207e-07,1.0209702385900794e-15
-15.296,2.275263001914578e-07,1.0353643455762674e-15
-15.289,2.291245717168668e-07,1.0499613872887527e-15
-15.282,2.30734070392134e-07,1.064764224794445e-15
-15.274999999999999,2.3235487508301695e-07,1.0797757594968881e-15
-15.268,2.3398706520926856e-07,1.09499893370493e-15
-15.261,2.3563072074853322e-07,1.110436731209465e-15
-15.254,2.3728592224026003e-07,1.1260921778682146e-15
-15.247,2.3895275078965364e-07,1.1419683421988462e-15
-15.24,2.4063128807164646e-07,1.1580683359803942e-15
-15.233,2.423216163349012e-07,1.1743953148631813e-15
-15.225999999999999,2.4402381840584135e-07,1.1909524789873407e-15
-15.219000000000001,2.457379776927077e-07,1.2077430736100344e-15
-15.212,2.474641781896501e-07,1.2247703897415776e-15
-15.205,2.492025044808368e-07,1.2420377647904296e-15
-15.198,2.5095304174460446e-07,1.2595485832173838e-15
-15.190999999999999,2.527158757576296e-07,1.2773062771989136e-15
-15.184000000000001,2.5449109289913033e-07,1.2953143272998758e-15
-15.177,2.562787801551035e-07,1.3135762631557576e-15
-15.17,2.580790251225811e-07,1.3320956641644366e-15
-15.163,2.5989191601392696e-07,1.3508761601878012e-15
-15.155999999999999,2.617175416611582e-07,1.3699214322632016e-15
-15.149000000000001,2.6355599152029526e-07,1.3892352133249189e-15
-15.142,2.65407355675751e-07,1.408821288935892e-15
-15.135,2.6727172484473806e-07,1.4286834980296275e-15
-15.128,2.6914919038171923e-07,1.4488257336626988e-15
-15.120999999999999,2.7103984428288194e-07,1.4692519437777778e-15
-15.114,2.729437791906442e-07,1.4899661319774228e-15
-15.107,2.7486108839819934e-07,1.510972358308855e-15
-15.1,2.767918658540807e-07,1.5322747400596683e-15
-15.093,2.787362061667705e-07,1.5538774525648877e-15
-15.086,2.8069420460933296e-07,1.5757847300253215e-15
-15.079,2.8266595712408363e-07,1.5980008663374856e-15
-15.072,2.8465156032729077e-07,1.6205302159352253e-15
-15.065,2.866511115139075e-07,1.6433771946431724e-15
-15.058,2.886647086623426e-07,1.666546280542303e-15
-15.051,2.9069245043925933e-07,1.6900420148476248e-15
-15.044,2.9273443620441033e-07,1.7138690027982797e-15
-15.036999999999999,2.947907660155073e-07,1.7380319145601915e-15
-15.030000000000001,2.9686154063312076e-07,1.7625354861414003e-15
-15.023,2.9894686152562345e-07,1.7873845203204056e-15
-15.016,3.0104683087415473e-07,1.8125838875874386e-15
-15.009,3.0316155157763336e-07,1.838138527099161e-15
-15.001999999999999,3.0529112725779756e-07,1.864053447646735e-15
-14.995000000000001,3.074356622642801e-07,1.8903337286375297e-15
-14.988,3.0959526167972746e-07,1.9169845210907783e-15
-14.981,3.117700313249416e-07,1.9440110486471012e-15
-14.974,3.139600777640707e-07,1.9714186085924263e-15
-14.966999999999999,3.161655083098291e-07,1.9992125728962523e-15
-14.96,3.183864310287531e-07,2.0273983892645395e-15
-14.953,3.2062295474650257e-07,2.0559815822075567e-15
-14.946,3.2287518905318547e-07,2.0849677541226053e-15
-14.939,3.25143244308734e-07,2.1143625863921816e-15
-14.931999999999999,3.274272316483101e-07,2.1441718404975223e-15
-14.925,3.297272629877487e-07,2.1744013591478395e-15
-14.918,3.320434510290478e-07,2.205057067425593e-15
-14.911,3.3437590926588326e-07,2.236144973947724e-15
-14.904,3.367247519891759e-07,2.2676711720434406e-15
-14.897,3.3909009429268914e-07,2.299641840948496e-15
-14.89,3.414720520786691e-07,2.332063247016346e-15
-14.883,3.438707420635245e-07,2.36494174494638e-15
-14.876000000000001,3.462862817835427e-07,2.398283779029423e-15
-14.869,3.487187896006558e-07,2.432095884410929e-15
-14.862,3.511683847082316e-07,2.466384688371771e-15
-14.855,3.536351871369212e-07,2.5011569116273056e-15
-14.847999999999999,3.561193177605377e-07,2.5364193696446166e-15
-14.841000000000001,3.586208983019769e-07,2.572178973978337e-15
-14.834,3.611400513391883e-07,2.6084427336254313e-15
-14.827,3.636769003111729e-07,2.6452177563988563e-15
-14.82,3.6623156952403863e-07,2.6825112503208148e-15
-14.812999999999999,3.6880418415708856e-07,2.7203305250355138e-15
-14.806000000000001,3.7139487026895263e-07,2.758682993241843e-15
-14.799,3.740037548037712e-07,2.7975761721463883e-15
-14.792,3.766309655974066e-07,2.8370176849366976e-15
-14.785,3.792766313837139e-07,2.877015262275552e-15
-14.777999999999999,3.819408818008468e-07,2.9175767438161684e-15
-14.771,3.8462384739760663e-07,2.958710079738748e-15
-14.764,3.873256596398473e-07,3.0004233323088568e-15
-14.757,3.900464509169072e-07,3.042724677457506e-15
-14.75,3.927863545481039e-07,3.0856224063837762e-15
-14.743,3.955455047892636e-07,3.1291249271798674e-15
-14.736,3.983240368393002e-07,3.1732407664791234e-15
-14.729,4.011220868468407e-07,3.2179785711272883e-15
-14.722,4.0393979191689404e-07,3.263347109877273e-15
-14.715,4.06777290117573e-07,3.309355275107923e-15
-14.708,4.0963472048685725e-07,3.3560120845669133e-15
-14.701,4.125122230394065e-07,3.4033266831382613e-15
-14.693999999999999,4.154099387734224e-07,3.451308344634771e-15
-14.687000000000001,4.183280096775535e-07,3.499966473615666e-15
-14.68,4.2126657873786087e-07,3.5493106072300466e-15
-14.673,4.242257899448142e-07,3.5993504170860325e-15
-14.666,4.272057883003555e-07,3.6500957111465634e-15
-14.658999999999999,4.3020671982500114e-07,3.701556435651741e-15
-14.652000000000001,4.3322873156499403e-07,3.753742677068273e-15
-14.645,4.362719715995171e-07,3.806664664066597e-15
-14.638,4.393365890479387e-07,3.860332769525547e-15
-14.631,4.4242273407712773e-07,3.914757512565617e-15
-14.623999999999999,4.4553055790880886e-07,3.96994956061069e-15
-14.617,4.486602128269693e-07,4.025919731478828e-15
-14.61,4.518118521853295e-07,4.0826789955027605e-15
-14.603,4.549856304148461e-07,4.1402384776798984e-15
-14.596,4.581817030312882e-07,4.198609459853032e-15
-14.588999999999999,4.6140022664285435e-07,4.257803382921547e-15
-14.582,4.6464135895784303e-07,4.317831849083823e-15
-14.575,4.679052587923894e-07,4.378706624111457e-15
-14.568,4.71192086078236e-07,4.440439639655195e-15
-14.561,4.745020018705782e-07,4.503042995583724e-15
-14.554,4.778351683559522e-07,4.5665289623552246e-15
-14.547,4.811917488601827e-07,4.630909983422423e-15
-14.54,4.845719078563868e-07,4.696198677671572e-15
-14.533,4.879758109730299e-07,4.762407841895725e-15
-14.526,4.914036250020466e-07,4.829550453303042e-15
-14.519,4.948555179070103e-07,4.897639672060309e-15
-14.512,4.983316588313639e-07,4.966688843872378e-15
-14.504999999999999,5.018322181067092e-07,5.036711502597995e-15
-14.498000000000001,5.053573672611483e-07,5.107721372902383e-15
-14.491,5.089072790276989e-07,5.179732372947523e-15
-14.484,5.124821273527448e-07,5.252758617119899e-15
-14.477,5.160820874045704e-07,5.3268144187971736e-15
-14.469999999999999,5.197073355819393e-07,5.401914293153569e-15
-14.463000000000001,5.233580495227347e-07,5.478072960004826e-15
-14.456,5.270344081126742e-07,5.555305346693537e-15
-14.449,5.307365914940611e-07,5.6336265910146785e-15
-14.442,5.344647810746229e-07,5.713052044182892e-15
-14.434999999999999,5.382191595363961e-07,5.793597273841293e-15
-14.428,5.419999108446735e-07,5.87527806711268e-15
-14.421,5.458072202570295e-07,5.9581104336941094e-15
-14.414,5.496412743323842e-07,6.042110608994545e-15
-14.407,5.535022609401556e-07,6.127295057317281e-15
-14.399999999999999,5.573903692694606e-07,6.213680475086913e-15
-14.393,5.613057898383826e-07,6.301283794121811e-15
-14.386,5.652487145033168e-07,6.390122184953044e-15
-14.379,5.692193364683577e-07,6.480213060189548e-15
-14.372,5.73217850294777e-07,6.571574077931308e-15
-14.365,5.772444519105523e-07,6.66422314523028e-15
-14.358,5.812993386199684e-07,6.758178421600253e-15
-14.350999999999999,5.853827091132864e-07,6.85345832257621e-15
-14.344000000000001,5.894947634764744e-07,6.95008152332369e-15
-14.337,5.936357032010231e-07,7.048066962299464e-15
-14.33,5.978057311938044e-07,7.147433844963181e-15
-14.323,6.020050517870253e-07,7.248201647541981e-15
-14.315999999999999,6.062338707482364e-07,7.350390120847786e-15
-14.309000000000001,6.104923952904093e-07,7.454019294148428e-15
-14.302,6.147808340821032e-07,7.55910947909373e-15
-14.295,6.190993972576736e-07,7.665681273696296e-15
-14.288,6.234482964275814e-07,7.773755566369068e-15
-14.280999999999999,6.27827744688757e-07,7.883353540019421e-15
-14.274000000000001,6.322379566350383e-07,7.994496676200971e-15
-14.267,6.366791483676974e-07,8.107206759324327e-15
-14.26,6.411515375060144e-07,8.221505880926524e-15
-14.253,6.456553431979532e-07,8.337416444001335e-15
-14.245999999999999,6.501907861308949e-07,8.454961167390224e-15
-14.239,6.547580885424473e-07,8.574163090235185e-15
-14.232,6.593574742313469e-07,8.695045576494827e-15
-14.225,6.639891685684094e-07,8.817632319523352e-15
-14.218,6.686533985075851e-07,8.941947346714868e-15
-14.211,6.733503925970744e-07,9.068015024212685e-15
-14.204,6.780803809905273e-07,9.195860061685173e-15
-14.197,6.828435954583227e-07,9.325507517168987e-15
-14.19,6.876402693989203e-07,9.456982801980393e-15
-14.183,6.924706378503039e-07,9.590311685696135e-15
-14.176,6.973349375014943e-07,9.72552030120426e-15
-14.169,7.022334067041476e-07,9.862635149826254e-15
-14.161999999999999,7.07166285484236e-07,1.000168310651144e-14
-14.155000000000001,7.121338155538031e-07,1.0142691425104364e-14
-14.148,7.171362403228212e-07,1.0285687743687025e-14
-14.141,7.221738049111011e-07,1.0430700089995544e-14
-14.134,7.272467561603168e-07,1.0577756886914064e-14
-14.126999999999999,7.323553426460958e-07,1.0726886958045609e-14
-14.120000000000001,7.374998146901943e-07,1.087811953336142e-14
-14.113,7.426804243727768e-07,1.1031484254930557e-14
-14.106,7.478974255447505e-07,1.1187011182729314e-14
-14.099,7.531510738402181e-07,1.1344730800533473e-14
-14.091999999999999,7.584416266889982e-07,1.1504674021893076e-14
-14.085,7.637693433292352e-07,1.1666872196191424e-14
-14.078,7.691344848201158e-07,1.1831357114790101e-14
-14.071,7.745373140546426e-07,1.1998161017259602e-14
-14.064,7.799780957725303e-07,1.2167316597698847e-14
-14.056999999999999,7.854570965731731e-07,1.2338857011143178e-14
-14.05,7.909745849287022e-07,1.2512815880062654e-14
-14.043,7.965308311971568e-07,1.2689227300952672e-14
-14.036,8.021261076357114e-07,1.2868125851016338e-14
-14.029,8.077606884140325e-07,1.3049546594942234e-14
-14.022,8.134348496277056e-07,1.3233525091776962e-14
-14.015,8.191488693117656e-07,1.342009740189488e-14
-14.008,8.249030274543215e-07,1.3609300094066101e-14
-14.001,8.306976060102708e-07,1.3801170252623904e-14
-13.994,8.365328889151237e-07,1.3995745484733656e-14
-13.987,8.4240916209891e-07,1.4193063927763754e-14
-13.98,8.483267135001914e-07,1.4393164256760717e-14
-13.972999999999999,8.542858330801722e-07,1.4596085692029678e-14
-13.966000000000001,8.602868128368994e-07,1.480186800682141e-14
-13.959,8.663299468195881e-07,1.5010551535128606e-14
-13.952,8.724155311430079e-07,1.522217717959073e-14
-13.945,8.785438640020098e-07,1.5436786419511638e-14
-13.937999999999999,8.847152456861316e-07,1.5654421318989445e-14
-13.931000000000001,8.90929978594306e-07,1.5875124535161012e-14
-13.924,8.971883672496952e-07,1.6098939326563478e-14
-13.917,9.034907183145907e-07,1.6325909561612302e-14
-13.91,9.098373406054573e-07,1.655607972720022e-14
-13.902999999999999,9.162285451080589e-07,1.6789494937416606e-14
-13.896,9.226646449926898e-07,1.7026200942389728e-14
-13.889,9.291459556295388e-07,1.7266244137254577e-14
-13.882,9.356727946041189e-07,1.7509671571245637e-14
-13.875,9.422454817328475e-07,1.7756530956919316e-14
-13.867999999999999,9.488643390787106e-07,1.8006870679505566e-14
-13.861,9.555296909670373e-07,1.8260739806391236e-14
-13.854,9.622418640014108e-07,1.8518188096738193e-14
-13.847,9.690011870796475e-07,1.8779266011235323e-14
-13.84,9.758079914099323e-07,1.904402472198973e-14
-13.833,9.826626105270396e-07,1.931251612255633e-14
-13.826,9.895653803086774e-07,1.958479283810915e-14
-13.818999999999999,9.96516638991948e-07,1.9860908235756166e-14
-13.812000000000001,1.0035167271899122e-06,2.0140916434999053e-14
-13.805,1.0105659879082996e-06,2.0424872318341552e-14
-13.798,1.0176647665622904e-06,2.0712831542045623e-14
-13.791,1.024813410993461e-06,2.100485054704105e-14
-13.783999999999999,1.0320122714868205e-06,2.130098656998774e-14
-13.777000000000001,1.039261700787968e-06,2.1601297654494e-14
-13.77,1.046562054120397e-06,2.1905842662494093e-14
-13.763,1.053913689202876e-06,2.2214681285784326e-14
-13.756,1.0613169662669969e-06,2.2527874057723635e-14
-13.748999999999999,1.068772248074819e-06,2.284548236509805e-14
-13.742,1.0762798999366368e-06,2.3167568460152335e-14
-13.735,1.0838402897289013e-06,2.3494195472792577e-14
-13.728,1.0914537879122194e-06,2.382542742295864e-14
-13.721,1.099120767549527e-06,2.416132923317323e-14
-13.713999999999999,1.1068416043243629e-06,2.4501966741266588e-14
-13.707,1.1146166765592675e-06,2.4847406713280533e-14
-13.7,1.1224463652343442e-06,2.5197716856555814e-14
-13.693,1.1303310540058985e-06,2.555296583300171e-14
-13.686,1.13827112922526e-06,2.5913223272554968e-14
-13.679,1.1462669799577026e-06,2.6278559786827045e-14
-13.672,1.1543189980015128e-06,2.6649046982944332e-14
-13.665,1.1624275779071872e-06,2.7024757477583394e-14
-13.658,1.1705931169967599e-06,2.74057649112038e-14
-13.651,1.178816015383282e-06,2.7792143962482362e-14
-13.644,1.1870966759904197e-06,2.818397036295007e-14
-13.637,1.1954355045721996e-06,2.858132091183579e-14
-13.629999999999999,1.2038329097328928e-06,2.8984273491119266e-14
-13.623000000000001,1.212289302947026e-06,2.939290708079572e-14
-13.616,1.220805098579567e-06,2.9807301774357326e-14
-13.609,1.2293807139061995e-06,3.022753879449034e-14
-13.602,1.2380165691337924e-06,3.065370050899612e-14
-13.594999999999999,1.2467130874209817e-06,3.108587044693513e-14
-13.588000000000001,1.2554706948988975e-06,3.1524133314998415e-14
-13.581,1.2642898206920666e-06,3.196857501411156e-14
-13.574,1.2731708969394115e-06,3.241928265627011e-14
-13.567,1.2821143588154468e-06,3.287634458161489e-14
-13.559999999999999,1.2911206445515967e-06,3.333985037574661e-14
-13.553,1.300190195457657e-06,3.38098908872844e-14
-13.546,1.3093234559434462e-06,3.428655824567379e-14
-13.539,1.3185208735405487e-06,3.476994587924263e-14
-13.532,1.3277828989242688e-06,3.5260148533514706e-14
-13.524999999999999,1.3371099859357065e-06,3.575726228977971e-14
-13.518,1.3465025916039842e-06,3.626138458392492e-14
-13.511,1.3559611761686684e-06,3.677261422553437e-14
-13.504,1.365486203102288e-06,3.7291051417254065e-14
-13.497,1.3750781391330712e-06,3.7816797774433396e-14
-13.49,1.3847374542678026e-06,3.834995634504149e-14
-13.483,1.3944646218148563e-06,3.889063162986501e-14
-13.475999999999999,1.404260118407391e-06,3.94389296029908e-14
-13.469000000000001,1.4141244240266924e-06,3.9994957732576487e-14
-13.462,1.4240580220257191e-06,4.055882500191607e-14
-13.455,1.4340613991527535e-06,4.1130641930799066e-14
-13.448,1.4441350455752786e-06,4.171052059717424e-14
-13.440999999999999,1.454279454903987e-06,4.229857465911675e-14
-13.434000000000001,1.4644951242169584e-06,4.289491937710488e-14
-13.427,1.474782554084043e-06,4.349967163661306e-14
-13.42,1.4851422485913551e-06,4.411294997101973e-14
-13.413,1.4955747153660008e-06,4.4734874584841894e-14
-13.405999999999999,1.5060804656009422e-06,4.536556737729502e-14
-13.399000000000001,1.5166600140800347e-06,4.6005151966185016e-14
-13.392,1.5273138792032816e-06,4.6653753712139526e-14
-13.385,1.538042583012197e-06,4.731149974317662e-14
-13.378,1.5488466512154174e-06,4.797851897962426e-14
-13.370999999999999,1.559726613214449e-06,4.865494215938831e-14
-13.364,1.5706830021295984e-06,4.934090186357696e-14
-13.357,1.5817163548261255e-06,5.003653254248891e-14
-13.35,1.592827211940512e-06,5.07419705419637e-14
-13.343,1.6040161179069825e-06,5.145735413010773e-14
-13.336,1.6152836209841677e-06,5.218282352439449e-14
-13.329,1.6266302732819729e-06,5.291852091914771e-14
-13.322,1.6380566307886339e-06,5.3664590513412225e-14
-13.315,1.6495632533979493e-06,5.4421178539216544e-14
-13.308,1.6611507049367316e-06,5.518843329023601e-14
-13.301,1.672819553192425e-06,5.5966505150858085e-14
-13.294,1.6845703699409286e-06,5.675554662565834e-14
-13.286999999999999,1.6964037309746174e-06,5.755571236929204e-14
-13.280000000000001,1.7083202161305406e-06,5.836715921680594e-14
-13.273,1.7203204093188671e-06,5.919004621438069e-14
-13.266,1.7324048985514552e-06,6.002453465050157e-14
-13.259,1.7445742759706982e-06,6.087078808757373e-14
-13.251999999999999,1.756829137878528e-06,6.172897239398024e-14
-13.245000000000001,1.76917008476562e-06,6.259925577659183e-14
-13.238,1.781597721340854e-06,6.348180881373847e-14
-13.231,1.7941126565608991e-06,6.437680448864014e-14
-13.224,1.8067155036600883e-06,6.528441822331453e-14
-13.216999999999999,1.8194068801804545e-06,6.62048279129595e-14
-13.21,1.8321874080019766e-06,6.713821396082004e-14
-13.203,1.8450577133730879e-06,6.808475931355056e-14
-13.196,1.8580184269413172e-06,6.904464949706974e-14
-13.189,1.8710701837842258e-06,7.001807265292674e-14
-13.181999999999999,1.8842136234405135e-06,7.100521957517659e-14
-13.175,1.8974493899413437e-06,7.200628374777555e-14
-13.168,1.9107781318419363e-06,7.30214613825072e-14
-13.161,1.9242005022533015e-06,7.405095145743716e-14
-13.154,1.9377171588742776e-06,7.509495575591605e-14
-13.147,1.9513287640237445e-06,7.615367890612869e-14
-13.14,1.9650359846730773e-06,7.722732842120182e-14
-13.133,1.9788394924788346e-06,7.831611473987784e-14
-13.126,1.992739963815653e-06,7.942025126776021e-14
-13.119,2.006738079809413e-06,8.053995441914342e-14
-13.112,2.0208345263705992e-06,8.167544365942967e-14
-13.105,2.035029994227914e-06,8.282694154814526e-14
-13.097999999999999,2.0493251789621253e-06,8.399467378256293e-14
-13.091000000000001,2.063720781040135e-06,8.51788692419381e-14
-13.084,2.07821750584934e-06,8.637976003237302e-14
-13.077,2.092816063732145e-06,8.759758153230619e-14
-13.07,2.107517170020811e-06,8.883257243865058e-14
-13.062999999999999,2.122321545072492e-06,9.00849748135778e-14
-13.056000000000001,2.137229914304516e-06,9.135503413196176e-14
-13.049,2.152243008229973e-06,9.264299932949607e-14
-13.042,2.167361562493458e-06,9.394912285148168e-14
-13.035,2.182586317907159e-06,9.52736607023106e-14
-13.027999999999999,2.1979180204871412e-06,9.661687249564227e-14
-13.021,2.213357421489887e-06,9.797902150528722e-14
-13.014,2.22890527744915e-06,9.936037471681346e-14
-13.007,2.2445623502129717e-06,1.0076120287987159e-13
-13.0,2.2603294069810542e-06,1.0218178056126649e-13
-12.992999999999999,2.276207220342338e-06,1.0362238619877186e-13
-12.986,2.292196568312842e-06,1.0508330215570339e-13
-12.979,2.3082982343738326e-06,1.0656481477626707e-13
-12.972,2.3245130075101563e-06,1.0806721444167825e-13
-12.965,2.340841682248945e-06,1.0959079562708142e-13
-12.958,2.357285058698528e-06,1.1113585695926644e-13
-12.951,2.3738439425876414e-06,1.1270270127520074e-13
-12.943999999999999,2.3905191453049133e-06,1.1429163568138667e-13
-12.937000000000001,2.4073114839386007e-06,1.1590297161405336e-13
-12.93,2.424221781316673e-06,1.175370249002037e-13
-12.923,2.4412508660470727e-06,1.1919411581951167e-13
-12.916,2.458399572558363e-06,1.2087456916710283e-13
-12.908999999999999,2.475668741140599e-06,1.2257871431721355e-13
-12.902000000000001,2.4930592179864826e-06,1.2430688528774743e-13
-12.895,2.510571855232877e-06,1.2605942080574901e-13
-12.888,2.528207511002498e-06,1.278366643737889e-13
-12.881,2.5459670494460108e-06,1.2963896433729653e-13
-12.873999999999999,2.5638513407843574e-06,1.3146667395283493e-13
-12.867,2.5818612613513783e-06,1.333201514573386e-13
-12.86,2.5999976936368024e-06,1.3519976013833383e-13
-12.853,2.6182615263294276e-06,1.3710586840513808e-13
-12.846,2.636653654360714e-06,1.3903884986107415e-13
-12.838999999999999,2.6551749789486202e-06,1.4099908337669613e-13
-12.832,2.6738264076417425e-06,1.4298695316404694e-13
-12.825,2.692608854363838e-06,1.450028488519708e-13
-12.818,2.7115232394585395e-06,1.4704716556247465e-13
-12.811,2.7305704897345056e-06,1.4912030398817877e-13
-12.804,2.7497515385108114e-06,1.5122267047085148e-13
-12.797,2.7690673256626845e-06,1.5335467708105384e-13
-12.79,2.7885187976675653e-06,1.5551674169890726e-13
-12.783,2.808106907651464e-06,1.5770928809599735e-13
-12.776,2.827832615435694e-06,1.5993274601843754e-13
-12.769,2.847696887583883e-06,1.621875512710987e-13
-12.762,2.8677006974493416e-06,1.644741458030288e-13
-12.754999999999999,2.88784502522276e-06,1.667929777940769e-13
-12.748000000000001,2.908130857980215e-06,1.6914450174273485e-13
-12.741,2.9285591897315907e-06,1.7152917855522702e-13
-12.734,2.949131021469215e-06,1.7394747563584109e-13
-12.727,2.9698473612169638e-06,1.7639986697854727e-13
-12.719999999999999,2.990709224079636e-06,1.7888683325990035e-13
-12.713000000000001,3.0117176322926693e-06,1.8140886193325123e-13
-12.706,3.032873615272291e-06,1.8396644732429634e-13
-12.699,3.0541782096658843e-06,1.8656009072795813e-13
-12.692,3.075632459402842e-06,1.891903005066475e-13
-12.684999999999999,3.0972374157457003e-06,1.9185759218990208e-13
-12.678,3.1189941373416253e-06,1.9456248857542858e-13
-12.671,3.140903690274351e-06,1.9730551983158071e-13
-12.664,3.162967148116338e-06,2.00087223601264e-13
-12.657,3.185185591981441e-06,2.0290814510732324e-13
-12.649999999999999,3.20756011057786e-06,2.057688372594051e-13
-12.643,3.2300918002614665e-06,2.0866986076232724e-13
-12.636,3.252781765089586e-06,2.116117842259864e-13
-12.629,3.2756311168750175e-06,2.145951842767975e-13
-12.622,3.298640975240576e-06,2.17620645670722e-13
-12.615,3.3218124676739254e-06,2.2068876140787868e-13
-12.608,3.3451467295828315e-06,2.2380013284877426e-13
-12.600999999999999,3.368644904350802e-06,2.2695536983217252e-13
-12.594,3.3923081433930907e-06,2.3015509079462155e-13
-12.587,3.4161376062131512e-06,2.333999228916744e-13
-12.58,3.4401344604594294e-06,2.3669050212080977e-13
-12.573,3.4642998819825844e-06,2.4002747344609093e-13
-12.565999999999999,3.488635054893113e-06,2.434114909245815e-13
-12.559000000000001,3.5131411716193376e-06,2.4684321783453783e-13
-12.552,3.537819432965906e-06,2.503233268054241e-13
-12.545,3.562671048172544e-06,2.5385249994973707e-13
-12.538,3.5876972349733737e-06,2.574314289967118e-13
-12.530999999999999,3.612899219656564e-06,2.610608154279002e-13
-12.524000000000001,3.638278237124386e-06,2.647413706146586e-13
-12.517,3.6638355309538005e-06,2.6847381595759037e-13
-12.51,3.689572353457299e-06,2.7225888302792865e-13
-12.503,3.7154899657443397e-06,2.760973137109375e-13
-12.495999999999999,3.7415896377831174e-06,2.7998986035132e-13
-12.489,3.767872648462764e-06,2.8393728590067607e-13
-12.482,3.7943402856560886e-06,2.8794036406705453e-13
-12.475,3.820993846282589e-06,2.919998794665883e-13
-12.468,3.847834636372076e-06,2.9611662777729256e-13
-12.460999999999999,3.87486397112864e-06,3.002914158950163e-13
-12.454,3.902083174995074e-06,3.045250620915927e-13
-12.447,3.929493581717838e-06,3.0881839617523365e-13
-12.44,3.957096534412328e-06,3.1317225965316115e-13
-12.433,3.984893385628754e-06,3.1758750589655587e-13
-12.426,4.012885497418388e-06,3.2206500030781645e-13
-12.419,4.041074241400308e-06,3.266056204901815e-13
-12.411999999999999,4.069460998828617e-06,3.3121025641974404e-13
-12.405000000000001,4.098047160660086e-06,3.358798106198839e-13
-12.398,4.126834127622395e-06,3.4061519833817797e-13
-12.391,4.155823310282663e-06,3.45417347725775e-13
-12.384,4.185016129116646e-06,3.502872000193295e-13
-12.376999999999999,4.214414014578317e-06,3.552257097254825e-13
-12.370000000000001,4.244018407169922e-06,3.602338448079425e-13
-12.363,4.273830757512653e-06,3.653125868772236e-13
-12.356,4.303852526417618e-06,3.7046293138302633e-13
-12.349,4.334085184957508e-06,3.7568588780936316e-13
-12.341999999999999,4.364530214538649e-06,3.809824798724157e-13
-12.335,4.395189106973557e-06,3.8635374572118024e-13
-12.328,4.426063364554128e-06,3.918007381409641e-13
-12.321,4.457154500125137e-06,3.973245247597153e-13
-12.314,4.488464037158456e-06,4.029261882572958e-13
-12.306999999999999,4.519993509827673e-06,4.0860682657768576e-13
-12.3,4.551744463083231e-06,4.1436755314417705e-13
-12.293,4.5837184527282275e-06,4.202094970776251e-13
-12.286,4.615917045494526e-06,4.261338034177383e-13
-12.279,4.6483418191196224e-06,4.3214163334752647e-13
-12.272,4.680994362423914e-06,4.3823416442088935e-13
-12.265,4.713876275388555e-06,4.4441259079342143e-13
-12.258,4.746989169233867e-06,4.506781234564728e-13
-12.251,4.780334666498259e-06,4.570319904745003e-13
-12.244,4.8139144011177755e-06,4.634754372257823e-13
-12.237,4.847730018506132e-06,4.700097266465093e-13
-12.23,4.8817831756353485e-06,4.76636139478327e-13
-12.222999999999999,4.916075541116943e-06,4.833559745193649e-13
-12.216000000000001,4.950608795283662e-06,4.901705488787991e-13
-12.209,4.9853846302719044e-06,4.970811982350267e-13
-12.202,5.0204047501045145e-06,5.040892770974394e-13
-12.195,5.05567087077438e-06,5.111961590719315e-13
-12.187999999999999,5.09118472032848e-06,5.184032371301238e-13
-12.181000000000001,5.1269480389525216e-06,5.257119238823821e-13
-12.174,5.162962579056308e-06,5.331236518547152e-13
-12.167,5.199230105359483e-06,5.406398737695276e-13
-12.16,5.235752394978102e-06,5.482620628303786e-13
-12.152999999999999,5.272531237511673e-06,5.559917130107274e-13
-12.146,5.309568435130811e-06,5.638303393467489e-13
-12.139,5.346865802665646e-06,5.717794782343068e-13
-12.132,5.384425167694623e-06,5.798406877300653e-13
-12.125,5.422248370634153e-06,5.880155478568945e-13
-12.117999999999999,5.460337264828756e-06,5.963056609135517e-13
-12.111,5.498693716641842e-06,6.047126517887295e-13
-12.104,5.5373196055472606e-06,6.132381682795614e-13
-12.097,5.576216824221269e-06,6.218838814145667e-13
-12.09,5.615387278635374e-06,6.306514857811998e-13
-12.083,5.654832888149679e-06,6.395426998579848e-13
-12.076,5.694555585606943e-06,6.485592663513446e-13
-12.068999999999999,5.7345573174272995e-06,6.577029525371797e-13
-12.062000000000001,5.774840043703581e-06,6.669755506072475e-13
-12.055,5.815405738297476e-06,6.763788780204642e-13
-12.048,5.856256388936104e-06,6.859147778590989e-13
-12.041,5.897393997309531e-06,6.955851191900498e-13
-12.033999999999999,5.9388205791688094e-06,7.053917974311791e-13
-12.027000000000001,5.980538164424707e-06,7.153367347228089e-13
-12.02,6.022548797247291e-06,7.254218803044958e-13
-12.013,6.064854536165942e-06,7.35649210897052e-13
-12.006,6.107457454170344e-06,7.46020731090018e-13
-11.999,6.150359638812003e-06,7.565384737345543e-13
-11.991999999999999,6.1935631923065605e-06,7.672045003418927e-13
-11.985,6.237070231636761e-06,7.780209014873888e-13
-11.978,6.280882888656248e-06,7.889897972202972e-13
-11.971,6.325003310193981e-06,8.001133374792964e-13
-11.964,6.369433658159443e-06,8.113937025138878e-13
-11.956999999999999,6.414176109648586e-06,8.228331033117334e-13
-11.95,6.459232857050463e-06,8.344337820320057e-13
-11.943,6.504606108154721e-06,8.461980124448741e-13
-11.936,6.550298086259745e-06,8.581281003771616e-13
-11.929,6.596311030281602e-06,8.702263841642948e-13
-11.922,6.642647194863758e-06,8.824952351086271e-13
-11.915,6.689308850487559e-06,8.949370579442239e-13
-11.908,6.736298283583444e-06,9.075542913081851e-13
-11.901,6.783617796643047e-06,9.203494082186455e-13
-11.894,6.8312697083319776e-06,9.333249165594813e-13
-11.887,6.8792563536034406e-06,9.46483359571866e-13
-11.879999999999999,6.92758008381267e-06,9.598273163527591e-13
-11.873,6.976243266832089e-06,9.733594023604011e-13
-11.866,7.025248287167416e-06,9.870822699269742e-13
-11.859,7.07459754607445e-06,1.0009986087784527e-12
-11.852,7.124293461676754e-06,1.0151111465618031e-12
-11.845,7.1743384690841355e-06,1.0294226493796099e-12
-11.838,7.2247350205119815e-06,1.0439359223322453e-12
-11.831,7.275485585401372e-06,1.058653810067663e-12
-11.824,7.326592650540153e-06,1.0735791973389797e-12
-11.817,7.378058720184741e-06,1.088715009569882e-12
-11.81,7.429886316182848e-06,1.1040642134280226e-12
-11.802999999999999,7.48207797809706e-06,1.1196298174065e-12
-11.796,7.534636263329226e-06,1.1354148724135162e-12
-11.789,7.587563747245854e-06,1.151422472370391e-12
-11.782,7.640863023304243e-06,1.1676557548179612e-12
-11.775,7.694536703179588e-06,1.1841179015315558e-12
-11.768,7.748587416892939e-06,1.2008121391446318e-12
-11.761,7.803017812940096e-06,1.2177417397812086e-12
-11.754,7.85783055842133e-06,1.2349100216972018e-12
-11.747,7.913028339172152e-06,1.2523203499308315e-12
-11.74,7.968613859894859e-06,1.269976136962169e-12
-11.733,8.02458984429109e-06,1.2878808433819941e-12
-11.725999999999999,8.080959035195297e-06,1.3060379785700901e-12
-11.719,8.13772419470908e-06,1.3244511013830711e-12
-11.712,8.194888104336631e-06,1.3431238208519605e-12
-11.705,8.252453565120957e-06,1.362059796889552e-12
-11.698,8.310423397781155e-06,1.3812627410077697e-12
-11.690999999999999,8.36880044285064e-06,1.400736417045141e-12
-11.684,8.427587560816269e-06,1.4204846419045024e-12
-11.677,8.4867876322586e-06,1.4405112863011506e-12
-11.67,8.54640355799298e-06,1.460820275521501e-12
-11.663,8.606438259211696e-06,1.481415590192457e-12
-11.656,8.666894677627122e-06,1.502301267061627e-12
-11.649,8.727775775615872e-06,1.5234813997885448e-12
-11.642,8.789084536363896e-06,1.5449601397470196e-12
-11.635,8.850823964012756e-06,1.5667416968388495e-12
-11.628,8.912997083806755e-06,1.5888303403189544e-12
-11.621,8.975606942241206e-06,1.6112303996321706e-12
-11.613999999999999,9.038656607211716e-06,1.6339462652618403e-12
-11.607,9.102149168164452e-06,1.6569823895903367e-12
-11.6,9.166087736247617e-06,1.6803432877717795e-12
-11.593,9.230475444463845e-06,1.7040335386170002e-12
-11.586,9.295315447823717e-06,1.7280577854910046e-12
-11.579,9.360610923500373e-06,1.7524207372230903e-12
-11.572,9.426365070985204e-06,1.777127169029798e-12
-11.565,9.492581112244557e-06,1.8021819234508422e-12
-11.558,9.55926229187772e-06,1.827589911298306e-12
-11.551,9.626411877275838e-06,1.8533561126191466e-12
-11.544,9.694033158782031e-06,1.8794855776713103e-12
-11.536999999999999,9.762129449852637e-06,1.905983427913603e-12
-11.53,9.830704087219514e-06,1.9328548570094895e-12
-11.523,9.899760431053625e-06,1.960105131845101e-12
-11.516,9.96930186512964e-06,1.9877395935615467e-12
-11.509,1.003933179699174e-05,2.015763658601788e-12
-11.502,1.01098536581206e-05,2.0441828197722895e-12
-11.495,1.018087090410154e-05,2.0730026473196263e-12
-11.488,1.0252387014793791e-05,2.102228790022247e-12
-11.481,1.03244054945011e-05,2.1318669762976902e-12
-11.474,1.0396929872143386e-05,2.16192301532535e-12
-11.467,1.0469963701429663e-05,2.1924027981850945e-12
-11.459999999999999,1.0543510561032195e-05,2.2233122990119488e-12
-11.453,1.0617574054761785e-05,2.2546575761670123e-12
-11.446,1.0692157811744462e-05,2.2864447734249625e-12
-11.439,1.0767265486599239e-05,2.318680121178223e-12
-11.432,1.0842900759617213e-05,2.351369937658151e-12
-11.424999999999999,1.0919067336941917e-05,2.384520630173437e-12
-11.418,1.0995768950750837e-05,2.4181386963659234e-12
-11.411,1.1073009359438418e-05,2.452230725484216e-12
-11.404,1.1150792347800139e-05,2.486803399675163e-12
-11.397,1.1229121727217995e-05,2.521863495293585e-12
-11.39,1.1308001335847248e-05,2.557417884230463e-12
-11.383,1.1387435038804522e-05,2.593473535259859e-12
-11.376,1.1467426728357118e-05,2.630037515404785e-12
-11.369,1.154798032411385e-05,2.667116991322412e-12
-11.362,1.1629099773217023e-05,2.704719230708725e-12
-11.355,1.171078905053588e-05,2.742851603723021e-12
-11.347999999999999,1.1793052158861367e-05,2.7815215844324954e-12
-11.341,1.1875893129102217e-05,2.820736752277145e-12
-11.334,1.1959316020482566e-05,2.860504793555419e-12
-11.327,1.2043324920740781e-05,2.900833502930719e-12
-11.32,1.2127923946329785e-05,2.941730784959189e-12
-11.313,1.2213117242618759e-05,2.9832046556390327e-12
-11.306,1.2298908984096287e-05,3.0252632439816873e-12
-11.299,1.2385303374574825e-05,3.0679147936050913e-12
-11.292,1.2472304647396816e-05,3.1111676643495244e-12
-11.285,1.255991706564203e-05,3.1550303339161184e-12
-11.278,1.2648144922336498e-05,3.199511399528531e-12
-11.270999999999999,1.2736992540662868e-05,3.244619579618031e-12
-11.264,1.2826464274172174e-05,3.2903637155323026e-12
-11.257,1.2916564506997279e-05,3.3367527732684374e-12
-11.25,1.300729765406762e-05,3.3837958452302603e-12
-11.243,1.309866816132556e-05,3.4315021520104783e-12
-11.236,1.3190680505944232e-05,3.4798810441979437e-12
-11.229,1.328333919654696e-05,3.5289420042104172e-12
-11.222,1.3376648773428074e-05,3.578694648153096e-12
-11.215,1.3470613808775534e-05,3.629148727703482e-12
-11.208,1.3565238906894874e-05,3.680314132022688e-12
-11.201,1.3660528704434836e-05,3.732200889693762e-12
-11.193999999999999,1.3756487870614586e-05,3.784819170687324e-12
-11.187,1.3853121107452421e-05,3.838179288354876e-12
-11.18,1.3950433149996304e-05,3.892291701450316e-12
-11.173,1.4048428766555792e-05,3.947167016179846e-12
-11.166,1.4147112758935702e-05,4.002815988280827e-12
-11.159,1.4246489962671405e-05,4.0592495251299415e-12
-11.152,1.4346565247265794e-05,4.116478687881093e-12
-11.145,1.4447343516427786e-05,4.17451469363336e-12
-11.138,1.4548829708312762e-05,4.23336891762968e-12
-11.131,1.4651028795764427e-05,4.293052895486369e-12
-11.124,1.4753945786558518e-05,4.353578325454157e-12
-11.116999999999999,1.4857585723648198e-05,4.414957070711095e-12
-11.11,1.4961953685411072e-05,4.477201161687719e-12
-11.103,1.5067054785898172e-05,4.540322798425141e-12
-11.096,1.5172894175084453e-05,4.604334352966235e-12
-11.089,1.527947703912116e-05,4.669248371780615e-12
-11.081999999999999,1.538680860058999e-05,4.735077578223801e-12
-11.075,1.5494894118758868e-05,4.8018348750309635e-12
-11.068,1.5603738889839836e-05,4.869533346846002e-12
-11.061,1.5713348247248465e-05,4.9381862627861284e-12
-11.054,1.582372756186519e-05,5.0078070790426414e-12
-11.047,1.5934882242298518e-05,5.0784094415184136e-12
-11.04,1.6046817735150053e-05,5.150007188502525e-12
-11.033,1.6159539525281292e-05,5.222614353382567e-12
-11.026,1.6273053136082528e-05,5.296245167395308e-12
-11.019,1.6387364129743404e-05,5.370914062416017e-12
-11.012,1.650247810752548e-05,5.446635673787155e-12
-11.004999999999999,1.6618400710036732e-05,5.523424843186987e-12
-10.998,1.6735137617507815e-05,5.601296621538503e-12
-10.991,1.6852694550070584e-05,5.680266271959575e-12
-10.984,1.6971077268038258e-05,5.760349272754499e-12
-10.977,1.7090291572187697e-05,5.8415613204477964e-12
-10.97,1.7210343304043663e-05,5.923918332860811e-12
-10.963,1.7331238346165067e-05,6.007436452231649e-12
-10.956,1.74529826224331e-05,6.092132048379035e-12
-10.949,1.757558209834169e-05,6.178021721910977e-12
-10.942,1.769904278128968e-05,6.265122307478448e-12
-10.935,1.7823370720875248e-05,6.353450877075061e-12
-10.927999999999999,1.7948572009192333e-05,6.44302474338325e-12
-10.921,1.8074652781129054e-05,6.533861463167526e-12
-10.914,1.8201619214668494e-05,6.625978840715786e-12
-10.907,1.8329477531191297e-05,6.719394931328932e-12
-10.9,1.8458233995780558e-05,6.814128044859782e-12
-10.893,1.8587894917528805e-05,6.9101967493018635e-12
-10.886,1.8718466649847174e-05,7.007619874428818e-12
-10.879,1.8849955590776615e-05,7.106416515485011e-12
-10.872,1.898236818330157e-05,7.206606036928396e-12
-10.865,1.9115710915665572e-05,7.308208076225918e-12
-10.858,1.924999032168918e-05,7.411242547702543e-12
-10.850999999999999,1.9385212981090194e-05,7.515729646444555e-12
-10.844,1.952138551980591e-05,7.621689852257757e-12
-10.837,1.965851461031801e-05,7.729143933681732e-12
-10.83,1.9796606971979363e-05,7.838112952060439e-12
-10.823,1.9935669371343318e-05,7.948618265670322e-12
-10.815999999999999,2.0075708622495304e-05,8.060681533906647e-12
-10.809,2.0216731587386582e-05,8.174324721528687e-12
-10.802,2.0358745176170678e-05,8.289570102965057e-12
-10.795,2.050175634754186e-05,8.40644026667946e-12
-10.788,2.0645772109076137e-05,8.524958119598123e-12
-10.781,2.079079951757464e-05,8.645146891599637e-12
-10.774,2.0936845679409442e-05,8.767030140068117e-12
-10.767,2.1083917750871617e-05,8.890631754510386e-12
-10.76,2.123202293852213e-05,9.0159759612386e-12
-10.753,2.1381168499544816e-05,9.143087328118551e-12
-10.746,2.1531361742102e-05,9.271990769385073e-12
-10.738999999999999,2.168261002569266e-05,9.402711550525358e-12
-10.732,2.1834920761512874e-05,9.535275293230919e-12
-10.725,2.1988301412819213e-05,9.669707980419748e-12
-10.718,2.2142759495294285e-05,9.806035961328903e-12
-10.711,2.2298302577415027e-05,9.944285956679074e-12
-10.704,2.2454938280823587e-05,1.008448506391193e-11
-10.697,2.2612674280700813e-05,1.022666076250136e-11
-10.69,2.2771518306142183e-05,1.0370840919339371e-11
-10.683,2.293147814053676e-05,1.0517053794198306e-11
-10.676,2.309256162194844e-05,1.0665328045269719e-11
-10.669,2.3254776643500038e-05,1.0815692734781498e-11
-10.661999999999999,2.3418131153760112e-05,1.0968177334694199e-11
-10.655,2.3582633157132263e-05,1.112281173247748e-11
-10.648,2.374829071424761e-05,1.1279626236968388e-11
-10.641,2.3915111942359605e-05,1.143865158431182e-11
-10.634,2.4083105015741796e-05,1.1599918943984953e-11
-10.627,2.4252278166088393e-05,1.1763459924906556e-11
-10.62,2.4422639682917656e-05,1.1929306581632485e-11
-10.613,2.4594197913977913e-05,1.209749142063831e-11
-10.606,2.476696126565685e-05,1.2268047406690935e-11
-10.599,2.4940938203393266e-05,1.2441007969309634e-11
-10.592,2.5116137252091926e-05,1.2616407009318394e-11
-10.584999999999999,2.529256699654131e-05,1.2794278905490613e-11
-10.578,2.547023608183411e-05,1.2974658521287284e-11
-10.571,2.56491532137911e-05,1.3157581211690604e-11
-10.564,2.582932715938754e-05,1.3343082830133497e-11
-10.557,2.6010766747182815e-05,1.3531199735527026e-11
-10.549999999999999,2.619348086775308e-05,1.3721968799386931e-11
-10.543,2.63774784741267e-05,1.391542741306035e-11
-10.536,2.6562768582223263e-05,1.4111613495054946e-11
-10.529,2.6749360271295125e-05,1.431056549847084e-11
-10.522,2.6937262684372392e-05,1.4512322418537626e-11
-10.515,2.71264850287109e-05,1.471692380025753e-11
-10.508,2.731703657624343e-05,1.4924409746156427e-11
-10.501,2.750892666403384e-05,1.5134820924143836e-11
-10.494,2.7702164694734874e-05,1.5348198575484307e-11
-10.487,2.78967601370487e-05,1.5564584522880587e-11
-10.48,2.8092722526190927e-05,1.5784021178671103e-11
-10.472999999999999,2.8290061464357884e-05,1.600655155314294e-11
-10.466,2.848878662119692e-05,1.6232219262961773e-11
-10.459,2.8688907734280538e-05,1.6461068539721233e-11
-10.452,2.8890434609583317e-05,1.6693144238612192e-11
-10.445,2.909337712196247e-05,1.6928491847214586e-11
-10.438,2.9297745215641705e-05,1.716715749441313e-11
-10.431,2.950354890469856e-05,1.7409187959438796e-11
-10.424,2.9710798273554875e-05,1.7654630681037427e-11
-10.417,2.9919503477471238e-05,1.790353376676827e-11
-10.41,3.01296747430444e-05,1.8155946002432952e-11
-10.403,3.0341322368708425e-05,1.8411916861637724e-11
-10.395999999999999,3.0554456725239374e-05,1.867149651549051e-11
-10.389,3.0769088256263256e-05,1.893473584243435e-11
-10.382,3.0985227478768084e-05,1.9201686438220097e-11
-10.375,3.1202884983619004e-05,1.9472400626019126e-11
-10.368,3.142207143607732e-05,1.9746931466678925e-11
-10.361,3.164279757632304e-05,2.0025332769123104e-11
-10.354,3.186507421998126e-05,2.030765910089829e-11
-10.347,3.208891225865189e-05,2.0593965798869188e-11
-10.34,3.231432266044366e-05,2.0884308980065254e-11
-10.333,3.2541316470511356e-05,2.1178745552679473e-11
-10.326,3.27699048115971e-05,2.147733322722269e-11
-10.318999999999999,3.300009888457538e-05,2.178013052783507e-11
-10.312,3.3231909969001735e-05,2.2087196803756736e-11
-10.305,3.3465349423665735e-05,2.2398592240960892e-11
-10.298,3.370042868714736e-05,2.271437787395009e-11
-10.291,3.393715927837756e-05,2.3034615597719362e-11
-10.283999999999999,3.417555279720273e-05,2.3359368179887828e-11
-10.277,3.441562092495288e-05,2.3688699273001093e-11
-10.27,3.465737542501435e-05,2.402267342700777e-11
-10.263,3.4900828143406025e-05,2.436135610191124e-11
-10.256,3.514599100935981e-05,2.470481368060001e-11
-10.249,3.539287603590519e-05,2.5053113481859038e-11
-10.241999999999999,3.564149532045793e-05,2.5406323773564487e-11
-10.235,3.589186104541259e-05,2.576451378606411e-11
-10.228,3.614398547873985e-05,2.6127753725747137e-11
-10.221,3.6397880974587386e-05,2.649611478880461e-11
-10.214,3.66535599738853e-05,2.686966917518413e-11
-10.206999999999999,3.691103500495578e-05,2.7248490102741422e-11
-10.2,3.7170318684126734e-05,2.7632651821590818e-11
-10.193,3.743142371635038e-05,2.802222962865915e-11
-10.186,3.769436289582554e-05,2.8417299882443782e-11
-10.179,3.795914910662463e-05,2.881794001797923e-11
-10.172,3.822579532332494e-05,2.9224228562014614e-11
-10.165,3.8494314611644524e-05,2.963624514840538e-11
-10.158,3.8764720129082095e-05,3.0054070533721255e-11
-10.151,3.903702512556218e-05,3.047778661307546e-11
-10.144,3.9311242944084084e-05,3.090747643617601e-11
-10.137,3.958738702137578e-05,3.1343224223603836e-11
-10.129999999999999,3.986547088855239e-05,3.178511538332037e-11
-10.123,4.01455081717789e-05,3.223323652740733e-11
-10.116,4.042751259293828e-05,3.268767548904367e-11
-10.109,4.071149797030361e-05,3.3148521339720695e-11
-10.102,4.099747821921518e-05,3.361586440670046e-11
-10.095,4.128546735276242e-05,3.408979629072023e-11
-10.088,4.157547948247057e-05,3.4570409883946625e-11
-10.081,4.1867528818991856e-05,3.5057799388182273e-11
-10.074,4.216162967280228e-05,3.5552060333330435e-11
-10.067,4.245779645490253e-05,3.6053289596118675e-11
-10.06,4.275604367752418e-05,3.656158541908711e-11
-10.052999999999999,4.3056385954840884e-05,3.707704742984439e-11
-10.046,4.3358838003684186e-05,3.7599776660594565e-11
-10.039,4.366341464426506e-05,3.812987556794041e-11
-10.032,4.3970130800899836e-05,3.866744805296481e-11
-10.025,4.427900150274157e-05,3.9212599481595804e-11
-10.017999999999999,4.459004188451651e-05,3.976543670525873e-11
-10.011,4.490326718726546e-05,4.032606808181902e-11
-10.004,4.521869275909099e-05,4.089460349682136e-11
-9.997,4.553633405590924e-05,4.14711543850272e-11
-9.99,4.585620664220731e-05,4.2055833752256357e-11
-9.983,4.617832619180592e-05,4.264875619753657e-11
-9.975999999999999,4.6502708488627544e-05,4.3250037935565443e-11
-9.969,4.682936942746945e-05,4.385979681948821e-11
-9.962,4.7158325014783104e-05,4.447815236399836e-11
-9.955,4.748959136945809e-05,4.510522576876216e-11
-9.948,4.782318472361207e-05,4.574113994217446e-11
-9.940999999999999,4.815912142338623e-05,4.638601952544917e-11
-9.934,4.8497417929745905e-05,4.703999091704879e-11
-9.927,4.8838090819287673e-05,4.770318229745982e-11
-9.92,4.918115678505129e-05,4.837572365431594e-11
-9.913,4.952663263733773e-05,4.9057746807876144e-11
-9.906,4.987453530453286e-05,4.9749385436861905e-11
-9.899,5.022488183393709e-05,5.045077510465888e-11
-9.892,5.0577689392600264e-05,5.116205328588699e-11
-9.885,5.093297526816345e-05,5.188335939334699e-11
-9.878,5.129075686970563e-05,5.26148348053451e-11
-9.871,5.165105172859686e-05,5.3356622893403774e-11
-9.863999999999999,5.201387749935742e-05,5.410886905036321e-11
-9.857,5.237925196052249e-05,5.487172071887798e-11
-9.85,5.274719301551385e-05,5.564532742031746e-11
-9.843,5.311771869351682e-05,5.642984078407173e-11
-9.836,5.3490847150363766e-05,5.7225414577271586e-11
-9.829,5.3866596669423724e-05,5.8032204734927425e-11
-9.822,5.42449856624984e-05,5.885036939049314e-11
-9.815,5.4626032670723984e-05,5.968006890686009e-11
-9.808,5.5009756365480205e-05,6.05214659077898e-11
-9.801,5.5396175549304886e-05,6.13747253097881e-11
-9.794,5.578530915681536e-05,6.224001435442935e-11
-9.786999999999999,5.617717625563634e-05,6.311750264113663e-11
-9.78,5.657179604733388e-05,6.400736216042284e-11
-9.773,5.696918786835684e-05,6.490976732760272e-11
-9.766,5.736937119098395e-05,6.582489501697797e-11
-9.759,5.777236562427809e-05,6.675292459650537e-11
-9.752,5.817819091504712e-05,6.769403796295343e-11
-9.745,5.8586866948811606e-05,6.864841957755508e-11
-9.738,5.899841375077875e-05,6.961625650216157e-11
-9.731,5.94128514868243e-05,7.059773843590881e-11
-9.724,5.983020046448025e-05,7.159305775239786e-11
-9.717,6.025048113393e-05,7.26024095374011e-11
-9.709999999999999,6.067371408901055e-05,7.362599162709994e-11
-9.703,6.109992006822119e-05,7.466400464686036e-11
-9.696,6.152911995574026e-05,7.571665205055749e-11
-9.689,6.196133478244813e-05,7.678414016045231e-11
-9.682,6.239658572695778e-05,7.786667820763184e-11
-9.674999999999999,6.283489411665272e-05,7.896447837301917e-11
-9.668,6.32762814287315e-05,8.007775582896061e-11
-9.661,6.372076929126081e-05,8.120672878140174e-11
-9.654,6.41683794842349e-05,8.235161851265557e-11
-9.647,6.461913394064276e-05,8.351264942477457e-11
-9.64,6.507305474754294e-05,8.469004908353441e-11
-9.633,6.553016414714593e-05,8.588404826303779e-11
-9.626,6.599048453790352e-05,8.709488099094567e-11
-9.619,6.645403847560708e-05,8.832278459434935e-11
-9.612,6.692084867449233e-05,8.956799974628602e-11
-9.605,6.739093800835238e-05,9.083077051291186e-11
-9.597999999999999,6.786432951165879e-05,9.211134440134005e-11
-9.591,6.83410463806897e-05,9.340997240815161e-11
-9.584,6.882111197466718e-05,9.472690906859356e-11
-9.577,6.93045498169014e-05,9.606241250646735e-11
-9.57,6.979138359594336e-05,9.741674448472225e-11
-9.563,7.028163716674563e-05,9.879017045676163e-11
-9.556,7.077533455183141e-05,1.0018295961847323e-10
-9.549,7.12724999424711e-05,1.0159538496099084e-10
-9.542,7.177315769986841e-05,1.0302772332420362e-10
-9.535,7.227733235635367e-05,1.0448025545101619e-10
-9.528,7.27850486165859e-05,1.0595326604237546e-10
-9.520999999999999,7.329633135876357e-05,1.0744704381307336e-10
-9.514,7.381120563584309e-05,1.0896188154833428e-10
-9.507,7.432969667676718e-05,1.1049807616120429e-10
-9.5,7.48518298877006e-05,1.1205592875074538e-10
-9.493,7.537763085327513e-05,1.1363574466105229e-10
-9.486,7.59071253378433e-05,1.1523783354110104e-10
-9.479,7.644033928674095e-05,1.1686250940544143e-10
-9.472,7.697729882755796e-05,1.185100906957431e-10
-9.465,7.751803027141943e-05,1.2018090034321398e-10
-9.458,7.80625601142743e-05,1.2187526583189376e-10
-9.451,7.86109150381938e-05,1.2359351926284249e-10
-9.443999999999999,7.916312191267908e-05,1.253359974192338e-10
-9.437,7.971920779597718e-05,1.2710304183236377e-10
-9.43,8.027919993640778e-05,1.288949988485947e-10
-9.423,8.084312577369784e-05,1.3071221969723855e-10
-9.416,8.14110129403262e-05,1.3255506055939921e-10
-9.408999999999999,8.198288926287779e-05,1.3442388263778563e-10
-9.402,8.255878276340655e-05,1.3631905222750708e-10
-9.395,8.313872166080937e-05,1.3824094078787067e-10
-9.388,8.372273437220829e-05,1.4018992501518694e-10
-9.381,8.431084951434298e-05,1.4216638691660378e-10
-9.374,8.490309590497311e-05,1.4417071388498125e-10
-9.366999999999999,8.549950256429045e-05,1.462032987748222e-10
-9.36,8.610009871634035e-05,1.4826453997927108e-10
-9.353,8.670491379045457e-05,1.503548415082032e-10
-9.346,8.731397742269276e-05,1.5247461306741004e-10
-9.339,8.792731945729475e-05,1.5462427013890327e-10
-9.331999999999999,8.854496994814314e-05,1.5680423406235145e-10
-9.325,8.916695916023522e-05,1.5901493211766115e-10
-9.318,8.979331757116701e-05,1.61256797608729e-10
-9.311,9.042407587262596e-05,1.635302699483683e-10
-9.304,9.105926497189505e-05,1.6583579474443586e-10
-9.297,9.169891599336725e-05,1.6817382388717247e-10
-9.29,9.234306028007071e-05,1.7054481563777547e-10
-9.283,9.299172939520408e-05,1.7294923471821727e-10
-9.276,9.364495512368396e-05,1.7538755240233567e-10
-9.269,9.430276947370171e-05,1.7786024660820253e-10
-9.262,9.49652046782921e-05,1.8036780199179825e-10
-9.254999999999999,9.563229319691291e-05,1.829107100420063e-10
-9.248,9.630406771703463e-05,1.8548946917694388e-10
-9.241,9.698056115574338e-05,1.8810458484165765e-10
-9.234,9.766180666135297e-05,1.9075656960718978e-10
-9.227,9.834783761502951e-05,1.934459432710443e-10
-9.22,9.903868763242697e-05,1.9617323295906888e-10
-9.213,9.973439056533462e-05,1.9893897322877415e-10
-9.206,0.00010043498050333503,2.0174370617410575e-10
-9.199,0.0001011404917754755,2.0458798153170054e-10
-9.192,0.00010185095895194951,2.074723567886341e-10
-9.185,0.00010256641684579088,2.1039739729169072e-10
-9.177999999999999,0.00010328690051457976,2.1336367635817396e-10
-9.171,0.00010401244526215968,2.163717753882753e-10
-9.164,0.00010474308664036864,2.1942228397903542e-10
-9.157,0.00010547886045078035,2.225158000399039e-10
-9.15,0.00010621980274645875,2.2565292990993212e-10
-9.142999999999999,0.00010696594983372476,2.288342884766185e-10
-9.136,0.00010771733827393458,2.3206049929642504e-10
-9.129,0.00010847400488527229,2.353321947170015e-10
-9.122,0.00010923598674455326,2.386500160011243e-10
-9.115,0.00011000332118904105,2.4201461345238654e-10
-9.108,0.00011077604581827696,2.4542664654265994e-10
-9.100999999999999,0.00011155419849592266,2.488867840413543e-10
-9.094,0.00011233781735161462,2.5239570414649454e-10
-9.087,0.00011312694078283377,2.559540946176556e-10
-9.08,0.00011392160745678613,2.595626529107614e-10
-9.073,0.00011472185631229772,2.632220863147897e-10
-9.065999999999999,0.00011552772656172281,2.669331120904039e-10
-9.059,0.00011633925769286441,2.706964576105343e-10
-9.052,0.00011715648947091054,2.7451286050295144e-10
-9.045,0.00011797946194038186,2.7838306879484024e-10
-9.038,0.00011880821542709402,2.8230784105941563e-10
-9.031,0.00011964279054013367,2.8628794656460597e-10
-9.024,0.00012048322817384858,2.903241654238332e-10
-9.017,0.00012132956950985052,2.9441728874891303e-10
-9.01,0.0001221818560190345,2.985681188051216e-10
-9.003,0.00012304012946361004,3.027774691684384e-10
-8.996,0.0001239044318991476,3.0704616488501007e-10
-8.988999999999999,0.00012477480567663966,3.113750426328637e-10
-8.982,0.00012565129344457507,3.157649508858943e-10
-8.975,0.00012653393815103005,3.2021675008017397e-10
-8.968,0.00012742278304577178,3.2473131278259646e-10
-8.961,0.00012831787168237797,3.2930952386190435e-10
-8.954,0.00012921924792037092,3.3395228066212566e-10
-8.947,0.00013012695592736685,3.3866049317845754e-10
-8.94,0.00013104104018123928,3.4343508423562336e-10
-8.933,0.00013196154547229975,3.482769896687567e-10
-8.926,0.00013288851690549172,3.531871585068232e-10
-8.919,0.00013382199990260088,3.581665531586342e-10
-8.911999999999999,0.0001347620402044811,3.632161496014836e-10
-8.905,0.00013570868387329478,3.683369375724372e-10
-8.898,0.00013666197729477134,3.7352992076233193e-10
-8.891,0.00013762196718047917,3.7879611701249774e-10
-8.884,0.00013858870057011476,3.8413655851425857e-10
-8.876999999999999,0.00013956222483380785,3.895522920112467e-10
-8.87,0.0001405425876744417,3.9504437900456266e-10
-8.863,0.00014152983712999184,4.006138959608403e-10
-8.856,0.00014252402157587918,4.0626193452323345e-10
-8.849,0.00014352518972734045,4.1198960172538147e-10
-8.842,0.0001445333906418154,4.177980202083923e-10
-8.834999999999999,0.00014554867372135085,4.2368832844088497e-10
-8.828,0.0001465710887150203,4.29661680942127e-10
-8.821,0.00014760068572136322,4.3571924850833273e-10
-8.814,0.000148637515190839,4.4186221844213795e-10
-8.807,0.0001496816279282991,4.480917947853154e-10
-8.799999999999999,0.00015073307509547677,4.5440919855477287e-10
-8.793,0.00015179190821349307,4.608156679818701e-10
-8.786,0.00015285817916538293,4.673124587551262e-10
-8.779,0.0001539319401986363,4.739008442663309e-10
-8.772,0.00015501324392775868,4.805821158601362e-10
-8.765,0.00015610214333684912,4.873575830871637e-10
-8.758,0.00015719869178219687,4.942285739606826e-10
-8.751,0.00015830294299489452,5.011964352168965e-10
-8.744,0.00015941495108347278,5.082625325789204e-10
-8.737,0.00016053477053655044,5.15428251024458e-10
-8.73,0.00016166245622550477,5.22694995057265e-10
-8.722999999999999,0.00016279806340716046,5.300641889824367e-10
-8.716,0.00016394164772649605,5.375372771855706e-10
-8.709,0.0001650932652193723,5.451157244158801e-10
-8.702,0.00016625297231527672,5.528010160732834e-10
-8.695,0.00016742082584008912,5.605946584995491e-10
-8.688,0.00016859688301886584,5.684981792735426e-10
-8.681,0.0001697812014786443,5.765131275106402e-10
-8.674,0.00017097383925126532,5.846410741663502e-10
-8.667,0.00017217485477621873,5.928836123442402e-10
-8.66,0.00017338430690350557,6.012423576081802e-10
-8.653,0.00017460225489652201,6.097189482990009e-10
-8.645999999999999,0.00017582875843496378,6.18315045855617e-10
-8.639,0.00017706387761774902,6.27032335140664e-10
-8.632,0.0001783076729659651,6.358725247707512e-10
-8.625,0.00017956020542583297,6.448373474513467e-10
-8.618,0.00018082153637169376,6.539285603163955e-10
-8.610999999999999,0.00018209172760901652,6.631479452727255e-10
-8.604,0.0001833708413774254,6.724973093492981e-10
-8.597,0.00018465894035375125,6.819784850514053e-10
-8.59,0.0001859560876551017,6.915933307198373e-10
-8.583,0.000187262346841954,7.013437308951257e-10
-8.576,0.0001885777819212697,7.112315966869191e-10
-8.568999999999999,0.00018990245734963122,7.212588661485701e-10
-8.562,0.0001912364380363989,7.314275046569888e-10
-8.555,0.00019257978934689366,7.417395052978788e-10
-8.548,0.00019393257710559848,7.52196889256378e-10
-8.541,0.00019529486759938423,7.628017062132203e-10
-8.533999999999999,0.00019666672758075798,7.735560347464814e-10
-8.527,0.00019804822427113266,7.844619827389771e-10
-8.52,0.00019943942536412282,7.955216877914303e-10
-8.513,0.00020084039902886042,8.067373176414375e-10
-8.506,0.00020225121391333529,8.181110705883542e-10
-8.499,0.0002036719391477591,8.296451759241697e-10
-8.491999999999999,0.0002051026443479529,8.413418943704571e-10
-8.485,0.00020654339961875712,8.532035185214719e-10
-8.478,0.00020799427555746858,8.652323732935236e-10
-8.471,0.00020945534325729864,8.774308163806559e-10
-8.464,0.0002109266743108569,8.89801238716766e-10
-8.456999999999999,0.00021240834081365971,9.023460649442364e-10
-8.45,0.00021390041536766149,9.150677538891623e-10
-8.443,0.00021540297108481424,9.279687990433065e-10
-8.436,0.00021691608159064878,9.4105172905282e-10
-8.429,0.0002184398210278826,9.543191082138677e-10
-8.422,0.00021997426406005304,9.67773536975239e-10
-8.415,0.00022151948587517608,9.814176524480468e-10
-8.408,0.00022307556218942903,9.952541289225965e-10
-8.401,0.00022464256925086305,1.009285678392576e-09
-8.394,0.00022622058384313764,1.0235150510866013e-09
-8.387,0.0002278096832892836,1.037945036007274e-09
-8.379999999999999,0.00022940994545549213,1.0525784614778376e-09
-8.373,0.0002310214487549288,1.0674181956965239e-09
-8.366,0.00023264427215157802,1.0824671472987501e-09
-8.359,0.000234278495164111,1.0977282659272078e-09
-8.352,0.0002359241978697823,1.113204542810004e-09
-8.345,0.00023758146090835383,1.1288990113469532e-09
-8.338,0.00023925036548604647,1.1448147477041364e-09
-8.331,0.00024093099337951757,1.1609548714168229e-09
-8.324,0.0002426234269398706,1.1773225460009345e-09
-8.317,0.0002443277490966887,1.1939209795730896e-09
-8.31,0.00024604404336209853,1.2107534254794043e-09
-8.302999999999999,0.0002477723938348629,1.227823182933168e-09
-8.296,0.0002495128852045,1.24513359766148e-09
-8.289,0.0002512656027554355,1.262688062561046e-09
-8.282,0.0002530306323711802,1.280490018363187e-09
-8.275,0.0002548080605385384,1.298542954308229e-09
-8.267999999999999,0.00025659797435184634,1.3168504088294158e-09
-8.261,0.0002584004615172381,1.335415970246433e-09
-8.254,0.000260215610356946,1.3542432774687587e-09
-8.247,0.0002620435098136262,1.3733360207088801e-09
-8.24,0.00026388424945471793,1.392697942205596e-09
-8.233,0.00026573791947683185,1.4123328369575034e-09
-8.225999999999999,0.00026760461071017043,1.4322445534668372e-09
-8.219,0.00026948441462297664,1.452436994493768e-09
-8.212,0.0002713774233260188,1.4729141178213845e-09
-8.205,0.00027328372957710216,1.4936799370314141e-09
-8.198,0.0002752034267856144,1.5147385222909006e-09
-8.190999999999999,0.0002771366090171033,1.5360940011499755e-09
-8.184,0.00027908337099788406,1.557750559350852e-09
-8.177,0.00028104380811968377,1.5797124416482726e-09
-8.17,0.0002830180164443136,1.601983952641475e-09
-8.163,0.00028500609270837643,1.6245694576179134e-09
-8.156,0.0002870081343280071,1.6474733834088674e-09
-8.149,0.00028902423940364597,1.6707002192571213e-09
-8.142,0.0002910545067248441,1.6942545176968464e-09
-8.135,0.00029309903577510706,1.7181408954459498e-09
-8.128,0.0002951579267367673,1.7423640343109377e-09
-8.121,0.0002972312804958939,1.7669286821045749e-09
-8.113999999999999,0.00029931919864723645,1.791839653576476e-09
-8.107,0.0003014217834992011,1.8171018313567848e-09
-8.1,0.0003035391380788668,1.842720166913227e-09
-8.093,0.00030567136613703154,1.8686996815215836e-09
-8.086,0.0003078185721532968,1.8950454672498878e-09
-8.079,0.00030998086134118713,1.921762687956486e-09
-8.072,0.0003121583396533058,1.9488565803021727e-09
-8.065,0.0003143511137865247,1.9763324547765717e-09
-8.058,0.00031655929118721567,2.004195696739048e-09
-8.051,0.00031878298005651314,2.0324517674742253e-09
-8.044,0.00032102228935561663,2.061106205262425e-09
-8.036999999999999,0.00032327732881113047,2.0901646264651953e-09
-8.03,0.00032554820892043796,2.1196327266261023e-09
-8.023,0.0003278350409571195,2.1495162815871245e-09
-8.016,0.00033013793697640227,2.179821148620699e-09
-8.009,0.00033245700982065214,2.210553267577784e-09
-8.001999999999999,0.00033479237312490303,2.241718662052086e-09
-7.994999999999999,0.00033714414132242294,2.273323440560678e-09
-7.9879999999999995,0.0003395124296503247,2.3053737977413335e-09
-7.981,0.0003418973541552102,2.337876015566664e-09
-7.974,0.0003442990316988573,2.370836464575415e-09
-7.9670000000000005,0.00034671757996394636,2.404261605121111e-09
-7.959999999999999,0.00034915311745982675,2.438157988638311e-09
-7.952999999999999,0.00035160576352832185,2.4725322589266836e-09
-7.946,0.00035407563834958047,2.507391153453258e-09
-7.939,0.0003565628629479629,2.5427415046729558e-09
-7.932,0.00035906755919797224,2.578590241367786e-09
-7.924999999999999,0.0003615898498302265,2.614944390004915e-09
-7.917999999999999,0.00036412985843746996,2.651811076113838e-09
-7.911,0.0003666877094806333,2.6891975256830665e-09
-7.904,0.0003692635282949294,2.7271110665764025e-09
-7.897,0.00037185744109599557,2.765559129969236e-09
-7.890000000000001,0.000374469574986078,2.8045492518050776e-09
-7.882999999999999,0.00037710005796026073,2.84408907427264e-09
-7.8759999999999994,0.00037974901891273436,2.884186347303686e-09
-7.869,0.0003824165876431163,2.924848930092105e-09
-7.862,0.00038510289486280805,2.9660847926343e-09
-7.855,0.00038780807220140085,3.0079020172913386e-09
-7.847999999999999,0.00039053225221312633,3.050308800373138e-09
-7.840999999999999,0.00039327556838334864,3.093313453744919e-09
-7.834,0.00039603815513510976,3.1369244064564252e-09
-7.827,0.00039882014783571327,3.181150206394004e-09
-7.82,0.0004016216828033581,3.2259995219560234e-09
-7.813000000000001,0.0004044428973138182,3.2714811437519147e-09
-7.805999999999999,0.00040728392960716987,3.317603986325162e-09
-7.7989999999999995,0.0004101449188945624,3.364377089900544e-09
-7.792,0.0004130260053650441,3.411809622156109e-09
-7.785,0.00041592733019242843,3.4599108800200278e-09
-7.7780000000000005,0.0004188490355422124,3.5086902914928303e-09
-7.770999999999999,0.0004217912645785436,3.55815741749534e-09
-7.763999999999999,0.0004247541614712319,3.608321953742587e-09
-7.757,0.0004277378714028187,3.6591937326442854e-09
-7.75,0.00043074254057568753,3.7107827252319563e-09
-7.743,0.00043376831621922914,3.763099043113303e-09
-7.735999999999999,0.00043681534659705624,3.816152940454127e-09
-7.728999999999999,0.00043988378101426543,3.869954815988125e-09
-7.7219999999999995,0.00044297376982475786,3.924515215055151e-09
-7.715,0.0004460854644386035,3.979844831668092e-09
-7.708,0.00044921901732946105,4.035954510608932e-09
-7.7010000000000005,0.0004523745820420491,4.092855249554373e-09
-7.693999999999999,0.00045555231319967086,4.1505582012314205e-09
-7.686999999999999,0.0004587523665117871,4.209074675603301e-09
-7.68,0.0004619748987816513,4.268416142086339e-09
-7.673,0.00046522006791398945,4.328594231797939e-09
-7.666,0.0004684880329227383,4.389620739836334e-09
-7.658999999999999,0.000471778953938838,4.451507627592484e-09
-7.651999999999999,0.0004750929922180751,4.514267025094479e-09
-7.645,0.00047843031014898924,4.5779112333851604e-09
-7.638,0.00048179107126082674,4.642452726933101e-09
-7.631,0.0004851754402315546,4.7079041560776565e-09
-7.6240000000000006,0.0004885835828959294,4.7742783495084716e-09
-7.616999999999999,0.0004920156662536247,4.841588316779964e-09
-7.609999999999999,0.0004954718584774098,4.909847250861167e-09
-7.603,0.0004989523289213961,4.979068530721701e-09
-7.596,0.0005024572481293316,5.049265723954015e-09
-7.589,0.0005059867878429591,5.120452589432715e-09
-7.581999999999999,0.0005095411210104315,5.1926430800113436e-09
-7.574999999999999,0.0005131204217947833,5.265851345257126e-09
-7.568,0.00051672486558247,5.340091734224435e-09
-7.561,0.0005203546289919586,5.415378798267177e-09
-7.554,0.0005240098898823822,5.491727293890926e-09
-7.547000000000001,0.0005276908273622558,5.5691521856452415e-09
-7.539999999999999,0.0005313976217982534,5.6476686490567905e-09
-7.5329999999999995,0.0005351304548240422,5.727292073603726e-09
-7.526,0.0005388895093491882,5.8080380657321765e-09
-7.519,0.0005426749695681153,5.889922451915097e-09
-7.5120000000000005,0.0005464870209691317,5.972961281754324e-09
-7.504999999999999,0.0005503258503435196,6.057170831126359e-09
-7.497999999999999,0.0005541916457946846,6.142567605372424e-09
-7.491,0.0005580845967473782,6.229168342533676e-09
-7.484,0.0005620048939569761,6.316990016631839e-09
-7.477,0.0005659527295188259,6.406049840996185e-09
-7.469999999999999,0.0005699282968776609,6.496365271637424e-09
-7.462999999999999,0.0005739317908370754,6.587954010669049e-09
-7.4559999999999995,0.0005779634075690751,6.6808340097771355e-09
-7.449,0.0005820233446236868,6.775023473738858e-09
-7.442,0.0005861118009386385,6.870540863990684e-09
-7.4350000000000005,0.0005902289768491075,6.967404902246886e-09
-7.427999999999999,0.0005943750740975383,7.065634574169083e-09
-7.420999999999999,0.0005985502958435236,7.165249133087393e-09
-7.414,0.0006027548466737654,7.26626810377429e-09
-7.407,0.0006069889326120956,7.368711286271421e-09
-7.4,0.0006112527611295723,7.472598759770519e-09
-7.392999999999999,0.0006155465411546473,7.577950886548997e-09
-7.385999999999999,0.0006198704830833984,7.684788315960914e-09
-7.379,0.0006242247987898466,7.79313198848449e-09
-7.372,0.0006286097016363327,7.903003139826385e-09
-7.365,0.0006330254064839735,8.014423305083998e-09
-7.3580000000000005,0.0006374721297031901,8.127414322966415e-09
-7.350999999999999,0.0006419500891843109,8.241998340074895e-09
-7.343999999999999,0.0006464595043482444,8.358197815243557e-09
-7.337,0.000651000596157237,8.476035523941559e-09
-7.33,0.0006555735871256958,8.595534562737047e-09
-7.323,0.0006601787013310934,8.716718353824182e-09
-7.315999999999999,0.0006648161644249483,8.839610649613999e-09
-7.308999999999999,0.0006694862036438778,8.964235537389835e-09
-7.302,0.000674189047820739,9.090617444028694e-09
-7.295,0.0006789249273958377,9.21878114078887e-09
-7.288,0.0006836940744282205,9.348751748165223e-09
-7.281000000000001,0.0006884967226070464,9.480554740812884e-09
-7.273999999999999,0.000693333107263038,9.614215952540389e-09
-7.2669999999999995,0.0006982034653800092,9.749761581373074e-09
-7.26,0.0007031080356064829,9.887218194688143e-09
-7.253,0.0007080470582673818,1.002661273442186e-08
-7.246,0.0007130207753758044,1.0167972522350268e-08
-7.238999999999999,0.0007180294306448855,1.031132526544437e-08
-7.231999999999999,0.000723073269499733,1.0456699061300672e-08
-7.225,0.000728152539089461,1.0604122403648582e-08
-7.218,0.0007332674882992959,1.0753624187935161e-08
-7.211,0.0007384183677627723,1.0905233716988737e-08
-7.203999999999999,0.0007436054298740158,1.1058980706762397e-08
-7.196999999999999,0.0007488289288001051,1.1214895292158258e-08
-7.1899999999999995,0.0007540891204935341,1.1373008032934237e-08
-7.183,0.0007593862627047481,1.1533349919693694e-08
-7.176,0.0007647206149947755,1.1695952379959752e-08
-7.1690000000000005,0.0007700924387479456,1.1860847284335168e-08
-7.161999999999999,0.0007755019971846988,1.2028066952749132e-08
-7.154999999999999,0.0007809495553744778,1.2197644160791892e-08
-7.148,0.0007864353802487256,1.2369612146139152e-08
-7.141,0.0007919597406139582,1.254400461506656e-08
-7.134,0.0007975229071649392,1.2720855749056327e-08
-7.126999999999999,0.0008031251524979441,1.290020021149692e-08
-7.119999999999999,0.0008087667511241122,1.3082073154477033e-08
-7.1129999999999995,0.0008144479794829063,1.326651022567577e-08
-7.106,0.0008201691159556528,1.345354757534954e-08
-7.099,0.0008259304408791835,1.364322186341765e-08
-7.0920000000000005,0.0008317322365595726,1.3835570266647774e-08
-7.084999999999999,0.0008375747872859705,1.4030630485942775e-08
-7.077999999999999,0.000843458379344529,1.4228440753729988e-08
-7.071,0.0008493833010324377,1.4429039841455214e-08
-7.064,0.0008553498426720446,1.463246706718183e-08
-7.057,0.000861358296625084,1.4838762303297324e-08
-7.049999999999999,0.0008674089573070033,1.5047965984328454e-08
-7.042999999999999,0.0008735021212013834,1.5260119114866327e-08
-7.036,0.000879638086874476,1.5475263277603765e-08
-7.029,0.0008858171549898265,1.5693440641485406e-08
-7.022,0.0008920396283230091,1.5914693969973045e-08
-7.015000000000001,0.0008983058117764621,1.6139066629427372e-08
-7.007999999999999,0.0009046160123944301,1.6366602597607995e-08
-7.0009999999999994,0.0009109705393780026,1.6597346472292982e-08
-6.994,0.0009173697041002751,1.6831343480020527e-08
-6.987,0.000923813820121599,1.7068639484953242e-08
-6.98,0.000930303203204949,1.7309280997867773e-08
-6.972999999999999,0.0009368381713313962,1.755331518527109e-08
-6.965999999999999,0.000943419044715683,1.7800789878645038e-08
-6.959,0.0009500461458219235,1.8051753583821832e-08
-6.952,0.000956719799379398,1.8306255490491114e-08
-6.945,0.0009634403323984662,1.856434548184134e-08
-6.938000000000001,0.0009702080741865905,1.8826074144337058e-08
-6.930999999999999,0.0009770233563644744,1.909149277763406e-08
-6.9239999999999995,0.000983886512882305,1.936065340463404e-08
-6.917,0.0009907978800361263,1.9633608781681642e-08
-6.91,0.000997757796484312,1.9910412408904596e-08
-6.9030000000000005,0.0010047666032641602,2.0191118540699965e-08
-6.895999999999999,0.0010118246438086077,2.0475782196368314e-08
-6.888999999999999,0.0010189322639630497,2.076445917089732e-08
-6.882,0.0010260898120022974,2.10572060458982e-08
-6.875,0.001033297638647637,2.1354080200695655e-08
-6.868,0.0010405560970840164,2.165513982357442e-08
-6.860999999999999,0.001047865542977353,2.1960443923184457e-08
-6.853999999999999,0.0010552263344919544,2.2270052340106522e-08
-6.8469999999999995,0.0010626388323080795,2.2584025758581575e-08
-6.84,0.0010701033996396044,2.290242571840478e-08
-6.833,0.0010776204022518217,2.3225314626987564e-08
-6.8260000000000005,0.0010851902084793637,2.35527557715897e-08
-6.818999999999999,0.001092813189244252,2.3884813331723866e-08
-6.811999999999999,0.0011004897180740651,2.4221552391734705e-08
-6.805,0.001108220171120254,2.4563038953556107e-08
-6.798,0.0011160049271765648,2.4909339949647393e-08
-6.791,0.0011238443676976012,2.5260523256112423e-08
-6.783999999999999,0.0011317388768175198,2.5616657706003626e-08
-6.776999999999999,0.0011396888413688431,2.597781310281312e-08
-6.77,0.0011476946509014264,2.634406023415494e-08
-6.763,0.0011557566977015389,2.6715470885639328e-08
-6.756,0.0011638753768110867,2.709211785494298e-08
-6.7490000000000006,0.0011720510860469707,2.7474074966077666e-08
-6.741999999999999,0.0011802842260205814,2.7861417083860058e-08
-6.734999999999999,0.0011885752001574207,2.825422012858505e-08
-6.728,0.001196924414716882,2.865256109090701e-08
-6.721,0.0012053322788121495,2.9056518046929786e-08
-6.714,0.0012137992044302462,2.946617017350997e-08
-6.706999999999999,0.0012223256064522235,2.988159776377592e-08
-6.699999999999999,0.001230911902673482,3.030288224286504e-08
-6.693,0.001239558513824257,3.0730106183884016e-08
-6.686,0.0012482658635902249,3.1163353324093e-08
-6.679,0.0012570343786332662,3.1602708581318435e-08
-6.672000000000001,0.0012658644886123724,3.204825807059726e-08
-6.664999999999999,0.001274756626204702,3.250008912105589e-08
-6.6579999999999995,0.001283711227126771,3.2958290293026405e-08
-6.651,0.001292728730155819,3.342295139540553e-08
-6.644,0.0013018095771512987,3.3894163503256865e-08
-6.6370000000000005,0.0013109542130765293,3.4372018975662045e-08
-6.629999999999999,0.0013201630860205037,3.48566114738236e-08
-6.622999999999999,0.001329436647219834,3.5348035979422266e-08
-6.616,0.0013387753510808763,3.584638881323447e-08
-6.609,0.0013481796552019887,3.635176765401106e-08
-6.602,0.0013576500203959548,3.6864271557622735e-08
-6.594999999999999,0.0013671869107125662,3.738400097647541e-08
-6.587999999999999,0.001376790793461352,3.791105777919879e-08
-6.5809999999999995,0.0013864621392344907,3.84455452706136e-08
-6.574,0.0013962014219298603,3.898756821197928e-08
-6.567,0.0014060091187742614,3.9537232841527504e-08
-6.5600000000000005,0.0014158857103468022,4.009464689528537e-08
-6.552999999999999,0.001425831680602448,4.065991962819202e-08
-6.545999999999999,0.0014358475168957262,4.1233161835512457e-08
-6.539,0.001445933710004622,4.1814485874554615e-08
-6.532,0.0014560907541546159,4.240400568669116e-08
-6.525,0.001466319147042903,4.3001836819692534e-08
-6.517999999999999,0.0014766193898627846,4.360809645037485e-08
-6.510999999999999,0.0014869919873282142,4.4222903407566245e-08
-6.504,0.0014974374476985457,4.4846378195398694e-08
-6.497,0.0015079562828034273,4.5478643016926605e-08
-6.49,0.0015185490080678835,4.611982179807906e-08
-6.4830000000000005,0.001529216142537572,4.677004021194983e-08
-6.475999999999999,0.0015399582089042185,4.7429425703429774e-08
-6.468999999999999,0.0015507757335312194,4.8098107514185834e-08
-6.462,0.0015616692464794479,4.877621670799373e-08
-6.455,0.0015726392815332184,4.946388619642635e-08
-6.448,0.0015836863762264436,5.01612507649049e-08
-6.440999999999999,0.0015948110718689765,5.0868447099117476e-08
-6.433999999999999,0.0016060139135731237,5.1585613811809216e-08
-6.427,0.0016172954502803732,5.231289146995191e-08
-6.42,0.0016286562347882806,5.305042262229479e-08
-6.413,0.0016400968237775604,5.379835182730484e-08
-6.406000000000001,0.0016516177778393617,5.4556825681500624e-08
-6.398999999999999,0.001663219661502742,5.532599284818591e-08
-6.3919999999999995,0.0016749030432623158,5.6106004086587335e-08
-6.385,0.0016866684956061305,5.6897012281404946e-08
-6.378,0.0016985165950437044,5.7699172472777185e-08
-6.371,0.001710447922134281,5.8512641886669587e-08
-6.363999999999999,0.0017224630615152777,5.933757996569167e-08
-6.356999999999999,0.0017345626019309227,6.017414840034745e-08
-6.35,0.0017467471362611197,6.102251116072845e-08
-6.343,0.001759017261550489,6.188283452865164e-08
-6.336,0.001771373579037625,6.27552871302513e-08
-6.328999999999999,0.0017838166941845598,6.364003996903063e-08
-6.321999999999999,0.001796347216706419,6.453726645937797e-08
-6.3149999999999995,0.0018089657606013168,6.544714246055801e-08
-6.308,0.0018216729441804284,6.63698463111798e-08
-6.301,0.0018344693900982918,6.730555886415198e-08
-6.2940000000000005,0.0018473557253833174,6.825446352213045e-08
-6.286999999999999,0.0018603325814685158,6.921674627346625e-08
-6.279999999999999,0.001873400594222425,7.01925957286587e-08
-6.273,0.0018865604039802878,7.118220315732534e-08
-6.266,0.0018998126555754159,7.218576252569028e-08
-6.259,0.0019131579983707883,7.320347053460243e-08
-6.251999999999999,0.001926597086290876,7.423552665808987e-08
-6.244999999999999,0.0019401305778536692,7.528213318245625e-08
-6.2379999999999995,0.001953759136202966,7.634349524593118e-08
-6.231,0.0019674834291408512,7.741982087887686e-08
-6.224,0.001981304129160426,7.851132104456307e-08
-6.2170000000000005,0.0019952219134787563,7.96182096805166e-08
-6.209999999999999,0.002009237464070062,8.074070374045388e-08
-6.202999999999999,0.002023351467699119,8.187902323680358e-08
-6.196,0.002037564615954933,8.303339128383146e-08
-6.189,0.002051877605284612,8.420403414137028e-08
-6.182,0.002066291137027497,8.539118125916772e-08
-6.174999999999999,0.0020808059174495315,8.659506532185973e-08
-6.167999999999999,0.002095422657777852,8.781592229457596e-08
-6.161,0.0021101420742356642,8.905399146919183e-08
-6.154,0.0021249648880773183,9.0309515511229e-08
-6.147,0.0021398918256236594,9.158274050741917e-08
-6.140000000000001,0.002154923618297613,9.287391601393754e-08
-6.132999999999999,0.0021700610026600324,9.41832951053173e-08
-6.1259999999999994,0.002185304720445772,9.551113442405148e-08
-6.119,0.0022006555186000567,9.68576942308977e-08
-6.112,0.0022161141493150685,9.8223238455889e-08
-6.105,0.002231681370066805,9.960803475006503e-08
-6.097999999999999,0.0022473579436522017,1.0101235453793305e-07
-6.090999999999999,0.002263144638226493,1.0243647307066646e-07
-6.084,0.002279042227340875,1.0388066948005713e-07
-6.077,0.0022950514899803963,1.0534522683322474e-07
-6.07,0.002311173210602129,1.0683043218809909e-07
-6.062999999999999,0.0023274081791736134,1.0833657664968471e-07
-6.055999999999999,0.0023437571912115493,1.0986395542711702e-07
-6.0489999999999995,0.0023602210478208025,1.1141286789152653e-07
-6.042,0.00237680055573364,1.1298361763471482e-07
-6.035,0.0023934965273492677,1.1457651252866007e-07
-6.0280000000000005,0.002410309780773635,1.1619186478586095e-07
-6.020999999999999,0.002427241139859528,1.1782999102053164e-07
-6.013999999999999,0.0024442914342469213,1.1949121231065743e-07
-6.007,0.0024614614994036554,1.2117585426092982e-07
-6.0,0.0024787521766663585,1.228842470665642e-07
-5.993,0.002496164313281676,1.2461672557801964e-07
-5.985999999999999,0.00251369876244779,1.2637362936663103e-07
-5.978999999999999,0.0025313563833562103,1.2815530279116467e-07
-5.9719999999999995,0.002549138041233898,1.299620950653159e-07
-5.965,0.0025670446073856466,1.3179436032615457e-07
-5.958,0.002585076959236781,1.3365245770353765e-07
-5.9510000000000005,0.00260323598037615,1.3553675139049947e-07
-5.943999999999999,0.0026215225605994265,1.3744761071463547e-07
-5.936999999999999,0.002639937595952692,1.3938541021048957e-07
-5.93,0.002658481988776367,1.4135052969296696e-07
-5.923,0.0026771566477494114,1.4334335433177733e-07
-5.916,0.0026959624879338505,1.4536427472692954e-07
-5.908999999999999,0.0027149004308196214,1.4741368698529133e-07
-5.901999999999999,0.0027339714043697044,1.4949199279822508e-07
-5.895,0.002753176343065625,1.5159959952032414e-07
-5.888,0.002772516187953221,1.5373692024925323e-07
-5.881,0.0027919918866887625,1.5590437390671753e-07
-5.8740000000000006,0.002811604393585383,1.581023853205726e-07
-5.866999999999999,0.002831354669659851,1.6033138530809288e-07
-5.859999999999999,0.0028512436826796344,1.625918107604105e-07
-5.853,0.002871272407210357,1.6488410472815112e-07
-5.846,0.0028914418246635274,1.67208716508271e-07
-5.839,0.0029117529233446365,1.6956610173212075e-07
-5.831999999999999,0.0029322066985015887,1.7195672245475175e-07
-5.824999999999999,0.002952804152373449,1.7438104724547768e-07
-5.818,0.0029735462942395837,1.768395512797192e-07
-5.811,0.002994434140469094,1.7933271643213764e-07
-5.804,0.0030154687145706243,1.8186103137108428e-07
-5.796999999999999,0.0030366510472425202,1.8442499165438187e-07
-5.789999999999999,0.0030579821764233103,1.8702509982645292e-07
-5.7829999999999995,0.003079463147342597,1.8966186551682346e-07
-5.776,0.0031010950125722535,1.923358055400101e-07
-5.769,0.003122878832078005,1.950474439968177e-07
-5.7620000000000005,0.003144815673271365,1.9779731237706455e-07
-5.754999999999999,0.0031669066110619473,2.0058594966375738e-07
-5.747999999999999,0.003189152727910112,2.034139024387302e-07
-5.741,0.0032115551138800417,2.0628172498978097e-07
-5.734,0.0032341148666931315,2.0918997941931062e-07
-5.727,0.0032568330917817825,2.121392357544977e-07
-5.719999999999999,0.003279710902343576,2.1513007205902628e-07
-5.712999999999999,0.003302749419395795,2.181630745463852e-07
-5.7059999999999995,0.0033259497718303903,2.2123883769477253e-07
-5.699,0.0033493130964692736,2.2435796436361187e-07
-5.692,0.0033728405381200266,2.275210659117158e-07
-5.6850000000000005,0.003396533249631998,2.30728762317114e-07
-5.677999999999999,0.0034203923919527983,2.3398168229857172e-07
-5.670999999999999,0.0034444191341851628,2.3728046343881733e-07
-5.664,0.003468614653644274,2.406257523095158e-07
-5.657,0.0034929801359154275,2.4401820459799513e-07
-5.65,0.0035175167749121284,2.4745848523576445e-07
-5.642999999999999,0.0035422257729346043,2.509472685288431e-07
-5.635999999999999,0.003567108340728689,2.5448523828992364e-07
-5.629,0.0035921656975451896,2.580730879724064e-07
-5.622,0.003617399071199604,2.617115208063151e-07
-5.615,0.003642809698132289,2.6540124993613315e-07
-5.6080000000000005,0.0036683988234690493,2.691429985605821e-07
-5.600999999999999,0.0036941677010821528,2.7293750007437197e-07
-5.593999999999999,0.0037201175936517456,2.767854982119451e-07
-5.587,0.0037462497727277617,2.806877471932561e-07
-5.58,0.0037725655187922052,2.84645011871598e-07
-5.573,0.003799066121321898,2.886580678835162e-07
-5.565999999999999,0.0038257528788516733,2.9272770180083733e-07
-5.558999999999999,0.0038526270990379766,2.9685471128483553e-07
-5.552,0.00387969009872298,3.010399052425826e-07
-5.545,0.003906943203999084,3.0528410398549255e-07
-5.538,0.003934387750273899,3.095881393901062e-07
-5.531000000000001,0.003962025082335684,3.1395285506114176e-07
-5.523999999999999,0.0039898565544192474,3.183791064968446e-07
-5.5169999999999995,0.004017883530272275,3.2286776125666396e-07
-5.51,0.004046107383222199,3.274196991313038e-07
-5.503,0.004074529496243461,3.3203581231515984e-07
-5.496,0.004103151262025285,3.367170055811939e-07
-5.488999999999999,0.004131974083039929,3.4146419645827327e-07
-5.481999999999999,0.0041609993716113765,3.4627831541100546e-07
-5.475,0.004190228549984579,3.5116030602211743e-07
-5.468,0.004219663050395129,3.561111251773986e-07
-5.461,0.0042493043151394325,3.6113174325325203e-07
-5.453999999999999,0.004279153796645402,3.6622314430689526e-07
-5.446999999999999,0.004309212957543589,3.7138632626923133e-07
-5.4399999999999995,0.004339483270738899,3.766223011404555e-07
-5.433,0.004369966219482734,3.8193209518840444e-07
-5.426,0.004400663297445683,3.873167491497102e-07
-5.4190000000000005,0.004431576008790707,3.927773184337875e-07
-5.411999999999999,0.004462705868246856,3.9831487332969854e-07
-5.404999999999999,0.004494054401183455,4.039304992159277e-07
-5.398,0.0045256231436849,4.09625296773128e-07
-5.391,0.004557413642625888,4.154003821998513e-07
-5.384,0.004589427455747229,4.212568874313297e-07
-5.376999999999999,0.00462166615173218,4.271959603613387e-07
-5.369999999999999,0.004654131310283276,4.3321876506718255e-07
-5.3629999999999995,0.004686824522199792,4.393264820378662e-07
-5.356,0.004719747389455653,4.455203084054691e-07
-5.349,0.004752901525277942,4.518014581797878e-07
-5.3420000000000005,0.004786288554225948,4.581711624862863e-07
-5.334999999999999,0.004819910112270776,4.6463066980740175e-07
-5.327999999999999,0.004853767846875483,4.7118124622724526e-07
-5.321,0.004887863417075847,4.778241756797676e-07
-5.314,0.004922198493561628,4.845607602004073e-07
-5.307,0.004956774758758446,4.913923201812971e-07
-5.299999999999999,0.004991593906910221,4.98320194630065e-07
-5.292999999999999,0.005026657644162163,5.053457414322781e-07
-5.286,0.005061967688644421,5.124703376176028e-07
-5.279,0.005097525770556239,5.196953796296996e-07
-5.272,0.005133333632250745,5.270222835999326e-07
-5.265000000000001,0.005169393028320329,5.344524856249365e-07
-5.257999999999999,0.0052057057256826205,5.419874420480964e-07
-5.2509999999999994,0.005242273503667037,5.496286297449895e-07
-5.244,0.0052790981541020274,5.573775464128688e-07
-5.237,0.0053161814814028305,5.652357108642079e-07
-5.23,0.005353525302659903,5.732046633243961e-07
-5.222999999999999,0.005391131447727968,5.812859657336292e-07
-5.215999999999999,0.005429001759315639,5.894812020530461e-07
-5.209,0.005467138093075772,5.977919785752037e-07
-5.202,0.00550554231769635,6.062199242389058e-07
-5.195,0.005544216314992064,6.147666909484837e-07
-5.187999999999999,0.00558316197999653,6.234339538975754e-07
-5.180999999999999,0.005622381221055105,6.322234118974619e-07
-5.1739999999999995,0.005661875959918459,6.411367877100514e-07
-5.167,0.005701648131836697,6.50175828385538e-07
-5.16,0.005741699685654202,6.593423056048312e-07
-5.1530000000000005,0.005782032583905125,6.686380160268115e-07
-5.145999999999999,0.005822648802909559,6.780647816404824e-07
-5.138999999999999,0.005863550332870343,6.876244501220782e-07
-5.132,0.005904739177970637,6.973188951972272e-07
-5.125,0.005946217356472094,7.071500170081996e-07
-5.118,0.005987986900813759,7.171197424863435e-07
-5.110999999999999,0.006030049857711673,7.272300257297714e-07
-5.103999999999999,0.006072408288259119,7.374828483863609e-07
-5.0969999999999995,0.006115064268027679,7.478802200421779e-07
-5.09,0.006158019887168897,7.584241786153528e-07
-5.083,0.006201277250516705,7.691167907555206e-07
-5.0760000000000005,0.006244838477690562,7.799601522488916e-07
-5.068999999999999,0.006288705703199329,7.909563884290353e-07
-5.061999999999999,0.006332881076545807,8.021076545934396e-07
-5.055,0.0063773667623321425,8.134161364259751e-07
-5.048,0.006422164940365839,8.248840504252833e-07
-5.041,0.006467277805766584,8.365136443392209e-07
-5.033999999999999,0.00651270756907382,8.483071976054285e-07
-5.026999999999999,0.006558456456355014,8.602670217980955e-07
-5.02,0.006604526709314811,8.723954610810545e-07
-5.013,0.006650920585404821,8.846948926672322e-07
-5.006,0.006697640357934257,8.971677272845945e-07
-4.9990000000000006,0.00674468831618132,9.098164096486563e-07
-4.991999999999999,0.00679206676550539,9.226434189416571e-07
-4.984999999999999,0.006839778027459939,9.356512692984755e-07
-4.978,0.006887824439906362,9.488425102994279e-07
-4.971,0.006936208357128481,9.622197274699798e-07
-4.964,0.006984932149947921,9.75785542787522e-07
-4.956999999999999,0.007033998205840292,9.89542615195289e-07
-4.949999999999999,0.007083408929052125,1.0034936411235075e-06
-4.943,0.007133166740718756,1.017641355017925e-06
-4.936,0.007183274078982912,1.031988529875756e-06
-4.929,0.007233733399114194,1.0465379777892038e-06
-4.921999999999999,0.007284547173629397,1.0612925504966408e-06
-4.914999999999999,0.007335717892413614,1.0762551399415446e-06
-4.9079999999999995,0.007387248062842316,1.091428678839351e-06
-4.901,0.007439140209904166,1.1068161412522601e-06
-4.894,0.0074913968763247515,1.1224205431721649e-06
-4.8870000000000005,0.007544020622691183,1.1382449431117972e-06
-4.879999999999999,0.007597014027577574,1.1542924427042086e-06
-4.872999999999999,0.007650379687671342,1.1705661873106855e-06
-4.866,0.0077041202179005215,1.1870693666372717e-06
-4.859,0.0077582382515618475,1.2038052153599485e-06
-4.852,0.007812736440449795,1.2207770137586427e-06
-4.844999999999999,0.007867617454986542,1.2379880883601784e-06
-4.837999999999999,0.007922883984352749,1.2554418125902658e-06
-4.8309999999999995,0.007978538736619429,1.273141607434735e-06
-4.824,0.00803458443888058,1.2910909421100393e-06
-4.817,0.008091023837386824,1.3092933347432363e-06
-4.8100000000000005,0.008147859697679982,1.3277523530615546e-06
-4.802999999999999,0.008205094804728594,1.3464716150916835e-06
-4.795999999999999,0.008262731963064329,1.3654547898688977e-06
-4.789,0.008320773996919491,1.3847055981562315e-06
-4.782,0.008379223750365355,1.4042278131737369e-06
-4.775,0.00843808408745153,1.4240252613380548e-06
-4.767999999999999,0.00849735789234633,1.444101823012409e-06
-4.760999999999999,0.008557048069478022,1.4644614332671509e-06
-4.754,0.008617157543677242,1.4851080826510722e-06
-4.747,0.008677689260320257,1.5060458179735508e-06
-4.74,0.00873864618547329,1.527278743097738e-06
-4.7330000000000005,0.008800031306037872,1.5488110197449322e-06
-4.725999999999999,0.008861847629897208,1.5706468683102953e-06
-4.718999999999999,0.008924098186063503,1.5927905686900383e-06
-4.712,0.008986786024826483,1.6152464611203315e-06
-4.705,0.009049914217902789,1.638018947027981e-06
-4.698,0.00911348585858651,1.661112489893126e-06
-4.690999999999999,0.00917750406190078,1.684531616124106e-06
-4.683999999999999,0.009241971964750333,1.7082809159446227e-06
-4.677,0.009306892726075327,1.7323650442934768e-06
-4.67,0.009372269527006058,1.756788721736927e-06
-4.663,0.009438105571018847,1.78155673539394e-06
-4.655999999999999,0.009504404084093046,1.8066739398744914e-06
-4.648999999999999,0.009571168314869025,1.8321452582310554e-06
-4.6419999999999995,0.009638401534807465,1.8579756829235782e-06
-4.635,0.009706107038349598,1.8841702767979921e-06
-4.628,0.009774288143078643,1.910734174078555e-06
-4.621,0.009842948189882374,1.9376725813741743e-06
-4.613999999999999,0.009912090543116842,1.9649907786989267e-06
-4.606999999999999,0.00998171859077115,1.992694120506928e-06
-4.6,0.010051835744633586,2.0207880367418687e-06
-4.593,0.010122445440458715,2.0492780339012687e-06
-4.586,0.010193551138135765,2.0781696961157793e-06
-4.578999999999999,0.010265156321858164,2.107468686243693e-06
-4.571999999999999,0.010337264500294206,2.1371807469808564e-06
-4.5649999999999995,0.010409879206759079,2.167311701986301e-06
-4.558,0.010483003999387931,2.197867457023667e-06
-4.551,0.010556642461310231,2.2288540011187628e-06
-4.5440000000000005,0.010630798200825346,2.2602774077334285e-06
-4.536999999999999,0.010705474851579369,2.2921438359559664e-06
-4.529999999999999,0.010780676072743092,2.3244595317083086e-06
-4.523,0.010856405549191416,2.3572308289702835e-06
-4.516,0.01093266699168384,2.3904641510210677e-06
-4.509,0.011009464137046305,2.424166011698175e-06
-4.501999999999999,0.011086800748354319,2.458343016674198e-06
-4.494999999999999,0.01116468061511727,2.4930018647515064e-06
-4.4879999999999995,0.01124310755346423,2.5281493491752886e-06
-4.481,0.011322085406330874,2.563792358965011e-06
-4.474,0.011401618043647792,2.5999378802646987e-06
-4.4670000000000005,0.011481709362530125,2.636592997712239e-06
-4.459999999999999,0.011562363287468546,2.673764895828009e-06
-4.452999999999999,0.011643583770521472,2.7114608604230202e-06
-4.446,0.011725374791508845,2.7496882800270216e-06
-4.439,0.011807740358207058,2.788454647336635e-06
-4.432,0.011890684506545358,2.8277675606839566e-06
-4.424999999999999,0.011974211300803632,2.8676347255258685e-06
-4.417999999999999,0.012058324833811468,2.9080639559542876e-06
-4.411,0.012143029227148836,2.9490631762278172e-06
-4.404,0.012228328631347955,2.9906404223248834e-06
-4.397,0.012314227226096697,3.032803843518823e-06
-4.389999999999999,0.012400729220443418,3.0755617039751843e-06
-4.382999999999999,0.0124878388530031,3.1189223843714754e-06
-4.3759999999999994,0.012575560392165194,3.16289438353988e-06
-4.369,0.012663898136302665,3.2074863201330025e-06
-4.362,0.012752856413982657,3.252706934313172e-06
-4.355,0.01284243958417857,3.298565089465533e-06
-4.347999999999999,0.012932652036483694,3.3450697739353165e-06
-4.340999999999999,0.013023498191326196,3.3922301027895343e-06
-4.334,0.01311498250018586,3.4400553196036276e-06
-4.327,0.013207109445812128,3.4885547982731987e-06
-4.32,0.013299883542443767,3.537738044851331e-06
-4.312999999999999,0.0133933093360301,3.587614699411821e-06
-4.305999999999999,0.013487391404453656,3.638194537938607e-06
-4.2989999999999995,0.013582134357754638,3.6894874742419796e-06
-4.292,0.013677542838356711,3.741503561901659e-06
-4.285,0.013773621521294518,3.7942529962373505e-06
-4.2780000000000005,0.013870375114442744,3.847746116307052e-06
-4.270999999999999,0.01396780835874684,3.901993406933562e-06
-4.263999999999999,0.014065926028455219,3.95700550075948e-06
-4.257,0.014164732931353353,4.012793180331323e-06
-4.25,0.014264233908999256,4.069367380212883e-06
-4.243,0.01436443383696074,4.126739189128453e-06
-4.235999999999999,0.014465337625054347,4.184919852136259e-06
-4.228999999999999,0.014566950217585837,4.2439207728324815e-06
-4.2219999999999995,0.014669276593592595,4.3037535155864715e-06
-4.215,0.014772321767087523,4.364429807807357e-06
-4.208,0.014876090787304737,4.425961542242657e-06
-4.2010000000000005,0.014980588738946993,4.4883607793093096e-06
-4.193999999999999,0.015085820742434855,4.551639749457554e-06
-4.186999999999999,0.015191791954157496,4.615810855568089e-06
-4.18,0.015298507566725518,4.680886675383159e-06
-4.173,0.015405972809225293,4.746879963971782e-06
-4.166,0.015514192947475202,4.813803656229787e-06
-4.158999999999999,0.015623173284283703,4.881670869415121e-06
-4.151999999999999,0.015732919159709046,4.9504949057188005e-06
-4.145,0.015843435951321115,5.020289254872288e-06
-4.138,0.015954729074464814,5.0910675967914575e-06
-4.131,0.01606680398252544,5.162843804257907e-06
-4.1240000000000006,0.016179666167195916,5.235631945638083e-06
-4.116999999999999,0.016293321158745898,5.309446287640736e-06
-4.109999999999999,0.01640777452629266,5.384301298113166e-06
-4.103,0.016523031878074135,5.460211648877081e-06
-4.096,0.016639098861723624,5.537192218604248e-06
-4.089,0.016755981164546553,5.615258095732778e-06
-4.081999999999999,0.01687368451379917,5.694424581424519e-06
-4.074999999999999,0.016992214676969083,5.774707192564071e-06
-4.068,0.01711157746205803,5.856121664800247e-06
-4.061,0.017231778717866367,5.938683955630245e-06
-4.054,0.017352824334279676,6.022410247527378e-06
-4.046999999999999,0.01747472024255741,6.107316951112915e-06
-4.039999999999999,0.01759747241562341,6.193420708372537e-06
-4.0329999999999995,0.017721086868358736,6.280738395918329e-06
-4.026,0.017845569657896316,6.369287128296593e-06
-4.019,0.017970926883917736,6.459084261342344e-06
-4.0120000000000005,0.018097164688952158,6.550147395581138e-06
-4.004999999999999,0.01822428925867732,6.642494379678831e-06
-3.998000000000001,0.018352306822222473,6.73614331393987e-06
-3.9909999999999997,0.018481223652473976,6.83111255385527e-06
-3.983999999999998,0.018611046066382243,6.927420713700039e-06
-3.9770000000000003,0.018741780425271463,7.025086670181772e-06
-3.969999999999999,0.01887343313515151,7.124129566140699e-06
-3.963000000000001,0.01900601064703138,7.224568814301404e-06
-3.9559999999999995,0.019139519457235812,7.326424101078165e-06
-3.948999999999998,0.019273966107723157,7.429715390433219e-06
-3.942,0.019409357186406115,7.534462927789894e-06
-3.9349999999999987,0.01954569932747477,7.640687244000953e-06
-3.928000000000001,0.01968299921172118,7.74840915937233e-06
-3.9209999999999994,0.019821263566867278,7.857649787744402e-06
-3.913999999999998,0.019960499167894066,7.968430540629994e-06
-3.907,0.020100712837373778,8.08077313141126e-06
-3.8999999999999986,0.020241911445804416,8.194699579595755e-06
-3.8930000000000007,0.020384101911945906,8.310232215131935e-06
-3.8859999999999992,0.020527291203159676,8.427393682786333e-06
-3.8790000000000013,0.020671486335749504,8.54620694658157e-06
-3.872,0.020816694375305884,8.666695294297832e-06
-3.8649999999999984,0.020962922437051733,8.78888234203694e-06
-3.8580000000000005,0.021110177686191264,8.912792038851352e-06
-3.850999999999999,0.021258467338261294,9.038448671438444e-06
-3.844000000000001,0.021407798659484296,9.165876868900352e-06
-3.8369999999999997,0.021558178967125037,9.295101607571847e-06
-3.8299999999999983,0.02170961562984861,9.42614821591534e-06
-3.8230000000000004,0.021862116068081704,9.559042379485525e-06
-3.815999999999999,0.022015687754376467,9.693810145964039e-06
-3.809000000000001,0.022170338213776095,9.830477930264413e-06
-3.8019999999999996,0.022326075024184197,9.969072519710029e-06
-3.794999999999998,0.02248290581673557,1.010962107928404e-05
-3.7880000000000003,0.022640838276170343,1.0252151156954001e-05
-3.780999999999999,0.02279988014121079,1.0396690689071564e-05
-3.774000000000001,0.022960039204939962,1.05432680058476e-05
-3.7669999999999995,0.023121323315184183,1.0691911836905594e-05
-3.759999999999998,0.02328374037489705,1.0842651316912222e-05
-3.753,0.0234472983425469,1.0995515991288051e-05
-3.7459999999999987,0.023612005232507036,1.1150535821998794e-05
-3.7390000000000008,0.02377786911544786,1.1307741193427384e-05
-3.7319999999999993,0.023944898118732988,1.1467162918330052e-05
-3.7250000000000014,0.02411310042681683,1.1628832243875082e-05
-3.718,0.02428248428164631,1.1792780857768004e-05
-3.7109999999999985,0.024453057983064123,1.195904089446192e-05
-3.7040000000000006,0.02462482988921567,1.212764494145619e-05
-3.696999999999999,0.024797808416958906,1.229862604568396e-05
-3.6900000000000013,0.02497200204227612,1.2472017719988856e-05
-3.683,0.025147419300689988,1.2647853949694307e-05
-3.6759999999999984,0.025324068787681172,1.2826169199264155e-05
-3.6690000000000005,0.025501959159109796,1.300699841905808e-05
-3.661999999999999,0.025681099131639833,1.3190377052182244e-05
-3.655000000000001,0.0258614974831656,1.3376341041435613e-05
-3.6479999999999997,0.026043163053242592,1.35649268363556e-05
-3.6409999999999982,0.026226104743520006,1.3756171400361652e-05
-3.6340000000000003,0.026410331518177177,1.3950112218000456e-05
-3.626999999999999,0.026595852404363105,1.4146787302293336e-05
-3.620000000000001,0.02678267649263815,1.4346235202186243e-05
-3.6129999999999995,0.026970812937420204,1.4548495010106261e-05
-3.605999999999998,0.027160270957432613,1.4753606369623149e-05
-3.599,0.027351059836156166,1.4961609483219898e-05
-3.5919999999999987,0.027543188922284283,1.5172545120172873e-05
-3.585000000000001,0.027736667630180442,1.538645462454199e-05
-3.5779999999999994,0.02793150544034023,1.5603379923275118e-05
-3.570999999999998,0.02812771189985523,1.5823363534425152e-05
-3.564,0.02832529662288112,1.6046448575484014e-05
-3.5569999999999986,0.028524269291109065,1.6272678771834152e-05
-3.5500000000000007,0.02872463965423941,1.650209846531806e-05
-3.5429999999999993,0.028926417530460245,1.6734752622930357e-05
-3.5360000000000014,0.029129612806927673,1.6970686845630493e-05
-3.529,0.029334235440251103,1.7209947377281676e-05
-3.5219999999999985,0.02954029545698041,1.745258111371395e-05
-3.5150000000000006,0.02974780295409753,1.7698635611916275e-05
-3.507999999999999,0.02995676809951156,1.794815909935827e-05
-3.5010000000000012,0.030167201132556217,1.8201200483442023e-05
-3.4939999999999998,0.03037911236449244,1.845780936108915e-05
-3.4869999999999983,0.03059251217901289,1.871803602846104e-05
-3.4800000000000004,0.030807411032751062,1.898193149081744e-05
-3.472999999999999,0.031023819455794008,1.9249547472514058e-05
-3.466000000000001,0.031241748052197538,1.9520936427139772e-05
-3.4589999999999996,0.031461207500506704,1.9796151547798787e-05
-3.451999999999998,0.03168220855427826,2.007524677753565e-05
-3.4450000000000003,0.03190476204260796,2.035827681990876e-05
-3.437999999999999,0.03212887887066148,2.0645297149712757e-05
-3.431000000000001,0.032354570020208015,2.0936364023850865e-05
-3.4239999999999995,0.03258184655015928,2.123153449236252e-05
-3.416999999999998,0.03281071959711059,2.153086640960434e-05
-3.41,0.03304120037588693,2.1834418445590218e-05
-3.4029999999999987,0.03327330018009282,2.2142250097491303e-05
-3.396000000000001,0.03350703038266485,2.245442170129651e-05
-3.3889999999999993,0.033742402436429966,2.27709944436399e-05
-3.381999999999998,0.03397942787466577,2.3092030373792262e-05
-3.375,0.03421811831166603,2.3417592415823486e-05
-3.3679999999999986,0.034458485443310184,2.3747744380936395e-05
-3.3610000000000007,0.03470054104763551,2.4082550979972737e-05
-3.353999999999999,0.034944296985415305,2.4422077836098102e-05
-3.3470000000000013,0.03518976520073904,2.4766391497662888e-05
-3.34,0.03543695772159864,2.511555945124739e-05
-3.3329999999999984,0.03568588666047695,2.5469650134888138e-05
-3.3260000000000005,0.035936564214941666,2.5828732951492516e-05
-3.318999999999999,0.036189002668243354,2.6192878282442494e-05
-3.312000000000001,0.03644321438991649,2.6562157501388326e-05
-3.3049999999999997,0.03669921183638655,2.6936642988239496e-05
-3.2979999999999983,0.036957007551579504,2.731640814335009e-05
-3.2910000000000004,0.037216614167536854,2.7701527401906098e-05
-3.283999999999999,0.03747804440503498,2.8092076248515475e-05
-3.277000000000001,0.037741311074207556,2.848813123200204e-05
-3.2699999999999996,0.038006427075174334,2.8889769980410896e-05
-3.262999999999998,0.03827340539867225,2.9297071216222285e-05
-3.2560000000000002,0.03854225912669246,2.971011477178216e-05
-3.2489999999999988,0.03881300143312168,3.012898160495011e-05
-3.242000000000001,0.03908564558438683,3.055375381496596e-05
-3.2349999999999994,0.03936020494010616,3.098451465854315e-05
-3.227999999999998,0.03963669295374289,3.142134856618583e-05
-3.221,0.03991512317326487,3.1864341158738126e-05
-3.2139999999999986,0.04019550924180884,3.23135792641668e-05
-3.2070000000000007,0.04047786489834798,3.2769150934578235e-05
-3.1999999999999993,0.040762203978366246,3.323114546347874e-05
-3.1930000000000014,0.04104854041453515,3.369965340327451e-05
-3.186,0.041336888237397666,3.417476658302211e-05
-3.1789999999999985,0.04162726157605464,3.4656578126425504e-05
-3.1720000000000006,0.04191967465885763,3.5145182470089416e-05
-3.164999999999999,0.0422141418141065,3.5640675382029895e-05
-3.1580000000000013,0.04251067747075047,3.614315398044343e-05
-3.151,0.042809296159096344,3.6652716752744424e-05
-3.1439999999999984,0.04311001251151946,3.716946357486729e-05
-3.1370000000000005,0.043412841263181096,3.769349573084318e-05
-3.129999999999999,0.04371779725275098,3.822491593265283e-05
-3.123000000000001,0.044024895423133314,3.876382834035649e-05
-3.1159999999999997,0.04433415082220019,3.931033858251188e-05
-3.108999999999998,0.044645578603527906,3.986455377687577e-05
-3.1020000000000003,0.04495919402713988,4.042658255140021e-05
-3.094999999999999,0.04527501246025495,4.099653506552482e-05
-3.088000000000001,0.045593049378039194,4.15745230317664e-05
-3.0809999999999995,0.04591332036436555,4.216065973761729e-05
-3.073999999999998,0.04623584111257627,4.2755060067747956e-05
-3.067,0.046560627426252374,4.33578405265257e-05
-3.0599999999999987,0.04688769521998855,4.396911926085074e-05
-3.053000000000001,0.0472170605201718,4.4589016083311335e-05
-3.0459999999999994,0.04754873946576807,4.52176524956698e-05
-3.038999999999998,0.04788274830911189,4.585515171267515e-05
-3.032,0.04821910341670324,4.6501638686214445e-05
-3.0249999999999986,0.048557821270010036,4.715724012980478e-05
-3.0180000000000007,0.04889891846627451,4.782208454342725e-05
-3.0109999999999992,0.04924241171932789,4.849630223871602e-05
-3.0040000000000013,0.04958831786040794,4.918002536449706e-05
-2.997,0.049936653838985136,4.9873387932692576e-05
-2.9899999999999984,0.050287436723591955,5.0576525844585294e-05
-2.9830000000000005,0.05064068370265974,5.128957691745656e-05
-2.975999999999999,0.050996412085361514,5.2012680911600124e-05
-2.969000000000001,0.051354639302458836,5.2745979557712997e-05
-2.9619999999999997,0.05171538290715738,5.348961658467812e-05
-2.9549999999999983,0.05207866057596579,5.4243737747733064e-05
-2.9480000000000004,0.052444490109562314,5.500849085703959e-05
-2.940999999999999,0.05281288943366769,5.578402580665616e-05
-2.934000000000001,0.05318387659992211,5.6570494603914854e-05
-2.9269999999999996,0.05355746978677135,5.736805139921853e-05
-2.919999999999998,0.053933687300356116,5.817685251625189e-05
-2.9130000000000003,0.05431254757540965,5.8997056482622735e-05
-2.905999999999999,0.05469406917616164,5.98288240609351e-05
-2.899000000000001,0.05507827079724644,6.06723182802962e-05
-2.8919999999999995,0.05546517126462078,6.152770446827429e-05
-2.884999999999998,0.05585478953648475,6.239515028330013e-05
-2.878,0.05624714470421144,6.327482574753002e-05
-2.8709999999999987,0.05664225599328297,6.416690328017201e-05
-2.8640000000000008,0.057040142764231166,6.507155773127746e-05
-2.8569999999999993,0.057440824513587806,6.59889664160158e-05
-2.849999999999998,0.05784432087483859,6.691930914942575e-05
-2.843,0.05825065161938573,6.786276828166091e-05
-2.8359999999999985,0.058659836657517436,6.881952873373253e-05
-2.8290000000000006,0.059071896039382024,6.978977803375116e-05
-2.821999999999999,0.059486849955972074,7.077370635368669e-05
-2.8150000000000013,0.0599047187401121,7.177150654663876e-05
-2.808,0.060325522867456564,7.27833741846405e-05
-2.8009999999999984,0.06074928295749168,7.380950759698778e-05
-2.7940000000000005,0.06117601977454644,7.485010790911394e-05
-2.786999999999999,0.06160575422881069,7.590537908201252e-05
-2.780000000000001,0.062038507377358235,7.697552795221065e-05
-2.7729999999999997,0.06247430042518039,7.806076427231389e-05
-2.7659999999999982,0.06291315472622346,7.916130075211466e-05
-2.7590000000000003,0.06335509178443578,8.027735310028565e-05
-2.751999999999999,0.06380013325482209,8.140914006666112e-05
-2.745000000000001,0.06424830094450303,8.255688348510856e-05
-2.7379999999999995,0.0646996168137855,8.372080831701351e-05
-2.730999999999998,0.06515410297723719,8.490114269536855e-05
-2.724,0.0656117817047708,8.609811796948993e-05
-2.7169999999999987,0.06607267542273602,8.731196875036449e-05
-2.710000000000001,0.0665368067150168,8.854293295663009e-05
-2.7029999999999994,0.06700419832413976,8.979125186121307e-05
-2.695999999999998,0.06747487315238705,9.105717013861447e-05
-2.689,0.0679488542629192,9.234093591286868e-05
-2.6819999999999986,0.06842616488090592,9.364280080617844e-05
-2.6750000000000007,0.06890682839466251,9.496301998822937e-05
-2.6679999999999993,0.06939086835679784,9.630185222620895e-05
-2.6610000000000014,0.06987830848536636,9.765955993552048e-05
-2.654,0.07036917266503243,9.903640923122294e-05
-2.6469999999999985,0.07086348494823881,0.00010043266998018539
-2.6400000000000006,0.07136126955638603,0.00010184861585398374
-2.632999999999999,0.07186255088101998,0.0001032845243825437
-2.6260000000000012,0.07236735348502536,0.00010474067700853225
-2.6189999999999998,0.0728757021038313,0.00010621735914252726
-2.6119999999999983,0.07338762164662156,0.00010771486021895356
-2.6050000000000004,0.07390313719755592,0.00010923347375281549
-2.597999999999999,0.07442227401700002,0.00011077349739722874
-2.591000000000001,0.07494505754276139,0.00011233523300175632
-2.5839999999999996,0.07547151339133788,0.00011391898667157787
-2.576999999999998,0.07600166735917117,0.0001155250688274821
-2.5700000000000003,0.07653554542391149,0.00011715379426671236
-2.562999999999999,0.07707317374569135,0.00011880548222467053
-2.556000000000001,0.07761457866840556,0.0001204804564374823
-2.5489999999999995,0.07815978672100421,0.0001221790452054573
-2.541999999999998,0.07870882461879068,0.000123901581457431
-2.535,0.07926171926473155,0.00012564840281602233
-2.5279999999999987,0.07981849775077565,0.00012741985166381156
-2.521000000000001,0.08037918735917964,0.00012921627521044206
-2.5139999999999993,0.08094381556384705,0.0001310380255606818
-2.506999999999998,0.08151241003167264,0.00013288545978343055
-2.5,0.0820849986238988,0.00013475893998170937
-2.4929999999999986,0.08266160939748168,0.00013665883336363665
-2.4860000000000007,0.08324227060646398,0.00013858551231439557
-2.478999999999999,0.08382701070336171,0.00014053935446923038
-2.4720000000000013,0.08441585834055602,0.00014252074278745645
-2.465,0.08500884237169956,0.00014453006562752926
-2.4579999999999984,0.08560599185312819,0.000146567716823157
-2.4510000000000005,0.08620733604528567,0.0001486340957604962
-2.443999999999999,0.08681290441415837,0.00015072960745643596
-2.437000000000001,0.08742272663271689,0.0001528546626379749
-2.4299999999999997,0.08803683258237259,0.000155009677822734
-2.4229999999999983,0.08865525235443955,0.0001571950754005872
-2.4160000000000004,0.08927801625161003,0.00015941128371645488
-2.408999999999999,0.08990515478944024,0.00016165873715426416
-2.402000000000001,0.09053669869784335,0.0001639378762220814
-2.3949999999999996,0.0911726789225979,0.0001662491476384625
-2.387999999999998,0.09181312662686181,0.00016859300442000324
-2.3810000000000002,0.09245807319270043,0.00017096990597013497
-2.3739999999999988,0.09310755022262517,0.00017338031816917338
-2.367000000000001,0.09376158954113978,0.00017582471346562343
-2.3599999999999994,0.09442022319630239,0.0001783035709687912
-2.352999999999998,0.09508348346129358,0.00018081737654268183
-2.346,0.09575140283599869,0.00018336662290123395
-2.3389999999999986,0.09642401404860138,0.00018595180970489751
-2.3320000000000007,0.09710135005718498,0.00018857344365855956
-2.3249999999999993,0.09778344405135013,0.00019123203861087044
-2.3180000000000014,0.09847032945383831,0.00019392811565494914
-2.311,0.09916203992217239,0.0001966622032305302
-2.3039999999999985,0.09985860935030336,0.0001994348372275299
-2.2970000000000006,0.10056007187027222,0.00020224656109108625
-2.289999999999999,0.1012664618538835,0.00020509792592808082
-2.2830000000000013,0.10197781391438701,0.0002079894906151469
-2.276,0.1026941629081768,0.00021092182190822313
-2.2689999999999984,0.10341554393649652,0.00021389549455362884
-2.2620000000000005,0.10414199234716051,0.00021691109140072076
-2.254999999999999,0.10487354373628699,0.000219969203516138
-2.248000000000001,0.10561023395003967,0.00022307043029964224
-2.2409999999999997,0.10635209908638715,0.00022621537960161424
-2.233999999999998,0.10709917549686918,0.00022940466784218368
-2.2270000000000003,0.10785149978837898,0.0002326389201320542
-2.219999999999999,0.10860910882495811,0.0002359187703950319
-2.213000000000001,0.10937203972960018,0.00023924486149226482
-2.2059999999999995,0.11014032988607295,0.00024261784534825945
-2.198999999999998,0.11091401694074743,0.0002460383830786482
-2.192,0.11169313880444368,0.00024950714511977443
-2.1849999999999987,0.11247773365428972,0.0002530248113601067
-2.178000000000001,0.11326783993558938,0.00025659207127348596
-2.1709999999999994,0.11406349636370933,0.00026020962405427865
-2.163999999999998,0.11486474192597335,0.00026387817875440917
-2.157,0.11567161588357389,0.00026759845442234125
-2.1499999999999986,0.11648415777349712,0.0002713711802440194
-2.1430000000000007,0.11730240741045743,0.0002751970956857788
-2.1359999999999992,0.11812640488885157,0.0002790769506392979
-2.1290000000000013,0.11895619058471998,0.0002830115055685645
-2.122,0.11979180515772868,0.0002870015316589446
-2.1149999999999984,0.12063328955315848,0.00029104781096832353
-2.1080000000000005,0.12148068500391271,0.0002951511365803972
-2.100999999999999,0.12233403303253887,0.0002993123127601262
-2.094000000000001,0.12319337545326021,0.00030353215511135873
-2.0869999999999997,0.12405875437402819,0.0003078114907367092
-2.0799999999999983,0.12493021219858264,0.00031215115839965774
-2.0730000000000004,0.12580779162853087,0.0003165520086889569
-2.065999999999999,0.12669153566544142,0.00032101490418535636
-2.059000000000001,0.12758148761294802,0.0003255407196306562
-2.0519999999999996,0.12847769107887508,0.00033013034209917715
-2.044999999999998,0.1293801899773713,0.00033478467117161375
-2.0380000000000003,0.13028902853106283,0.0003395046191113621
-2.030999999999999,0.13120425127322152,0.00034429111104333304
-2.024000000000001,0.13212590304994398,0.00034914508513526394
-2.0169999999999995,0.13305402902235258,0.00035406749278162086
-2.009999999999998,0.13398867466880524,0.00035905929879005856
-2.003,0.13492988578712511,0.0003641214815705326
-1.9959999999999987,0.1358777084968463,0.00036925503332707876
-1.9890000000000008,0.13683218924147025,0.00037446096025227056
-1.9819999999999993,0.13779337479074544,0.0003797402827244568
-1.9749999999999979,0.13876131224295554,0.0003850940355077401
-1.968,0.13973604902722894,0.00039052326795480265
-1.9609999999999985,0.1407176329058641,0.0003960290442125905
-1.9540000000000006,0.1417061119766664,0.0004016124434308704
-1.9469999999999992,0.14270153467530916,0.0004072745599737693
-1.9400000000000013,0.14370394977770273,0.00041301650363425023
-1.9329999999999998,0.14471340640238875,0.0004188393998516586
-1.9259999999999984,0.14572995401294328,0.0004247443899322913
-1.9190000000000005,0.1467536424204021,0.00043073263127310483
-1.911999999999999,0.14778452178570303,0.0004368052975885787
-1.9050000000000011,0.1488226426221402,0.0004429635791407453
-1.8979999999999997,0.1498680557978434,0.0004492086829725101
-1.8909999999999982,0.1509208125382668,0.0004555418331442134
-1.8840000000000003,0.15198096442870088,0.0004619642709735608
-1.876999999999999,0.15304856341680137,0.00046847725527893343
-1.870000000000001,0.15412366181513126,0.00047508206262609907
-1.8629999999999995,0.15520631230372828,0.0004817799875784487
-1.855999999999998,0.15629656793268243,0.0004885723429507123
-1.8490000000000002,0.1573944821247371,0.0004954604600662839
-1.8419999999999987,0.15850010867790854,0.0005024456890181763
-1.8350000000000009,0.1596135017681179,0.0005095293989336195
-1.8279999999999994,0.1607347159518505,0.0005167129782424413
-1.820999999999998,0.16186380616882515,0.00052399783494918
-1.814,0.16300082774468777,0.0005313853969090675
-1.8069999999999986,0.1641458363937243,0.0005388771121079061
-1.8000000000000007,0.16529888822158642,0.0005464744489458505
-1.7929999999999993,0.1664600397280456,0.0005541788965252504
-1.7860000000000014,0.16762934780975677,0.0005619919649424882
-1.779,0.16880686976305115,0.0005699151855839942
-1.7719999999999985,0.16999266328673937,0.0005779501114263749
-1.7650000000000006,0.17118678648494082,0.0005860983173408143
-1.7579999999999991,0.17238929786993232,0.000594361400401765
-1.7510000000000012,0.1736002563650111,0.0006027409801999516
-1.7439999999999998,0.174819721307387,0.0006112386991598491
-1.7369999999999983,0.17604775245108548,0.0006198562228615735
-1.7300000000000004,0.17728440996987774,0.0006285952403673536
-1.722999999999999,0.17852975446023084,0.0006374574645526063
-1.716000000000001,0.17978384694427277,0.000646444632441634
-1.7089999999999996,0.1810467488727874,0.0006555585055481229
-1.7019999999999982,0.18231852212822133,0.0006648008702203746
-1.6950000000000003,0.18359922902771783,0.0006741735379914477
-1.6879999999999988,0.18488893232617254,0.0006836783459342402
-1.681000000000001,0.18618769521930384,0.0006933171570215276
-1.6739999999999995,0.18749558134675465,0.0007030918604911498
-1.666999999999998,0.18881265479520626,0.0007130043722162745
-1.6600000000000001,0.1901389801015205,0.0007230566350809281
-1.6529999999999987,0.1914746222559041,0.0007332506193608232
-1.6460000000000008,0.19281964670508847,0.0007435883231095027
-1.6389999999999993,0.19417411935554216,0.0007540717725500066
-1.631999999999998,0.19553810657669532,0.0007647030224719811
-1.625,0.19691167520419406,0.0007754841566344403
-1.6179999999999986,0.19829489254317728,0.0007864172881742044
-1.6110000000000007,0.19968782637156998,0.0007975045600200456
-1.6039999999999992,0.2010905449434099,0.0008087481453127512
-1.5970000000000013,0.20250311699218623,0.0008201502478310213
-1.5899999999999999,0.20392561173421347,0.0008317131024234637
-1.5829999999999984,0.20535809887201786,0.0008434389754465893
-1.5760000000000005,0.20680064859775507,0.0008553301652090436
-1.568999999999999,0.20825333159665174,0.0008673890024220997
-1.5620000000000012,0.20971621905046398,0.0008796178506564438
-1.5549999999999997,0.21118938264097123,0.0008920191068054913
-1.5479999999999983,0.21267289455348343,0.0009045952015551416
-1.5410000000000004,0.21416682748038035,0.00091734859986022
-1.533999999999999,0.21567125462467587,0.0009302818014276356
-1.527000000000001,0.21718624970359954,0.0009433973412062859
-1.5199999999999996,0.21871188695221486,0.0009566977898839682
-1.5129999999999981,0.22024824112705152,0.0009701857543911966
-1.5060000000000002,0.22179538750977068,0.000983863878412187
-1.4989999999999988,0.22335340191085626,0.0009977348429030498
-1.4920000000000009,0.22492236067332405,0.0010118013666172174
-1.4849999999999994,0.2265023406764689,0.0010260662066383837
-1.477999999999998,0.22809341933962632,0.0010405321589208522
-1.471,0.22969567462596835,0.0010552020588375744
-1.4639999999999986,0.23130918504632622,0.0010700787817359118
-1.4570000000000007,0.2329340296630317,0.0010851652435011625
-1.4499999999999993,0.23457028809379782,0.001100464401128146
-1.4429999999999978,0.2362180405156142,0.001115979253300727
-1.436,0.2378773676686784,0.0011317128409795922
-1.4289999999999985,0.23954835086035456,0.0011476682479983106
-1.4220000000000006,0.24123107196915175,0.0011638486016677214
-1.4149999999999991,0.24292561344874267,0.0011802570733889588
-1.4080000000000013,0.24463205833199717,0.0011968968792749933
-1.4009999999999998,0.24635049023505767,0.001213771280781065
-1.3939999999999984,0.2480809933614304,0.0012308835853438818
-1.3870000000000005,0.24982365250611394,0.0012482371470299114
-1.379999999999999,0.25157855305975674,0.0012658353671928166
-1.373000000000001,0.2533457810128354,0.001283681695140071
-1.3659999999999997,0.2551254229598749,0.0013017796288091012
-1.3589999999999982,0.2569175661036859,0.0013201327154528362
-1.3520000000000003,0.25872229825964,0.0013387445523350022
-1.3449999999999989,0.2605397078599759,0.0013576187874352317
-1.338000000000001,0.26236988395812577,0.0013767591201640076
-1.3309999999999995,0.2642129162330864,0.0013961693020878385
-1.323999999999998,0.26606889499380715,0.0014158531376645114
-1.3170000000000002,0.2679379111836177,0.0014358144849888042
-1.3099999999999987,0.2698200563846872,0.0014560572565487156
-1.3030000000000008,0.27171542282250516,0.0014765854199922553
-1.2959999999999994,0.2736241033704082,0.0014974029989051967
-1.288999999999998,0.27554619155412413,0.0015185140735996415
-1.282,0.2774817815563575,0.001539922781913802
-1.2749999999999986,0.2794309682214077,0.0015616333200230675
-1.2680000000000007,0.28139384705980935,0.0015836499432623878
-1.2609999999999992,0.28337051425302023,0.001605976966960423
-1.2540000000000013,0.2853610666581263,0.0016286187672852719
-1.2469999999999999,0.2873656018125957,0.001651579782102306
-1.2399999999999984,0.2893842179390511,0.0016748645118439245
-1.2330000000000005,0.2914170139500855,0.0016984775203916867
-1.225999999999999,0.2934640894531123,0.001722423435970886
-1.2190000000000012,0.2955255447552387,0.0017467069520576116
-1.2119999999999997,0.2976014808681889,0.0017713328282987799
-1.2049999999999983,0.2996919995132468,0.0017963058914449586
-1.1980000000000004,0.30179720312624336,0.00182163103629646
-1.190999999999999,0.30391719486257884,0.0018473132266627747
-1.184000000000001,0.30605207860227035,0.0018733574963354055
-1.1769999999999996,0.3082019589550505,0.0018997689500746123
-1.1699999999999982,0.3103669412654856,0.0019265527646098676
-1.1630000000000003,0.31254713161814096,0.001953714189654551
-1.1559999999999988,0.3147426368427823,0.001981258548934951
-1.149000000000001,0.31695356451960266,0.0020091912412336385
-1.1419999999999995,0.3191800229845029,0.0020375177414477556
-1.134999999999998,0.321422121334392,0.0020662436016620125
-1.1280000000000001,0.3236799694325367,0.0020953744522369576
-1.1209999999999987,0.3259536779139478,0.0021249160029125926
-1.1140000000000008,0.32824335819079353,0.002154874043927392
-1.1069999999999993,0.33054912245786794,0.0021852544471533315
-1.0999999999999979,0.3328710836980803,0.0022160631672466873
-1.093,0.33520935568799465,0.0022473062428152103
-1.0859999999999985,0.33756405300340886,0.0022789897976017645
-1.0790000000000006,0.3399352910249601,0.0023111200416844864
-1.0719999999999992,0.34232318594378824,0.0023437032726941085
-1.0650000000000013,0.34472785476721973,0.0023767458770481867
-1.0579999999999998,0.34714941532451044,0.0024102543312029888
-1.0509999999999984,0.34958798627261095,0.002444235202922785
-1.0440000000000005,0.3520436871019844,0.0024786951525671984
-1.036999999999999,0.3545166381424653,0.002513640934396714
-1.0300000000000011,0.35700696056914694,0.002549079397896409
-1.0229999999999997,0.359514776408329,0.002585017489118616
-1.0159999999999982,0.36204020854348806,0.0026214622520442468
-1.0090000000000003,0.36458338072130286,0.0026584208299634893
-1.001999999999999,0.3671444175577214,0.00269590046687597
-0.995000000000001,0.3697234445440586,0.0027339085089104717
-0.9879999999999995,0.3723205880531554,0.0027724524057649485
-0.9809999999999981,0.37493597534556206,0.002811539712166559
-0.9740000000000002,0.3775697345757779,0.002851178089352468
-0.9669999999999987,0.3802219947985348,0.00289137530657154
-0.9600000000000009,0.3828928859751117,0.0029321392426069977
-0.9529999999999994,0.38558253897971334,0.0029734778873208435
-0.945999999999998,0.3882910856058738,0.00301539934321976
-0.9390000000000001,0.3910186585729182,0.003057911827043287
-0.9319999999999986,0.39376539153247053,0.0031010236713743962
-0.9250000000000007,0.39653141907499256,0.003144743326272548
-0.9179999999999993,0.39931687673639016,0.0031890793609301083
-0.9110000000000014,0.4021219010046432,0.0032340404653517607
-0.9039999999999999,0.40494662932650494,0.0032796354520579557
-0.8969999999999985,0.4077912001142268,0.003325873257812028
-0.8900000000000006,0.4106557527523453,0.0033727629453719067
-0.8829999999999991,0.4135404276045155,0.00342031370526651
-0.8760000000000012,0.41644536602037957,0.0034685348575969584
-0.8689999999999998,0.41937071034250406,0.0035174358538635287
-0.8619999999999983,0.4223166039133445,0.0035670262788180147
-0.8550000000000004,0.4252831910822739,0.0036173158523424382
-0.847999999999999,0.4282706172126601,0.0036683144313542568
-0.8410000000000011,0.4312790286889781,0.003720032011738168
-0.8339999999999996,0.4343085729239953,0.003772478730305546
-0.8269999999999982,0.43735939836598375,0.0038256648667811055
-0.8200000000000003,0.44043165450599914,0.0038796008458178363
-0.8129999999999988,0.44352549188521,0.00393429723904035
-0.8060000000000009,0.4466410621022639,0.003989764767116767
-0.7989999999999995,0.449778517820728,0.004046014301860219
-0.791999999999998,0.4529380127765586,0.0041030568683595595
-0.7850000000000001,0.45611970178563915,0.004160903647140408
-0.7779999999999987,0.45932374075137095,0.004219565976356652
-0.7710000000000008,0.4625502866723011,0.004279055354012558
-0.7639999999999993,0.46579949764982853,0.004339383440216653
-0.7569999999999979,0.4690715328959397,0.004400562059466933
-0.75,0.4723665527410147,0.004462603202968597
-0.7429999999999986,0.4756847186416885,0.004525519030984447
-0.7360000000000007,0.4790261931887508,0.0045893218752181275
-0.7289999999999992,0.4823911401151263,0.004654024241231429
-0.7220000000000013,0.48577972430388433,0.004719638810895157
-0.7149999999999999,0.4891921117963316,0.004786178444875092
-0.7079999999999984,0.49262846980013625,0.004853656185152475
-0.7010000000000005,0.4960889666975262,0.004922085257580386
-0.6939999999999991,0.4995737720535454,0.004991479074476155
-0.6870000000000012,0.50308305662435,0.00506185123724998
-0.6799999999999997,0.5066169923655898,0.005133215539071121
-0.6729999999999983,0.5101757524408211,0.00520558596757116
-0.6660000000000004,0.5137595112299982,0.005278976707585733
-0.6589999999999989,0.5173684443380222,0.005353402143934903
-0.652000000000001,0.5210027286033339,0.005428876864242383
-0.6449999999999996,0.5246625421065931,0.005505415661795052
-0.6379999999999981,0.528348064179392,0.005583033538442218
-0.6310000000000002,0.5320594754130475,0.005661745707536147
-0.6239999999999988,0.5357969576674567,0.005741567596914048
-0.6170000000000009,0.5395606940799939,0.005822514851921694
-0.6099999999999994,0.5433508690745001,0.005904603338480292
-0.602999999999998,0.5471676683703066,0.005987849146195957
-0.5960000000000001,0.5510112789913407,0.006072268591513462
-0.5889999999999986,0.5548818892752957,0.00615787822091443
-0.5820000000000007,0.5587796888828459,0.006244694814160201
-0.5749999999999993,0.5627048688069561,0.006332735387581075
-0.5679999999999978,0.5666576213822259,0.0064220171974112405
-0.5609999999999999,0.5706381402943204,0.006512557743171209
-0.5539999999999985,0.5746466205894666,0.0066043747710978875
-0.5470000000000006,0.5786832586839971,0.0066974862776225975
-0.5399999999999991,0.5827482523739902,0.0067919105128987954
-0.5330000000000013,0.586841800844946,0.0068876659843787845
-0.5259999999999998,0.5909641046815627,0.0069847714604416205
-0.5189999999999984,0.595115365877551,0.007083245974071427
-0.5120000000000005,0.5992957878455382,0.007183108826588086
-0.504999999999999,0.6035055754270412,0.007284379591430482
-0.4980000000000011,0.6077449349024895,0.0073870781179926235
-0.49099999999999966,0.6120140740013501,0.007491224535514602
-0.4839999999999982,0.6163132019122908,0.0075968392570276025
-0.4770000000000003,0.6206425292934371,0.007703942983355099
-0.46999999999999886,0.6250022682827016,0.00781255670717044
-0.46300000000000097,0.6293926325081622,0.007922701717111092
-0.4559999999999995,0.6338138370985493,0.00803439960195173
-0.44899999999999807,0.63826609869377,0.008147672254835307
-0.44200000000000017,0.6427496354555311,0.008262541877564363
-0.4349999999999987,0.6472646670780354,0.0083790309849528
-0.4280000000000008,0.6518114147987314,0.008497162409238477
-0.4209999999999994,0.6563901014091716,0.008616959304558853
-0.4139999999999979,0.6610009512659138,0.00873844515148886
-0.40700000000000003,0.6656441903015212,0.008861643761643357
-0.3999999999999986,0.6703200460356402,0.008986579282344457
-0.3930000000000007,0.6750287475861327,0.009113276201354058
-0.38599999999999923,0.6797705256803216,0.009241759351674015
-0.37900000000000134,0.6845456126662773,0.00937205391641298
-0.3719999999999999,0.6893542425242225,0.009504185433722891
-0.36499999999999844,0.6941966508779799,0.009638179801804078
-0.35800000000000054,0.6990730750065253,0.009774063283981577
-0.3509999999999991,0.7039837538556215,0.009911862513853046
-0.3440000000000012,0.7089289280495099,0.010051604500508545
-0.33699999999999974,0.7139088399027202,0.010193316633824959
-0.3299999999999983,0.7189237334319274,0.010337026689834019
-0.3230000000000004,0.7239738543679151,0.010482762836166701
-0.31599999999999895,0.7290594501676245,0.010630553637574381
-0.30900000000000105,0.7341807700262626,0.010780428061527117
-0.3019999999999996,0.7393380648895321,0.01093241548389196
-0.29499999999999815,0.7445315874659107,0.011086545694690182
-0.28800000000000026,0.7497615922390412,0.011242848903936445
-0.2809999999999988,0.7550283354802089,0.011401355747560295
-0.2740000000000009,0.7603320752608814,0.011562097293410374
-0.26699999999999946,0.7656730714653743,0.011725105047344404
-0.259999999999998,0.7710515858035678,0.011890410959403935
-0.2530000000000001,0.7764678818237377,0.01205804743007684
-0.24599999999999866,0.7819222249254784,0.012228047316648208
-0.23900000000000077,0.7874148823726873,0.012400443939639861
-0.23199999999999932,0.7929461233066842,0.012575271089341986
-0.22499999999999787,0.7985162187593787,0.012752563032435521
-0.21799999999999997,0.8041254416665596,0.012932354518708793
-0.21099999999999852,0.8097740668812775,0.013114680787868873
-0.20400000000000063,0.8154623711872921,0.013299577576448021
-0.19699999999999918,0.8211906333126586,0.013487081124808906
-0.19000000000000128,0.8269591339433613,0.013677228184247084
-0.18299999999999983,0.8327681557370911,0.013870056024195119
-0.17599999999999838,0.8386179833370754,0.014065602439526866
-0.16900000000000048,0.8445089033860339,0.014263905757965632
-0.16199999999999903,0.8504412045402339,0.014465004847596878
-0.15500000000000114,0.8564151774836125,0.014668939124485752
-0.1479999999999997,0.8624311149420457,0.014875748560403601
-0.14099999999999824,0.8684893116976694,0.01508547369066183
-0.13400000000000034,0.8745900646033338,0.015298155622057271
-0.1269999999999989,0.880733672597158,0.015513836040929556
-0.120000000000001,0.8869204367171566,0.015732557221331038
-0.11299999999999955,0.893150660116016,0.0159543620333135
-0.1059999999999981,0.8994246480759258,0.01617929395133006
-0.0990000000000002,0.9057427080235483,0.016407397062756613
-0.09199999999999875,0.9121051495450916,0.01663871607653348
-0.08500000000000085,0.9185122844014566,0.016873296331927645
-0.0779999999999994,0.9249644265435398,0.01711118380742039
-0.07099999999999795,0.931461892127594,0.017352425129718352
-0.06400000000000006,0.9380049995307295,0.017597067582892877
-0.05699999999999861,0.9445940693665247,0.017845159117648217
-0.05000000000000071,0.9512294245007133,0.018096748360719166
-0.04299999999999926,0.9579113900670314,0.01835188462440305
-0.03599999999999781,0.9646402934831252,0.018610617916224197
-0.028999999999999915,0.9714164644666049,0.018872998948735974
-0.021999999999998465,0.9782402350512115,0.019139079149460992
-0.015000000000000568,0.9851119396030621,0.019408910670970142
-0.007999999999999119,0.9920319148370615,0.019682546401105738
-0.0010000000000012221,0.9990004998333738,0.019960039973346614
0.006000000000000227,1.0060180360540651,0.020241445777321565
0.013000000000001677,1.013084867359811,0.020526818969468917
0.019999999999999574,1.0202013400267553,0.020816215483847746
0.027000000000001023,1.0273678027634905,0.021109692043101647
0.03399999999999892,1.0345846067281168,0.02140730616957544
0.04100000000000037,1.04185210554548,0.021709116196590997
0.04800000000000182,1.0491706553244724,0.022015181279879656
0.054999999999999716,1.056540614675494,0.02232556140917742
0.062000000000001165,1.0639623447280349,0.022640317419983555
0.06899999999999906,1.0714362091483451,0.02295951100548353
0.07600000000000051,1.0789625741572844,0.023283204728642266
0.08300000000000196,1.0865418085482401,0.02361146203446561
0.08999999999999986,1.0941742837052102,0.023944347262436196
0.09700000000000131,1.101860373621012,0.024281925659124723
0.1039999999999992,1.1096004549155816,0.02462426339097731
0.11100000000000065,1.117394906854459,0.024971427557285708
0.1180000000000021,1.1252441113673446,0.0253234862033377
0.125,1.1331484530668263,0.025680508333754827
0.13200000000000145,1.1411083192672367,0.026042563926017955
0.13899999999999935,1.1491241000036043,0.02640972394418187
0.1460000000000008,1.157196188050797,0.026782060352785915
0.1529999999999987,1.1653249789427365,0.027159646130957782
0.16000000000000014,1.1735108709918105,0.02754255528671915
0.1670000000000016,1.1817542653083635,0.0279308628714902
0.1739999999999995,1.190055565820362,0.02832464499480044
0.18100000000000094,1.1984151792932007,0.02872397883920709
0.18799999999999883,1.206833515349604,0.029128942675421654
0.19500000000000028,1.2153109864897311,0.02953961587765287
0.20200000000000173,1.2238480081113603,0.029956078939162883
0.20899999999999963,1.2324449985302544,0.03037841348804477
0.21600000000000108,1.241102379000673,0.030806702303222605
0.22299999999999898,1.2498205737359827,0.031241029330674817
0.23000000000000043,1.2586000099294783,0.03168147969988966
0.23700000000000188,1.267441117775286,0.03212813974054933
0.24399999999999977,1.2763443304894544,0.03258109699945148
0.2510000000000012,1.2853100843311969,0.03304044025766937
0.2579999999999991,1.2943388186242366,0.033506259547951694
0.26500000000000057,1.3034309757783695,0.033978646172371056
0.272000000000002,1.312587001311111,0.03445769272021789
0.2789999999999999,1.321807343869539,0.034943493086148913
0.28600000000000136,1.3310924552522936,0.03543614248859159
0.29299999999999926,1.3404427904316805,0.0359357374884054
0.3000000000000007,1.349858807576004,0.03644237600781023
0.30700000000000216,1.3593409680719837,0.03695615734957756
0.31400000000000006,1.3688897365473758,0.037477182216494875
0.3210000000000015,1.378505580893756,0.03800555273110464
0.3279999999999994,1.3881889722894116,0.038541372455718655
0.33500000000000085,1.397940385222468,0.03908474641271885
0.34199999999999875,1.4077602975141008,0.039635781105139795
0.3490000000000002,1.4176491903419863,0.04019458453754579
0.35600000000000165,1.4276075482638473,0.040761266237198265
0.36299999999999955,1.4376358592412088,0.041335937275524176
0.370000000000001,1.4477346146633259,0.041918710289887376
0.3769999999999989,1.4579043093712243,0.04250969950566373
0.38400000000000034,1.46814544168199,0.043109020758632106
0.3910000000000018,1.4784585134131498,0.043716791517676414
0.3979999999999997,1.4888440299072772,0.044333130907810825
0.40500000000000114,1.4993025000567686,0.04495815973352953
0.41199999999999903,1.5098344363287435,0.045592000502482695
0.4190000000000005,1.5204403547901968,0.04623477744949079
0.42600000000000193,1.5311207751332503,0.0468866165608929
0.43299999999999983,1.5418762207006322,0.0475476455992413
0.4400000000000013,1.552707218511338,0.04821799412834432
0.4469999999999992,1.5636142992864168,0.04889779353865904
0.4540000000000006,1.5745979974750197,0.04958717707304684
0.4610000000000021,1.5856588512805503,0.050286279852887084
0.46799999999999997,1.5967974026870526,0.05099523890456235
0.4750000000000014,1.6080141974857851,0.05171419318631707
0.4819999999999993,1.619309785301926,0.052443283615491394
0.48900000000000077,1.6306847196215501,0.053182653096144276
0.49599999999999866,1.642139557818703,0.053932446547060114
0.5030000000000001,1.6536748611827603,0.05469281093015643
0.5100000000000016,1.6652911949458888,0.05546389527928613
0.5169999999999995,1.6769891283107614,0.05624585072944975
0.5240000000000009,1.6887692344784653,0.05703883054641963
0.5309999999999988,1.7006320906765477,0.05784299015677772
0.5380000000000003,1.712578278187348,0.05865848717838283
0.5450000000000017,1.7246083823764384,0.05948548145126152
0.5519999999999996,1.736722992721325,0.06032413506893831
0.559000000000001,1.7489227028403511,0.06117461241020799
0.565999999999999,1.761208110521741,0.06203708017135122
0.5730000000000004,1.7735798177529418,0.06291170739881116
0.5800000000000018,1.7860384307500767,0.06379866552232392
0.5869999999999997,1.798584559987669,0.06469812838852074
0.5940000000000012,1.8112188202285748,0.06561027229500381
0.6009999999999991,1.8239418305540605,0.06653527602489794
0.6080000000000005,1.8367542143941906,0.0674733208818964
0.615000000000002,1.8496565995583307,0.06842459072579375
0.6219999999999999,1.8626496182659287,0.0693892720085242
0.6290000000000013,1.875733907177514,0.07036755381070846
0.6359999999999992,1.888910107425848,0.07135962787871059
0.6430000000000007,1.9021788646473927,0.07236568866222488
0.6500000000000021,1.9155408290139002,0.0733859333523852
0.657,1.9289966552642908,0.07442056192041642
0.6640000000000015,1.9425470027367568,0.07546977715683116
0.6709999999999994,1.9561925354010221,0.07653378471117359
0.6780000000000008,1.9699339218909313,0.07761279313233171
0.6849999999999987,1.9837718355371574,0.07870701390940925
0.6920000000000002,1.9977069544002524,0.07981666151318265
0.6990000000000016,2.0117399613038214,0.08094195343813403
0.7059999999999995,2.0258715438680035,0.08208311024508257
0.713000000000001,2.040102394543186,0.08324035560441685
0.7199999999999989,2.0544332106438854,0.08441391633993087
0.7270000000000003,2.068864694382972,0.08560402247328697
0.7340000000000018,2.083397552906029,0.08681090726909661
0.7409999999999997,2.0980324983260252,0.08803480728064286
0.7480000000000011,2.112770247758229,0.08927596239624735
0.754999999999999,2.127611523355296,0.09053461588628485
0.7620000000000005,2.142557052342715,0.09181101445087007
0.7690000000000019,2.15760756705439,0.09310540826820729
0.7759999999999998,2.172763804968545,0.09441805104362778
0.7830000000000013,2.1880265087438855,0.09574920005931914
0.7899999999999991,2.2033964262559347,0.09709911622474848
0.7970000000000006,2.2188743106337423,0.0984680641278073
0.804000000000002,2.234460920296731,0.0998563120866663
0.8109999999999999,2.250157018991886,0.10126413220236902
0.8180000000000014,2.2659633758311992,0.10269180041216651
0.8249999999999993,2.2818807653293023,0.10413959654359685
0.8320000000000007,2.2979099674414813,0.1056078043693382
0.8390000000000022,2.3140517676018395,0.10709671166282396
0.8460000000000001,2.330306956761806,0.10860661025464939
0.8530000000000015,2.346676331428918,0.11013779608977371
0.8599999999999994,2.3631606937057934,0.11169056928552093
0.8670000000000009,2.379760851329499,0.11326523419041004
0.8739999999999988,2.3964776177110623,0.11486209944380177
0.8810000000000002,2.413311811975398,0.11648147803639956
0.8880000000000017,2.4302642590013845,0.11812368737159097
0.8949999999999996,2.44733578946231,0.11978904932766217
0.902000000000001,2.4645272398665994,0.12147789032088957
0.9089999999999989,2.4818394525987455,0.12319054136951282
0.9160000000000004,2.499273275960653,0.1249273381586219
0.9230000000000018,2.5168295642131464,0.12668862110594675
0.9299999999999997,2.534509177617854,0.12847473542858262
0.9370000000000012,2.5523129824793873,0.13028603121065652
0.9439999999999991,2.5702418511877294,0.13212286347193852
0.9510000000000005,2.5882966622610524,0.1339855922374341
0.958000000000002,2.606478300388702,0.13587458260794352
0.9649999999999999,2.624787656474575,0.13779020483162585
0.9720000000000013,2.6432256276808017,0.13973283437657136
0.9789999999999992,2.6617931174716416,0.141702852004388
0.9860000000000007,2.680491035657828,0.14370064384483955
0.9930000000000021,2.699320298441085,0.14572660147152136
1.0,2.718281828459045,0.14778112197861298
1.0070000000000014,2.7373765548304934,0.14986460805871324
1.0139999999999993,2.7566054132008233,0.15197746808176163
1.0210000000000008,2.7759693457879613,0.15412011617508883
1.0279999999999987,2.795469301428459,0.1562929723045783
1.0350000000000001,2.8151062356240644,0.1584964623569898
1.0420000000000016,2.834881110588472,0.16073101822342659
1.0489999999999995,2.854794895294502,0.16299707788399093
1.056000000000001,2.874848565521609,0.16529508549363306
1.0629999999999988,2.8950431039036273,0.167625491469199
1.0700000000000003,2.9153794999769973,0.16998875257772256
1.0770000000000017,2.9358587502291864,0.1723853320259456
1.0839999999999996,2.956481858147544,0.17481569955111106
1.091000000000001,2.977249834268504,0.1772803315130367
1.097999999999999,2.9981636962270324,0.1797797109874748
1.1050000000000004,3.01922446880657,0.18231432786080629
1.1120000000000019,3.0404331839891765,0.18488467892605123
1.1189999999999998,3.0617908810061287,0.18749126798024573
1.1260000000000012,3.083298606388875,0.1901346059231916
1.1329999999999991,3.104957414020242,0.19281521085758535
1.1400000000000006,3.1267683651861575,0.19553360819057833
1.147000000000002,3.148732528627583,0.19829033073674904
1.154,3.1708509805929093,0.2010859188225403
1.1610000000000014,3.193124804890732,0.20392092039216947
1.1679999999999993,3.2155550929428744,0.20679589111501717
1.1750000000000007,3.238142943837963,0.2097113944945518
1.1820000000000022,3.260889464385199,0.2126680019787678
1.189,3.2837957691686293,0.21566629307219579
1.1960000000000015,3.3068629806017937,0.2187068554494916
1.2029999999999994,3.330092228982646,0.22179028507061213
1.2100000000000009,3.3534846525490267,0.22491718629763732
1.2169999999999987,3.377041397534348,0.22808817201321482
1.2240000000000002,3.400763618223851,0.2313038637406996
1.2310000000000016,3.4246524770110844,0.23456489176596315
1.2379999999999995,3.4487091444548965,0.2378718952609365
1.245000000000001,3.472934799336829,0.24122552240889483
1.251999999999999,3.4973306287187946,0.24462643053149197
1.2590000000000003,3.521897828001338,0.24807528621761088
1.2660000000000018,3.5466376009821285,0.25157276545400536
1.2729999999999997,3.571551159914978,0.2551195537578005
1.2800000000000011,3.5966397255692857,0.25871634631086216
1.286999999999999,3.621904527289762,0.26236384809604146
1.2940000000000005,3.647346803056772,0.2660627740353691
1.301000000000002,3.6729677995469068,0.2698138491301689
1.3079999999999998,3.6987687721941067,0.273617808603166
1.3150000000000013,3.724750985251221,0.2774753980425988
1.3219999999999992,3.750915711851861,0.28138737354834303
1.3290000000000006,3.777264234072892,0.28535450188012546
1.336000000000002,3.8037978429971613,0.2893775606077971
1.343,3.8305178387768017,0.29345733826374604
1.3500000000000014,3.85742553069698,0.29759463449745754
1.3569999999999993,3.884522237239956,0.3017902602322343
1.3640000000000008,3.9118092861498006,0.30604503782415626
1.3710000000000022,3.9392880144973557,0.31035980122325035
1.3780000000000001,3.9669597687457943,0.3147353961369537
1.3850000000000016,3.994825904816639,0.3191726801958816
1.3919999999999995,4.022887788156105,0.32367252312191036
1.399000000000001,4.051146793802119,0.32823580689866383
1.4059999999999988,4.079604306451584,0.3328634259443662
1.4130000000000003,4.108261720528341,0.33755628728716963
1.4200000000000017,4.1371204402514,0.3423153107429188
1.4269999999999996,4.166181879703787,0.34714142909544365
1.434000000000001,4.195447462901879,0.3520355882793963
1.440999999999999,4.224918623865078,0.3569987475656398
1.4480000000000004,4.2545968066862,0.3620318797492882
1.4550000000000018,4.284483465602125,0.36713597134035986
1.4619999999999997,4.314580065065103,0.37231202275714376
1.4690000000000012,4.344888079814562,0.3775610485222935
1.475999999999999,4.375408994949258,0.3828840774616576
1.4830000000000005,4.40614430600017,0.38828215290595447
1.490000000000002,4.437095519003673,0.3937563328952495
1.4969999999999999,4.468264150575383,0.39930769038634295
1.5040000000000013,4.499651727984512,0.4049373134630801
1.5109999999999992,4.531259789228604,0.410646305549601
1.5180000000000007,4.563089883109015,0.4164357856266369
1.5250000000000021,4.595143569306698,0.42230688845081404
1.532,4.627422418458674,0.42826076477707853
1.5390000000000015,4.659928012235043,0.4342985815842568
1.5459999999999994,4.69266194341637,0.4404215223037661
1.5530000000000008,4.725625815971866,0.4466307870515953
1.5599999999999987,4.758821245137848,0.45292759286350676
1.5670000000000002,4.792249857497021,0.4593131739336044
1.5740000000000016,4.825913291058063,0.46578878185621725
1.5809999999999995,4.859813195335936,0.47235568587122556
1.588000000000001,4.893951231432767,0.47901517311284586
1.5949999999999989,4.928329072119119,0.48576854886188997
1.6020000000000003,4.962948401916102,0.4926171368016318
1.6090000000000018,4.997810917177784,0.4995622792772288
1.6159999999999997,5.032918326174369,0.5066053375588362
1.623000000000001,5.06827234917596,0.513747692108432
1.629999999999999,5.103874718536721,0.5209907428503658
1.6370000000000005,5.13972717877991,0.5283359094457778
1.644000000000002,5.175831486683235,0.5357846315708317
1.6509999999999998,5.212189411364988,0.543338369198906
1.6580000000000013,5.24880273437079,0.5509986028867657
1.6649999999999991,5.285673249760759,0.5587668340647293
1.6720000000000006,5.322802764197561,0.5666445853309838
1.679000000000002,5.360193097034814,0.5746334007499934
1.686,5.397846080406289,0.5827348461551508
1.6930000000000014,5.435763559315745,0.5909505094556996
1.6999999999999993,5.4739473917271955,0.5992820009479393
1.7070000000000007,5.512399448656108,0.6077309536308834
1.7140000000000022,5.551121614260945,0.616299023526301
1.721,5.59011578593555,0.6249878900033167
1.7280000000000015,5.629383874402177,0.6337992561075854
1.7349999999999994,5.668927803804976,0.6427348488950623
1.7420000000000009,5.708749511804443,0.6517964197705495
1.7489999999999988,5.748850949672195,0.660985744830938
1.7560000000000002,5.789234082386752,0.6703046252133676
1.7630000000000017,5.829900888729678,0.6797548874482218
1.7699999999999996,5.870853361382599,0.6893383838171472
1.777000000000001,5.91209350702491,0.699056992716122
1.783999999999999,5.953623346431957,0.7089126190235931
1.7910000000000004,5.9954449145742235,0.7189071944738784
1.7980000000000018,6.037560260716895,0.7290426780357572
1.8049999999999997,6.079971448520337,0.7393210562964496
1.8120000000000012,6.122680556141281,0.7497443438510102
1.818999999999999,6.165689676334503,0.7603145836971572
1.8260000000000005,6.20900091655554,0.7710338476357508
1.833000000000002,6.252616399063809,0.7819042366768335
1.8399999999999999,6.296538261026656,0.7929278814514519
1.8470000000000013,6.34076865462415,0.8041069426292832
1.8539999999999992,6.385309747154382,0.8154436113420953
1.8610000000000007,6.430163721139843,0.8269401096132599
1.868000000000002,6.475332774434212,0.8385986907932373
1.875,6.5208191203301125,0.8504216400012556
1.8820000000000014,6.566624987667642,0.8624112745732212
1.8889999999999993,6.612752620943418,0.8745699445158809
1.8960000000000008,6.659204280420748,0.8869000329674802
1.9029999999999987,6.705982242240192,0.899403956664816
1.9100000000000001,6.753088798531287,0.912084166416975
1.9170000000000016,6.800526257524694,0.9249431475856564
1.9239999999999995,6.848296943665369,0.9379834205723288
1.931000000000001,6.89640319772654,0.9512075413122569
1.9379999999999988,6.944847376924233,0.9646181017754282
1.9450000000000003,6.993631855032971,0.9782177304746383
1.9520000000000017,7.042759022501916,0.9920090929806429
1.9589999999999996,7.092231286572081,1.0059948924446374
1.966000000000001,7.142051071394351,1.0201778701281041
1.972999999999999,7.192220818148103,1.0345608059400595
1.9800000000000004,7.242742985161016,1.049146518981982
1.9870000000000019,7.293620048029355,1.0639378681003147
1.9939999999999998,7.344854499739356,1.0789377524468295
2.0010000000000012,7.396448850789457,1.0941491120468936
2.007999999999999,7.448405629313128,1.10957492837567
2.0150000000000006,7.500727381202966,1.125218224942558
2.022000000000002,7.553416670235256,1.1410820678837572
2.029,7.606476078195676,1.1571695665632615
2.0360000000000014,7.659908205005887,1.1734838741823301
2.0429999999999993,7.713715668850737,1.1900281883974675
2.0500000000000007,7.767901106306778,1.2068057519472413
2.057000000000002,7.8224671724712564,1.223819853287809
2.064,7.877416541092307,1.241073827237494
2.0710000000000015,7.932751904700042,1.2585710556304428
2.0779999999999994,7.988475974738293,1.2763149679794183
2.085000000000001,8.044591481697697,1.294309042148063
2.0919999999999987,8.101101175249267,1.3125568050325012
2.099,8.158007824379352,1.3310618332526947
2.1060000000000016,8.215314217525115,1.349827753853406
2.1129999999999995,8.273023162711258,1.3688582450151399
2.120000000000001,8.3311374876877,1.3881570367751064
2.126999999999999,8.389660040067934,1.4077279117582537
2.1340000000000003,8.448593687468794,1.427574705918751
2.141000000000002,8.507941317650767,1.4477013092917812
2.1479999999999997,8.567705838659572,1.4681116667560263
2.155000000000001,8.627890178968762,1.4888097788069123
2.161999999999999,8.68849728762299,1.5097997023406413
2.1690000000000005,8.74953013438277,1.5310855514494435
2.176000000000002,8.810991709869771,1.5526714982278769
2.183,8.87288502571346,1.574561773590603
2.1900000000000013,8.93521311469876,1.5967606681016944
2.196999999999999,8.99797903091444,1.619272532815519
2.2040000000000006,9.061185849903014,1.642101780129652
2.211000000000002,9.124836668811227,1.6652528846496395
2.218,9.188934606541913,1.688730384066072
2.2250000000000014,9.253482803906905,1.712538880044016
2.2319999999999993,9.31848442378073,1.7366830391248815
2.2390000000000008,9.383942651255827,1.761167593641165
2.246000000000002,9.44986069379841,1.7859973426439235
2.253,9.516241781405718,1.8111771528434375
2.2600000000000016,9.583089166764394,1.8367119595631416
2.2669999999999995,9.650406125409624,1.8626067677068718
2.274000000000001,9.718195955885925,1.888866652739951
2.280999999999999,9.78646197990848,1.9154967616838843
2.2880000000000003,9.855207542526198,1.9425023141253053
2.2950000000000017,9.924436012285366,1.9698886032389331
2.3019999999999996,9.994150781394818,1.9976609968250933
2.309000000000001,10.06435526589226,2.025824938361865
2.315999999999999,10.135052905811408,2.0543859480719253
2.3230000000000004,10.206247165350835,2.083349624004639
2.330000000000002,10.277941533043467,2.112721643133198
2.3369999999999997,10.35013952192763,2.1425077624673667
2.344000000000001,10.422844669719298,2.17271382018192
2.350999999999999,10.496060538985187,2.2033457367608404
2.3580000000000005,10.569790717317613,2.2344095161578714
2.365000000000002,10.64403881751003,2.2659112469732063
2.372,10.718808477734166,2.2978571036469164
2.3790000000000013,10.794103361718406,2.330253347669212
2.3859999999999992,10.869927158927057,2.363106328807601
2.3930000000000007,10.946283584741428,2.396422486351593
2.400000000000002,11.023176380641624,2.430208350374708
2.407,11.100609314389992,2.464470543014437
2.4140000000000015,11.178586180215852,2.4992157797702568
2.4209999999999994,11.257110799001158,2.5344508708197697
2.428000000000001,11.336187018468015,2.570182722353655
2.4349999999999987,11.415818713366926,2.60641833792917
2.442,11.49600978566695,2.6431648198430056
2.4490000000000016,11.576764164746635,2.6804293705232367
2.4559999999999995,11.658085807586675,2.718219293941077
2.463000000000001,11.739978698963919,2.7565419970425307
2.469999999999999,11.822446851646347,2.7954049912000527
2.4770000000000003,11.905494306590027,2.8348158936849512
2.4840000000000018,11.989125133136826,2.874782429160262
2.4909999999999997,12.073343429213933,2.9153124311948653
2.498000000000001,12.158153321534794,2.956413843798951
2.504999999999999,12.243558965801014,2.9980947229809285
2.5120000000000005,12.329564546906338,3.0403632383265937
2.519000000000002,12.416174279141407,3.0832276746002525
2.526,12.503392406400382,3.1266964333686147
2.5330000000000013,12.591223202389038,3.170778034647601
2.539999999999999,12.679670970833865,3.21548111857214
2.5470000000000006,12.768740045693304,3.2608144470898375
2.554000000000002,12.858434791369797,3.3067869056781847
2.561,12.948759602923785,3.3534075050862184
2.5680000000000014,13.039718906289197,3.4006853831007184
2.5749999999999993,13.131317158490006,3.448629806337081
2.5820000000000007,13.223558847858989,3.497250172055795
2.589000000000002,13.316448494257337,3.54655601000417
2.596,13.409990649296258,3.5965569842842617
2.6030000000000015,13.504189896560161,3.6472628952471506
2.6099999999999994,13.599050851830919,3.698683681413665
2.617000000000001,13.69457816331441,3.7508294214225577
2.6239999999999988,13.790776511867916,3.8037103360057563
2.6310000000000002,13.887650611229862,3.8573367899918636
2.6380000000000017,13.985205208250452,3.9117192943375114
2.6449999999999996,14.083445083124406,3.9668685081876203
2.652000000000001,14.182375049625351,4.022795240964714
2.658999999999999,14.281999955341337,4.0795104544874
2.6660000000000004,14.382324681912783,4.137025265119153
2.673000000000002,14.48335414527131,4.195350945946953
2.6799999999999997,14.585093295880785,4.254498928990932
2.687000000000001,14.687547118980051,4.314480807445184
2.693999999999999,14.790720634826831,4.3753083379498445
2.7010000000000005,14.894618898944152,4.4369934428956865
2.708000000000002,14.999247002367692,4.499548212760724
2.715,15.104610071895399,4.562984908480079
2.7220000000000013,15.210713270338868,4.6273159638492585
2.728999999999999,15.317561796775944,4.692553987960998
2.7360000000000007,15.42516088680591,4.758711767676938
2.743000000000002,15.533515812805653,4.825802270133665
2.75,15.642631884188171,4.893838645284408
2.7570000000000014,15.752514447662906,4.962834228476572
2.7639999999999993,15.86316888749734,5.032802543065272
2.771000000000001,15.974600625781278,5.103757303064232
2.7780000000000022,16.086815122692137,5.175712415833528
2.785,16.19981787676266,5.248681984805581
2.7920000000000016,16.31361442515052,5.322680312249581
2.7989999999999995,16.42821034390924,5.39772190207453
2.806000000000001,16.54361124826189,5.473821462672346
2.812999999999999,16.65982279287575,5.5509939098004475
2.8200000000000003,16.77685067213988,5.629254369505607
2.8270000000000017,16.894700620443714,5.708618181088425
2.8339999999999996,17.01337841245825,5.789100900110006
2.841000000000001,17.13288986341915,5.8707183014410145
2.847999999999999,17.25324082941131,5.953486382353311
2.8550000000000004,17.374437207656268,6.037421365655811
2.862000000000002,17.496484936800737,6.122539702873902
2.8689999999999998,17.61938999720781,6.208858077474133
2.8760000000000012,17.74315841125016,6.296393408134346
2.882999999999999,17.867796243604715,6.385162852059495
2.8900000000000006,17.993309601550326,6.4751838083448625
2.897000000000002,18.11970463526658,6.566473921386023
2.904,18.24698753813535,6.659051084337335
2.9110000000000014,18.37516454704448,6.752933442619208
2.9179999999999993,18.50424194269292,6.848139397474319
2.9250000000000007,18.634226049899016,6.944687609574702
2.932000000000002,18.76512323790996,7.042597002678969
2.939,18.89693992071409,7.141886767341556
2.9460000000000015,19.02968255735537,7.242576364674303
2.9529999999999994,19.16335765224942,7.344685530160529
2.960000000000001,19.297971755502775,7.448234277523658
2.9669999999999987,19.43353146323329,7.553242902649564
2.974,19.570043417893903,7.65973198756505
2.9810000000000016,19.70751430859764,7.767722404471615
2.9879999999999995,19.84595087144558,7.877235319836632
2.995000000000001,19.98535988985714,7.9882921985422115
3.001999999999999,20.12574819490198,8.100914808092007
3.0090000000000003,20.26712266563527,8.215125222878138
3.016000000000002,20.4094902294343,8.330945828507483
3.0229999999999997,20.552857862338104,8.448399326189465
3.030000000000001,20.697232589389525,8.567508737185758
3.036999999999999,20.842621484978935,8.68829740732211
3.0440000000000005,20.989031673191448,8.810789011564676
3.051000000000002,21.136470328155507,8.935007558659963
3.058,21.284944674394637,9.060977395840814
3.0650000000000013,21.434461987181656,9.188723213598708
3.071999999999999,21.585029592894657,9.318270050522761
3.0790000000000006,21.736654869376597,9.449643298207867
3.086000000000002,21.889345246296287,9.582868706231077
3.093,22.04310820551267,9.7179723871988
3.1000000000000014,22.197951281441664,9.854980821865153
3.1069999999999993,22.35388206142482,9.993920864321806
3.1140000000000008,22.51090818610171,10.13481974726202
3.121000000000002,22.669037349783782,10.277705087317843
3.128,22.82827730083162,10.422604890473282
3.1350000000000016,22.988635842034846,10.569547557553783
3.1419999999999995,23.150120830993895,10.71856188979235
3.149000000000001,23.31274018050571,10.869677094475307
3.155999999999999,23.476501858950787,11.022922790666396
3.1630000000000003,23.641413890684294,11.178329015012805
3.1700000000000017,23.80748435642871,11.335926227631953
3.1769999999999996,23.974721393669995,11.495745318081955
3.184000000000001,24.143133197056603,11.65781761141633
3.190999999999999,24.31272801880043,11.82217487432327
3.1980000000000004,24.483514169081843,11.988849321352628
3.205000000000002,24.65550001645629,12.157873621229523
3.2119999999999997,24.82869398826462,12.329280903257754
3.219000000000001,25.003104571046283,12.50310476381351
3.225999999999999,25.178740310954545,12.679379272929749
3.2330000000000005,25.355609814175992,12.858138980974758
3.240000000000002,25.533721747351574,13.039418925423496
3.247,25.713084838001567,13.223254637725322
3.2540000000000013,25.89370787495348,13.409682150268559
3.2609999999999992,26.075599708772085,13.598738003442298
3.2680000000000007,26.25876925219381,13.790459252799183
3.275000000000002,26.443225480562848,13.984883476317766
3.282,26.628977432271196,14.182048781768174
3.2890000000000015,26.81603420920184,14.38199381418167
3.2959999999999994,27.004404977174094,14.5847577634245
3.303000000000001,27.19409896639346,14.79038037188004
3.3099999999999987,27.385125471903184,14.998901942237612
3.317,27.57749385404044,15.210363345392766
3.3240000000000016,27.77121353889435,15.424806028457379
3.3309999999999995,27.966294018768135,15.642272022883729
3.338000000000001,28.162744852644536,15.862803952703128
3.344999999999999,28.360575666653524,16.0864450428796
3.3520000000000003,28.559796154544763,16.313239127782996
3.3590000000000018,28.760416078161928,16.5432306597799
3.3659999999999997,28.962445267921307,16.776464717946748
3.373000000000001,29.16589362329383,17.012987016905832
3.379999999999999,29.370771113289408,17.252843915784712
3.3870000000000005,29.577087776946254,17.49608242730367
3.394000000000002,29.78485372382206,17.74275022698954
3.401,29.994079134489695,17.992895662520603
3.4080000000000013,30.20477426103635,18.246567763203277
3.414999999999999,30.416949427565168,18.50381624958114
3.4220000000000006,30.63061503070198,18.764691543181318
3.429000000000002,30.84578154010398,19.029244776396393
3.436,31.062459498973077,19.297527802506856
3.4430000000000014,31.280659524572823,19.56959320584497
3.4499999999999993,31.50039230874791,19.845494312100488
3.4570000000000007,31.721668618448952,20.12528519877378
3.464000000000002,31.944499296259284,20.4090207057742
3.471,32.1688952609266,20.69675644616931
3.4780000000000015,32.394867507898276,20.98854881708567
3.4849999999999994,32.62242710985941,21.284455010761803
3.492000000000001,32.85158521727625,21.58453302575927
3.4989999999999988,33.0823530589417,21.888841678329385
3.5060000000000002,33.31474194252638,22.197440613942533
3.5130000000000017,33.548763255131995,22.510390318977894
3.5199999999999996,33.78442846384954,22.827752132579334
3.527000000000001,34.02174911632165,23.14958825867866
3.533999999999999,34.26073684130753,23.475961778186548
3.5410000000000004,34.50140334925378,23.806936661357994
3.548000000000002,34.7437604328673,24.142577780329503
3.5549999999999997,34.98781996769357,24.482950921834735
3.562000000000001,35.23359391269887,24.82812280009942
3.568999999999999,35.48109431085543,25.178161069916356
3.5760000000000005,35.73033328973255,25.533134339907402
3.583000000000002,35.981323062089906,25.89311218596966
3.59,36.234075926476464,26.258165164913226
3.5970000000000013,36.48860426783339,26.62836482829098
3.603999999999999,36.744920558100084,27.003783736421724
3.6110000000000007,37.00303735682631,27.384495472613672
3.618000000000002,37.262967311786724,27.770574657585716
3.625,37.524723159600995,28.16209696409391
3.6320000000000014,37.78831772635831,28.55913913176411
3.6389999999999993,38.053763928244905,28.961778982131865
3.646000000000001,38.32107477217805,29.370095433897223
3.6530000000000022,38.590263356442456,29.78416851839171
3.66,38.86134287133247,30.204079395265257
3.6670000000000016,39.13432659979884,30.629910368394462
3.6739999999999995,39.4092279180986,31.061744902012844
3.681000000000001,39.68606029645163,31.49966763707189
3.687999999999999,39.964837299699575,31.943764407829168
3.6950000000000003,40.24557258797165,32.3941222586739
3.7020000000000017,40.52827991735303,32.85082946118642
3.7089999999999996,40.81297314055926,33.31397553144023
3.716000000000001,41.09966620761553,33.78365124754827
3.722999999999999,41.388373166539196,34.25994866745404
3.7300000000000004,41.67910816402931,34.742961146977095
3.737000000000002,41.97188544615877,35.232783358109494
3.7439999999999998,42.26671935907283,35.72951130757244
3.7510000000000012,42.56362434969252,36.23324235563476
3.757999999999999,42.86261496642147,36.744075235193954
3.7650000000000006,43.163705859860045,37.26211007113033
3.772000000000002,43.4669117835221,37.78744839992985
3.779,43.77224759455841,38.32019318958648
3.7860000000000014,44.079728254485126,38.86044885978509
3.7929999999999993,44.38936882991578,39.40832130236598
3.8000000000000007,44.70118449330086,39.96391790208242
3.807000000000002,45.01519052367007,40.527347557646316
3.814,45.331402307381595,41.098720703073624
3.8210000000000015,45.649835338876414,41.6781493293306
3.8279999999999994,45.97050522143646,42.26574700628234
3.835000000000001,46.293427667950475,42.86162890495525
3.8419999999999987,46.618618501682604,43.46591182010848
3.849,46.946093657049104,44.078714193128526
3.8560000000000016,47.275869180397954,44.700156135242025
3.8629999999999995,47.607961230795595,45.33035945105873
3.870000000000001,47.9423860808193,45.96944766244672
3.876999999999999,48.27916011735327,46.61754603274069
3.8840000000000003,48.61829984239304,47.27478159129671
3.891000000000002,48.95982187385282,47.94128315838793
3.8979999999999997,49.3037429463803,48.6171813704549
3.905000000000001,49.6500799121772,49.302608705711634
3.911999999999999,49.99884974182379,49.99769951010946
3.9190000000000005,50.35006952511186,50.702590023671966
3.926000000000002,50.70375647188089,51.41741840719606
3.933,51.05992791286185,52.14232476933298
3.9400000000000013,51.41860130052698,52.877451194051105
3.946999999999999,51.77979420994368,53.62294176848234
3.9540000000000006,52.14352433963714,54.378942611166615
3.961000000000002,52.50980951245631,55.14560190068894
3.968,52.878667676447755,55.92306990472402
3.9750000000000014,53.250116905735695,56.711499009490375
3.9819999999999993,53.6241754014063,57.511043749615766
3.9890000000000008,54.000861492401086,58.32186083842973
3.996000000000002,54.38019363641369,59.14410919867697
4.003,54.76219042079488,59.97794999366797
4.010000000000002,55.1468705634639,60.82354665886883
4.0169999999999995,55.53425291382432,61.68106493393209
4.024000000000001,55.924356453689214,62.55067289518581
4.030999999999999,56.317200298209684,63.432540988573386
4.038,56.71280369681312,64.3268420630652
4.045000000000002,57.11118603414501,65.2337514045344
4.052,57.51236683101938,66.15344677011475
4.059000000000001,57.91636574537596,67.08610842304316
4.065999999999999,58.32320257324198,68.0319191679884
4.073,58.73289724970381,68.99106438688531
4.080000000000002,59.145469849882375,69.9637320752669
4.087,59.56094058991741,70.95011287911342
4.094000000000001,59.979329827958736,71.95040013222122
4.100999999999999,60.400658065162304,72.96478989409312
4.1080000000000005,60.82494594669647,73.99348098837093
4.115000000000002,61.25221426275209,75.03667504180181
4.122,61.68248394956194,76.09457652375933
4.129000000000001,62.1157760904272,77.16739278632174
4.135999999999999,62.55211191674901,78.25533410490988
4.143000000000001,62.99151280907063,79.35861371950618
4.150000000000002,63.43400029812346,80.47744787644655
4.157,63.87959606588278,81.61205587080694
4.1640000000000015,64.32832194663082,82.76266008938771
4.170999999999999,64.78019992802507,83.92948605429798
4.178000000000001,65.23525215217747,85.1127624671635
4.185000000000002,65.69350091673785,86.31272125394874
4.192,66.15496867598709,87.52959761041666
4.199000000000002,66.61967804193823,88.76363004823014
4.2059999999999995,67.0876517854427,90.01506044169626
4.213000000000001,67.55891283730804,91.28413407517972
4.219999999999999,68.03348428941959,92.57109969117404
4.227,68.51138939587396,93.87620953906142
4.234000000000002,68.99265157411673,95.19971942454944
4.241,69.4772944060907,96.54188875981207
4.248000000000001,69.9653416393921,97.90298061433707
4.254999999999999,70.45681718843247,99.28326176648385
4.2620000000000005,70.9517451356126,100.68300275577853
4.269000000000002,71.45014973250066,102.1024779359353
4.276,71.95205540102135,103.54196552863291
4.283000000000001,72.4574867346534,105.00174767804947
4.289999999999999,72.96646849963274,106.48211050615794
4.297000000000001,73.47902563616822,107.98334416881333
4.304000000000002,73.99518325966181,109.50574291261871
4.311,74.51496666194011,111.04960513260092
4.318000000000001,75.03840131249433,112.615233430699
4.324999999999999,75.56551285972655,114.20293467506997
4.332000000000001,76.09632713220859,115.8130200602421
4.339000000000002,76.63087013994574,117.44580516810457
4.346,77.16916807565207,119.10161002976476
4.3530000000000015,77.71124731603466,120.78075918827808
4.359999999999999,78.25713442308421,122.48358176225344
4.367000000000001,78.80685614537875,124.2104115103684
4.373999999999999,79.36043941939208,125.96158689678
4.381,79.91791137081599,127.737451157472
4.388000000000002,80.47929931588733,129.53835236752366
4.395,81.04463076272745,131.36464350933656
4.402000000000001,81.61393341269095,133.21668254182308
4.408999999999999,82.18723516172099,135.09483247056053
4.416,82.76456410171856,136.9994614189496
4.423000000000002,83.34594852191697,138.93094270036067
4.43,83.93141691026881,140.88965489130715
4.437000000000001,84.52099795484285,142.875981905651
4.443999999999999,85.11472054522766,144.89031306984398
4.4510000000000005,85.71261377394954,146.9330431992449
4.458000000000002,86.31470693789605,149.0045726754976
4.465,86.92102953975237,151.10530752501006
4.472000000000001,87.53161128944792,153.23565949854014
4.478999999999999,88.14648210560999,155.39604615189245
4.486000000000001,88.76567211703222,157.58689092776945
4.493000000000002,89.38921166414875,159.80862323875974
4.5,90.01713130052181,162.06167855150767
4.5070000000000014,90.64946179433989,164.34649847206973
4.513999999999999,91.28623412992303,166.6635308324625
4.521000000000001,91.92747950924375,169.0132297784486
4.528000000000002,92.57322935345363,171.39605585854258
4.535,93.22351530442387,173.81247611428302
4.542000000000002,93.87836922629685,176.2629641717784
4.5489999999999995,94.53782320704514,178.74800033453045
4.556000000000001,95.20190956004637,181.268071677585
4.562999999999999,95.87066082566405,183.8236721429903
4.57,96.54410977284468,186.41530263662167
4.577000000000002,97.22228940072108,189.04347112635125
4.584,97.90523294023036,191.70869274161538
4.591000000000001,98.59297385574331,194.41148987438567
4.597999999999999,99.28554584670167,197.15239228155
4.605,99.98298284927229,199.93193718875756
4.612000000000002,100.68531903800748,202.750669395707
4.619,101.39258882752067,205.6091413829334
4.626000000000001,102.10482687417377,208.50791342009995
4.632999999999999,102.82206807777284,211.44755367580308
4.640000000000001,103.54434758328111,214.42863832894665
4.647000000000002,104.27170078253849,217.45175168166475
4.654,105.0041633159969,220.517486273851
4.661000000000001,105.74177107446779,223.62644299930307
4.667999999999999,106.48456020087816,226.77923122348895
4.675000000000001,107.23256709204456,229.97646890299674
4.682000000000002,107.98582840045397,233.21878270664584
4.689,108.74438103606082,236.50680813831966
4.6960000000000015,109.50826216809678,239.84118966153233
4.702999999999999,110.2775092268894,243.22258082573356
4.710000000000001,111.05215990569927,246.65164439442
4.716999999999999,111.83225216256385,250.1290524750253
4.724,112.61782422216059,253.65548665066925
4.731000000000002,113.40891457767721,257.23163811373774
4.7379999999999995,114.20556199269899,260.85820780136424
4.745000000000001,115.0078055031095,264.53590653282123
4.751999999999999,115.81568441900042,268.2654551488299
4.759,116.62923832660113,272.0475846528625
4.766000000000002,117.44850709021543,275.8830363544077
4.773,118.27353085417627,279.7725620142757
4.780000000000001,119.10435004481398,283.71692399195166
4.786999999999999,119.9410053724343,287.7168953950063
4.7940000000000005,120.78353783331653,291.7732602306441
4.801000000000002,121.63198871171942,295.88681355935677
4.808,122.4863995819053,300.05836165076346
4.815000000000001,123.34681231017868,304.2887221416489
4.821999999999999,124.21326905693448,308.57872419620793
4.829000000000001,125.08581227872756,312.9292086685814
4.836000000000002,125.96448473034994,317.34102826765127
4.843,126.84932946692709,321.8150477241803
4.850000000000001,127.74038984602903,326.35214396030955
4.856999999999999,128.63770952979175,330.95320626142154
4.864000000000001,129.5413324870602,335.6191364504616
4.871000000000002,130.4513029955396,340.3508490646816
4.878,131.36766564396652,345.1492715348996
4.885000000000002,132.29046533429496,350.01534436728593
4.8919999999999995,133.21974728389347,354.95002132768883
4.899000000000001,134.15555702776447,359.9542696285953
4.905999999999999,135.0979404207717,365.0290701186875
4.913,136.04694363989088,370.1754174751129
4.920000000000002,137.00261318646923,375.39432039842626
4.927,137.9649958885052,380.6868018103051
4.934000000000001,138.9341389029447,386.05389905405474
4.940999999999999,139.91008971798846,391.49666409791155
4.948,140.8928961554226,397.01616374125393
4.955000000000002,141.8826063729587,402.6134798236788
4.962,142.879268866595,408.28970943705485
4.969000000000001,143.88293247299404,414.0459651405633
4.975999999999999,144.8936463718724,419.8833751787442
4.9830000000000005,145.91146008841432,425.8030837026585
4.990000000000002,146.9364234956951,431.80625099412515
4.997,147.9685868171262,437.8940536931483
5.004000000000001,149.00800062891796,444.0676850285523
5.010999999999999,150.0547158625541,450.3283550518369
5.018000000000001,151.1087838072915,456.6772908743753
5.025000000000002,152.17025611266988,463.1157369079109
5.032,153.23918479104404,469.64495510847485
5.0390000000000015,154.31562222013412,476.26622522374305
5.045999999999999,155.3996211455885,482.9808450438488
5.053000000000001,156.4912346835725,489.7901306557792
5.060000000000002,157.5905163233673,496.6954167013099
5.067,158.6975199299927,503.69805663860853
5.074000000000002,159.812299746848,510.7994230075279
5.0809999999999995,160.93491039836616,518.0009076986029
5.088000000000001,162.06540689269485,525.3039222258949
5.094999999999999,163.20384462438736,532.7098980036234
5.102,164.35027937712147,540.2202866267576
5.109000000000002,165.50476732642886,547.8365601555071
5.116,166.66736504244946,555.5602114038621
5.123000000000001,167.83812949270512,563.392754232201
5.129999999999999,169.01711804488704,571.3357238439856
5.1370000000000005,170.20438846967127,579.3906770866954
5.144000000000002,171.39999894354568,587.5591927569492
5.151,172.60400805166202,595.8428719099642
5.158000000000001,173.81647479070878,604.243338173382
5.164999999999999,175.0374585717975,612.7622380654744
5.172000000000001,176.26701922337895,621.4012413179009
5.179000000000002,177.50521699417052,630.1620412029513
5.186,178.7521125561101,639.0463548654451
5.193000000000001,180.0077670073309,648.0559236593106
5.199999999999999,181.27224187515105,657.1925134888654
5.207000000000001,182.54559911909334,666.4579151549747
5.214000000000002,183.82790113391684,675.853944706022
5.221,185.11921075267622,685.3824437938752
5.2280000000000015,186.4195912498025,695.0452800348688
5.234999999999999,187.72910634419884,704.8443473758305
5.242000000000001,189.04782020236823,714.7815664653389
5.248999999999999,190.37579744155227,724.8588850301388
5.256,191.7131031329027,735.0782782569397
5.263000000000002,193.05980280466528,745.4417491795249
5.27,194.41596244539272,755.9513290713671
5.277000000000001,195.78164850718017,766.6090778437808
5.283999999999999,197.15692790891643,777.4170844496334
5.291,198.54186803956884,788.3774672928313
5.298000000000002,199.93653676148017,799.4923746434943
5.305,201.34100241369615,810.76398505904
5.312000000000001,202.75533381531613,822.1945078112055
5.318999999999999,204.17960026886038,833.7861833190323
5.3260000000000005,205.61387156367155,845.5412835880404
5.333000000000002,207.0582179793293,857.462112655509
5.34,208.51271028909628,869.551007042092
5.347000000000001,209.97741976338813,881.810336209802
5.353999999999999,211.4524181732607,894.2425030263902
5.361000000000001,212.9377777939327,906.8499442363651
5.368000000000002,214.43357140832197,919.6351309385583
5.375,215.9398723106141,932.6005690704866
5.3820000000000014,217.4567543098563,945.7487998995442
5.388999999999999,218.98429173356845,959.0824005210524
5.396000000000001,220.5225594313915,972.603984363432
5.403000000000002,222.07163277874963,986.3162017003965
5.41,223.63158768054606,1000.2217401704353
5.417000000000002,225.20250057488465,1014.3233253036185
5.4239999999999995,226.78444843680992,1028.623721055762
5.431000000000001,228.3775087820853,1043.125730350229
5.437999999999999,229.9817596709848,1057.832195627252
5.445,231.59727971212456,1072.7459994011213
5.452000000000002,233.22414806630906,1087.8700648251129
5.459,234.8624444504123,1103.2073562644603
5.466000000000001,236.51224914128662,1118.7608798774006
5.472999999999999,238.17364297969024,1134.5336842043391
5.48,239.84670737425537,1150.5288607654338
5.487000000000002,241.53152430547124,1166.7495446664889
5.494,243.22817632970373,1183.198915213469
5.501000000000001,244.93674658324323,1199.8801965356784
5.507999999999999,246.65731878637226,1216.7966582176414
5.515000000000001,248.38997724747483,1233.9516159400214
5.522000000000002,250.13480686716127,1251.3484321294413
5.529,251.89189314243123,1268.99051661756
5.536000000000001,253.6613221708655,1286.8813273094327
5.542999999999999,255.44318065483873,1305.0243708612115
5.550000000000001,257.23755590577497,1323.4232033675341
5.557000000000002,259.0445358484196,1342.0814310584633
5.564,260.8642090251505,1361.0027110063484
5.5710000000000015,262.6966646003192,1380.190751842652
5.577999999999999,264.5419923646137,1399.6493144847866
5.585000000000001,266.4002827394655,1419.3822128733434
5.592000000000002,268.2716267814739,1439.3933147195687
5.599,270.15611618687046,1459.6865422634771
5.606000000000002,272.0538432960149,1480.265873042653
5.6129999999999995,273.9649010979134,1501.1353406717897
5.620000000000001,275.8893832347826,1522.2990356333748
5.626999999999999,277.82738400663027,1543.761106079352
5.634,279.778998375884,1565.525758644258
5.641000000000002,281.7443219720373,1587.5972592696605
5.648,283.72345109633875,1609.9799340403304
5.655000000000001,285.7164827265133,1632.6781700321992
5.661999999999999,287.7235145215076,1655.6964161721637
5.6690000000000005,289.74464482628326,1679.0391841101807
5.676000000000002,291.77997267662863,1702.7110491034832
5.683,293.8295978040145,1726.7166509133785
5.690000000000001,295.8936206404843,1751.0606947146969
5.696999999999999,297.97214232356794,1775.7479520179327
5.704000000000001,300.06526470124584,1800.7832616045746
5.711000000000002,302.1730903369322,1826.1715304754357
5.718,304.29572251450395,1851.9177348124797
5.725000000000001,306.4332652433646,1878.0269209542048
5.731999999999999,308.58582326353337,1904.504206384653
5.739000000000001,310.7535020507861,1931.3547807365583
5.746000000000002,312.93640782181603,1958.5839068084395
5.753,315.13464753944163,1986.1969215961622
5.760000000000002,317.348328917851,2014.199237339051
5.7669999999999995,319.57756042787247,2042.5963425806096
5.774000000000001,321.8224513022983,2071.3938032444034
5.780999999999999,324.08311154122816,2100.597263724883
5.788,326.35965191746845,2130.2124479938234
5.795000000000002,328.65218398195196,2160.2451607221365
5.802,330.96082006920733,2190.7012884176447
5.809000000000001,333.2856733028671,2221.5868005789093
5.815999999999999,335.6268576012026,2252.907750865158
5.823,337.98448768271516,2284.670278282949
5.830000000000002,340.35867907174935,2316.8806083893214
5.837,342.74954810415704,2349.545054512077
5.844000000000001,345.1572119330017,2382.670018987261
5.850999999999999,347.5817885342901,2416.2619944139196
5.8580000000000005,350.0233967127634,2450.3275649268103
5.865000000000002,352.48215610770956,2484.8734074867943
5.872,354.95818719882965,2519.906293189588
5.879000000000001,357.4516113121451,2555.433088592977
5.885999999999999,359.9625506259338,2591.4607570625585
5.893000000000001,362.49112817672705,2627.9963601367267
5.900000000000002,365.0374678653296,2665.0470589106303
5.907,367.60169446289416,2702.6201154398195
5.9140000000000015,370.1839336170399,2740.7228941637
5.920999999999999,372.7843118579993,2779.362863348841
5.928000000000001,375.40295660482906,2818.5475965529436
5.935000000000002,378.0399961716445,2858.284774109139
5.942,380.6955597739106,2898.582184631423
5.949000000000002,383.36977753477794,2939.4477265413025
5.9559999999999995,386.0627804914492,2980.889409615778
5.963000000000001,388.77470060161073,3022.9153565574416
5.969999999999999,391.5056707498878,3065.5338045863914
5.977,394.2558247543669,3108.7531070549217
5.984000000000002,397.0252973731432,3152.581735084656
5.991,399.81422431092756,3197.028279226974
5.998000000000001,402.62274222570085,3242.101451146863
6.004999999999999,405.4509887354001,3287.8100853302703
6.0120000000000005,408.2991024246728,3334.163140815869
6.019000000000002,411.16722285165844,3381.169702950907
6.026,414.0554905548301,3428.8389851720203
6.033000000000001,416.9640470598862,3477.18033081118
6.039999999999999,419.8930348866744,3526.20321492684
6.047000000000001,422.8425975561873,3575.917246161275
6.054000000000002,425.81287959758436,3626.3321686237377
6.061,428.80402655527837,3677.4578638003977
6.068000000000001,431.8161849960718,3729.3043524912346
6.074999999999999,434.84950251632785,3781.881796773956
6.082000000000001,437.90412774921504,3835.200501996017
6.089000000000002,440.9802103719794,3889.2709187943046
6.096,444.07790111328336,3944.1036451435816
6.1030000000000015,447.1973517605962,3999.709428433808
6.109999999999999,450.33871516762053,4056.0991675764653
6.117000000000001,453.5021452617952,4113.283915141008
6.123999999999999,456.68779705182436,4171.274879520966
6.131,459.8958266352865,4230.08342713107
6.138000000000002,463.12639120627136,4289.721084634886
6.145,466.37964906308775,4350.199541204178
6.152000000000001,469.6557596160248,4411.530650810105
6.158999999999999,472.95488339515185,4473.726434546434
6.166,476.27718205819747,4536.799082985947
6.173000000000002,479.62281839845923,4600.760958569628
6.18,482.9919563527855,4665.624598029821
6.187000000000001,486.38476100961356,4731.402714847578
6.193999999999999,489.801398617047,4798.108201744308
6.2010000000000005,493.2420365910157,4865.754133209057
6.208000000000002,496.706843523467,4934.353768060919
6.215,500.19598919063213,5003.9205520479
6.222000000000001,503.70964456135044,5074.46812048244
6.228999999999999,507.2479818054345,5146.010300913728
6.236000000000001,510.81117430212083,5218.5611158382335
6.243000000000002,514.399396648553,5292.134785447906
6.25,518.012824668342,5366.745730417489
6.2570000000000014,521.6516354201875,5442.408574731126
6.263999999999999,525.3160072065407,5519.138148548446
6.271000000000001,529.0061195823561,5596.94949111164
6.278000000000002,532.7221533638765,5675.857853692911
6.285,536.4642906374987,5755.878702583894
6.292000000000002,540.232714768702,5837.027722127234
6.2989999999999995,544.0276104110186,5919.320817790461
6.306000000000001,547.8491635150983,6002.774119283858
6.312999999999999,551.6975613378041,6087.403983721603
6.32,555.572992451403,6173.226998828135
6.327000000000002,559.4756467527931,6260.259986189122
6.334,563.405715472814,6348.520004548669
6.341000000000001,567.3633911856234,6438.024353153015
6.347999999999999,571.3488678181191,6528.79057514093
6.355,575.3623406594573,6620.836460982589
6.362000000000002,579.4040063706086,6714.180051966246
6.369,583.4740629939992,6808.839643734506
6.376000000000001,587.5727099632221,6904.833789870495
6.382999999999999,591.700148112795,7002.18130553407
6.390000000000001,595.856579688017,7100.901271150043
6.397000000000002,600.0422083548648,7201.013036147659
6.404,604.2572392099785,7302.536222753304
6.411000000000001,608.5018787907177,7405.490729836666
6.417999999999999,612.7763350852667,7509.896736810622
6.425000000000001,617.0808175428436,7615.7747075868865
6.432000000000002,621.415537083948,7723.145394586632
6.439,625.7807061107023,7832.029842808184
6.4460000000000015,630.1765385172669,7942.449393952086
6.452999999999999,634.6032497003044,8054.42569060374
6.460000000000001,639.0610565695533,8167.980680475876
6.467000000000002,643.5501775584398,8283.136620709989
6.474,648.0708326347883,8399.916082238955
6.481000000000002,652.6232433116065,8518.341954211208
6.4879999999999995,657.2076326579239,8638.437448476654
6.495000000000001,661.8242253097404,8760.226104136762
6.501999999999999,666.473247481015,8883.731792157807
6.509,671.154926974769,9008.978720050149
6.516000000000002,675.8694931942317,9135.991436612552
6.523,680.6171771540891,9264.794836744013
6.530000000000001,685.3982114918098,9395.414166323431
6.536999999999999,690.2128304790282,9527.875027157434
6.5440000000000005,695.0612700330427,9662.203381998926
6.551000000000002,699.9437677283593,9798.425559635427
6.558,704.8605628083394,9936.56826004978
6.565000000000001,709.8118961969308,10076.658559653648
6.571999999999999,714.7980105104549,10218.723916594088
6.579000000000001,719.8191500695161,10362.792176136012
6.586000000000002,724.8755609109547,10508.891576119424
6.593,729.9674907999112,10657.050752494368
6.600000000000001,735.0951892419739,10807.298744933869
6.606999999999999,740.2589074953875,10959.665002525293
6.614000000000001,745.4588985833847,11114.17938954306
6.621000000000002,750.6954173065666,11270.872191301603
6.628,755.9687202553957,11429.774120091617
6.635000000000002,761.279065822777,11590.916321200002
6.6419999999999995,766.6267142167005,11754.330379013893
6.649000000000001,772.0119274730129,11920.048323211928
6.655999999999999,777.4349694682355,12088.102635041527
6.663,782.8961059325169,12258.526253685975
6.670000000000002,788.3956044626337,12431.352582720032
6.677,793.9337345351115,12606.61549665738
6.684000000000001,799.5107675194375,12784.349347590402
6.690999999999999,805.1269766913382,12964.588971922694
6.698,810.7826372461923,13147.369697197813
6.705000000000002,816.4780263124959,13332.727349022975
6.712,822.2134229654497,13520.69825809123
6.719000000000001,827.9891082406433,13711.319267302715
6.725999999999999,833.8053651478049,13904.627738985284
6.7330000000000005,839.6624786846924,14100.661562218429
6.740000000000002,845.5607358510382,14299.459160258984
6.747,851.5004256626206,14501.059498072482
6.754000000000001,857.4818391654348,14705.502089970734
6.760999999999999,863.5052694499333,14912.827007356038
6.768000000000001,869.5710116654111,15123.07488657613
6.775000000000002,875.6793630344475,15336.286936888315
6.782,881.8306228674786,15552.504948536905
6.7890000000000015,888.0250925774732,15771.771300944596
6.795999999999999,894.2630756946803,15994.12897101819
6.803000000000001,900.544877881527,16219.621541573086
6.810000000000002,906.8708069475742,16448.29320987489
6.817,913.2411728646088,16680.188796302526
6.824000000000002,919.6562877818415,16915.353753133546
6.8309999999999995,926.1164660411804,17153.8341734521
6.838000000000001,932.6220241926594,17395.67680018427
6.844999999999999,939.173281009923,17640.92903525888
6.852,945.7705575058726,17889.63894889938
6.859000000000002,952.4141769483733,18141.85528904495
6.866,959.1044648761035,18397.62749090554
6.873000000000001,965.8417491145173,18657.005686651803
6.879999999999999,972.6263597918834,18920.040715240204
6.8870000000000005,979.4586293554893,19186.784132378674
6.894000000000002,986.3388925879074,19457.288220630788
6.901,993.267486623409,19731.60599966368
6.908000000000001,1000.2447509644953,20009.791236640507
6.914999999999999,1007.2710274985079,20291.898456757997
6.922000000000001,1014.34666051441,20577.982953934716
6.929000000000002,1021.4719967196316,20868.100801647823
6.936,1028.6473852570687,21162.308863924085
6.943000000000001,1035.8731777222024,21460.66480648587
6.949999999999999,1043.1497281803022,21763.227108052768
6.957000000000001,1050.4773931838038,22070.0550718048
6.964000000000002,1057.8565317897549,22381.208837004975
6.971,1065.2875055774196,22696.749390787212
6.9780000000000015,1072.7706786660078,23016.738580110537
6.984999999999999,1080.306417732491,23341.239123880143
6.992000000000001,1087.8950920295983,23670.314625241765
6.999000000000002,1095.5370734038854,24004.029584047003
7.006,1103.2327363139643,24342.44940949594
7.013000000000002,1110.9824578488654,24685.64043295812
7.02,1118.7866177464866,25033.669920972465
7.027000000000001,1126.6455984122322,25386.606088433135
7.033999999999999,1134.5597849377193,25744.518111958478
7.041,1142.5295651196795,26107.476143451284
7.048000000000002,1150.555329478932,26475.551323847474
7.055,1158.637471279532,26848.81579706057
7.062000000000001,1166.7763865480533,27227.34272412265
7.068999999999999,1174.9724740929644,27611.206297522836
7.0760000000000005,1183.2261355242028,28000.481755750785
7.083000000000002,1191.5377752728261,28395.24539804232
7.09,1199.907800610841,28795.574599334912
7.097000000000001,1208.336621671172,29201.547825434023
7.103999999999999,1216.8246514677287,29613.24464839119
7.111000000000001,1225.3723059156787,30030.745762102153
7.118000000000002,1233.9800038517953,30454.13299812154
7.125,1242.6481670549958,30883.489341702814
7.1320000000000014,1251.3772202670198,31318.898948064267
7.138999999999999,1260.1675912132125,31760.447158882205
7.146000000000001,1269.0197106235182,32208.220519019957
7.153000000000002,1277.9340122535546,32662.306793489362
7.16,1286.9109329058804,33122.794984653665
7.167000000000002,1295.9509124514132,33589.77534967301
7.1739999999999995,1305.05439385095,34063.33941819341
7.181000000000001,1314.2218231769102,34543.58001028884
7.187999999999999,1323.453649635156,35030.59125465228
7.195,1332.7503255870397,35524.46860704721
7.202000000000002,1342.1123065715387,36025.30886901552
7.209,1351.54005132759,36533.21020685169
7.216000000000001,1361.034021816582,37048.27217084441
7.222999999999999,1370.5946832449588,37570.59571478698
7.23,1380.2225040870533,38100.283215766714
7.237000000000002,1389.917956108008,38637.438494229245
7.244,1399.6815143869067,39182.16683432849
7.251000000000001,1409.513657340069,39734.57500456354
7.257999999999999,1419.4148667444565,40294.771278703665
7.265000000000001,1429.385627761321,40862.86545701252
7.272000000000002,1439.4264289599428,41438.96888776746
7.279,1449.5377623415843,42023.19448908495
7.286000000000001,1459.7201233636144,42615.65677105372
7.292999999999999,1469.9740109637503,43216.47185817712
7.300000000000001,1480.2999275845464,43825.75751213626
7.307000000000002,1490.6983791979778,44443.63315486957
7.314,1501.1698753302492,45070.21989198072
7.3210000000000015,1511.7149290867767,45705.64053647676
7.327999999999999,1522.3340571772935,46350.01963283759
7.335000000000001,1533.0277799412115,47003.48348142959
7.342000000000002,1543.7966213730804,47666.16016325876
7.349,1554.6411091482796,48338.17956507586
7.356000000000002,1565.561774648891,49019.6734048357
7.3629999999999995,1576.5591529896978,49710.77525751188
7.370000000000001,1587.6337830444506,50411.62058128067
7.376999999999999,1598.7862074722264,51122.3467440685
7.384,1610.016972744065,51843.09305047926
7.391000000000002,1621.3266291697062,52574.000769096034
7.398,1632.7157309245717,53315.21316017117
7.405000000000001,1644.1848360769384,54066.87550370698
7.411999999999999,1655.7345066152413,54829.13512792833
7.4190000000000005,1667.3653084756597,55602.14143816264
7.426000000000002,1679.077811569806,56386.04594612098
7.433,1690.8725898126693,57181.00229959606
7.440000000000001,1702.7502211507554,57987.16631257893
7.446999999999999,1714.7112875903645,58804.69599579611
7.454000000000001,1726.756375226157,59633.75158768353
7.461000000000002,1738.8860742698314,60474.49558579091
7.468,1751.1009790790617,61327.09277863298
7.475000000000001,1763.4016881866396,62191.71027798981
7.481999999999999,1775.7888043297605,63068.51755165841
7.489000000000001,1788.262934479606,63957.686456672236
7.496000000000002,1800.8246898710431,64859.39127298277
7.503,1813.4746860325934,65773.80873762026
7.510000000000002,1826.213542816612,66701.11807933604
7.5169999999999995,1839.041884429618,67641.5010537288
7.524000000000001,1851.9603394629296,68595.14197887298
7.530999999999999,1864.9695409234153,69562.22777144189
7.538,1878.0701262645628,70542.94798334781
7.545000000000002,1891.2627374176684,71537.49483889145
7.552,1904.5480208233116,72546.06327243986
7.559000000000001,1917.9266274630509,73568.85096663584
7.565999999999999,1931.3992128912746,74606.0583911407
7.573,1944.9664372673785,75657.88884193118
7.580000000000002,1958.6289653880644,76724.5484811424
7.587,1972.387466719937,77806.24637747782
7.594000000000001,1986.2426154323284,78903.19454718914
7.600999999999999,2000.1950904302837,80015.60799562822
7.6080000000000005,2014.2455753878835,81143.70475939332
7.615000000000002,2028.394758781695,82287.70594906101
7.622,2042.6433339245282,83447.83579252624
7.629000000000001,2056.9919989994305,84624.32167895346
7.635999999999999,2071.441457093847,85817.39420334161
7.643000000000001,2085.99241623413,87027.28721172607
7.650000000000002,2100.6455894201813,88254.23784700922
7.657,2115.4016946604115,89498.48659544282
7.6640000000000015,2130.261455006945,90760.27733376615
7.670999999999999,2145.2255985909974,92039.85737700206
7.678000000000001,2160.294858658612,93337.47752693667
7.685000000000002,2175.4699736065413,94653.3921212729
7.692,2190.7516870184454,95987.8590834833
7.699000000000002,2206.140747701355,97341.13997336588
7.7059999999999995,2221.6379097223066,98713.50003830601
7.713000000000001,2237.2439324453558,100105.20826527118
7.719999999999999,2252.9595805687227,101516.53743352789
7.727,2268.7856241623263,102947.76416811273
7.734000000000002,2284.7228387054606,104399.16899404676
7.741,2300.772005124819,105871.03639132158
7.748000000000001,2316.9339098327837,107363.6548506606
7.754999999999999,2333.2093447659026,108877.31693005866
7.7620000000000005,2349.59910742376,110412.31931213058
7.769000000000002,2366.104000907998,111968.96286225671
7.776,2382.724833961691,113547.55268755535
7.783000000000001,2399.462421009,115148.39819668744
7.789999999999999,2416.317582195024,116771.81316049614
7.797000000000001,2433.2911434260495,118418.11577351304
7.804000000000002,2450.383936409965,120087.6287163199
7.811,2467.5967986970372,121780.67921879733
7.818000000000001,2484.93057372098,123497.5991242656
7.824999999999999,2502.3861108402207,125238.72495452092
7.832000000000001,2519.964265379588,127004.39797580175
7.839000000000002,2537.6658986721627,128794.96426567192
7.846,2555.4918781015085,130610.77478085551
7.8530000000000015,2573.4430771442026,132452.18542602845
7.859999999999999,2591.520375412572,134319.55712357035
7.867000000000001,2609.724658697866,136213.25588431384
7.874000000000002,2628.0568190135996,138133.6528792776
7.881,2646.517754639287,140081.12451241945
7.888000000000002,2665.108370164486,142056.05249441607
7.895,2683.829576533058,144058.8239174723
7.902000000000001,2702.6822910878805,146089.8313312007
7.908999999999999,2721.667437615719,148149.47281955427
7.916,2740.7859463925715,150238.15207886047
7.923000000000002,2760.038754229184,152356.27849693975
7.93,2779.4268045169824,154504.26723334967
7.937000000000001,2798.95104727433,156682.5393007614
7.943999999999999,2818.612439193008,158891.52164747115
7.9510000000000005,2838.411943685175,161131.6472410931
7.958000000000002,2858.350530930503,163403.35515341375
7.965,2878.429177923745,165707.09064645536
7.972000000000001,2898.6488685226423,168043.3052597519
7.978999999999999,2919.0105934960593,170412.4568988443
7.986000000000001,2939.5153505726144,172815.0099250408
7.993000000000002,2960.1641444894963,175251.43524642463
8.0,2980.9579870417283,177722.21041015745
